date,DCoVaR_BTC_USDe,DCoVaR_BTC_USDC,DCoVaR_ETH_USDe,DCoVaR_ETH_USDC
2024-02-21,-0.0007370215445732971,-0.0002225929987189982,-0.0007678614108390846,-0.00022460656791866568
2024-02-22,-0.000747428914710008,-0.0002218953810880419,-0.0007369789856007427,-0.00022916413456161087
2024-02-23,-0.0007524846029292525,-0.00022155649266646823,-0.0007727717162316463,-0.00022388191485495397
2024-02-24,-0.0005924791947328884,-0.00023228183368344694,-0.0006869883928094369,-0.00023654164641206753
2024-02-25,-0.0006692854301717183,-0.00022713342603524516,-0.0006542969451978993,-0.00024136618496414187
2024-02-26,-0.0003834475861499297,-0.00024629345560705384,-0.0006929886195829741,-0.00023565614492757832
2024-02-27,-0.0004215130678528757,-0.00024374188390181105,-0.000694407179779524,-0.00023544679664670628
2024-02-28,-0.00016238253285140209,-0.0002611116927547227,-0.0006475977851473269,-0.00024235483362585163
2024-02-29,-0.0008097458062624652,-0.0002177182103251766,-0.0007648971242363767,-0.0002250440314156665
2024-03-01,-0.0005711168590712786,-0.00023371377487513934,-0.0006794635054667891,-0.00023765215425852363
2024-03-02,-0.0007256721513702858,-0.00022335376120703043,-0.000745442125016268,-0.00022791516134797527
2024-03-03,-0.0005822514874858006,-0.00023296740831047592,-0.0006953686624591312,-0.00023530490295297827
2024-03-04,-0.0002325982374757225,-0.00025640505573955964,-0.0006548302443172176,-0.00024128748174513754
2024-03-05,-0.0010845164943783354,-0.00019930002456050583,-0.0007817516055468836,-0.00022255668072309397
2024-03-06,-0.0004819347799610695,-0.0002396917491313989,-0.0005862005199855385,-0.0002514157194050557
2024-03-07,-0.0006162012093377084,-0.00023069172057968104,-0.0007072170150553849,-0.00023355634673856882
2024-03-08,-0.0005697514373261641,-0.00023380530061800907,-0.0007278202432400852,-0.0002305157634687356
2024-03-09,-0.0006706327325967486,-0.00022704311485061495,-0.0007248209651739476,-0.00023095839093602966
2024-03-10,-0.0006435987174174401,-0.00022885523504782997,-0.0007559607325318745,-0.00022636284625700105
2024-03-11,-0.0004327672874089928,-0.000242987501009508,-0.0006390932879007485,-0.0002436099103456004
2024-03-12,-0.0007392732462646576,-0.00022244206464257804,-0.0007826199150681134,-0.0002224285373380079
2024-03-13,-0.0005591243950958276,-0.00023451764311447216,-0.0007236115636901322,-0.00023113687199177661
2024-03-14,-0.0008226565579069228,-0.0002168527882389282,-0.0008033845312643747,-0.00021936413674772837
2024-03-15,-0.0008513517568708823,-0.0002149293170393746,-0.0008193608857634685,-0.00021700637825632153
2024-03-16,-0.001038980967047891,-0.00020235232175790812,-0.0008609056307539514,-0.00021087528775753486
2024-03-17,-0.00042107292900813315,-0.00024377138689960282,-0.000667048337896083,-0.00023948435989490526
2024-03-18,-0.0007591812706418378,-0.00022110760755874283,-0.000810756195630233,-0.000218276241242193
2024-03-19,-0.0011918399125057195,-0.00019210601611104554,-0.0009653927433102432,-0.00019545528835240454
2024-03-20,-0.00015187143502747003,-0.0002618162633682743,-0.0005122459580527317,-0.00026232978596418447
2024-03-21,-0.0008977238271953373,-0.00021182094543181792,-0.000749725871244834,-0.00022728297463441642
2024-03-22,-0.0008408700888698362,-0.00021563191493906565,-0.0008359015085936837,-0.00021456534617147956
2024-03-23,-0.0006617864957275732,-0.00022763608797701353,-0.0007356039457185201,-0.00022936706020140667
2024-03-24,-0.00040767120137621125,-0.00024466971965403465,-0.0006641090488527621,-0.0002399181343020131
2024-03-25,-0.00045747233253330796,-0.00024133149427332974,-0.0006558524598255002,-0.0002411366252218401
2024-03-26,-0.0006850572571593773,-0.00022607622287686296,-0.0007394275248281409,-0.00022880278403228528
2024-03-27,-0.0007316752183449724,-0.00022295136893056274,-0.0007894589191627833,-0.00022141925077154563
2024-03-28,-0.0005809489457668469,-0.00023305471913504175,-0.0007008920808962795,-0.00023448976789056352
2024-03-29,-0.0007576160948848877,-0.00022121252303587593,-0.0007669579868090012,-0.00022473989343284296
2024-03-30,-0.0007079981680038481,-0.00022453846802956994,-0.0007397626072990993,-0.00022875333323039748
2024-03-31,-0.0005487846671389261,-0.00023521072661465274,-0.0006549488548807025,-0.0002412699774350496
2024-04-01,-0.0008214091675967507,-0.0002169364022030353,-0.0008216878570108089,-0.00021666296848671558
2024-04-02,-0.0010521414292020514,-0.00020147016129761175,-0.000879183690542115,-0.0002081778481961863
2024-04-03,-0.0006404265757165678,-0.000229067867244951,-0.0007155395748205107,-0.0002323281199889947
2024-04-04,-0.0004697817789025017,-0.00024050637835051176,-0.0007256282410266657,-0.0002308392547778553
2024-04-05,-0.0007444594049622159,-0.00022209443063928724,-0.0007445195490969283,-0.0002280513132597217
2024-04-06,-0.0005978234251527306,-0.00023192360395626313,-0.0007151266525467314,-0.00023238905823353285
2024-04-07,-0.0006483945276522455,-0.00022853376653747887,-0.0006758968296614407,-0.00023817851715104908
2024-04-08,-0.0005011204810094896,-0.00023840571018613035,-0.0005947001722804447,-0.0002501613576935991
2024-04-09,-0.0008924848764891169,-0.00021217211814234525,-0.0008488596681411259,-0.00021265300686355303
2024-04-10,-0.0005673894044724221,-0.00023396363031533157,-0.0007143563328664043,-0.00023250274047358904
2024-04-11,-0.0007308666521096953,-0.0002230055680273678,-0.0007604764839511619,-0.00022569642068072138
2024-04-12,-0.000929162266166331,-0.00020971359179417352,-0.0009014418826907076,-0.00020489302864960669
2024-04-13,-0.0009857430431655227,-0.00020592091918915001,-0.0008983065370102809,-0.00020535573670368382
2024-04-14,-0.0005160994879072274,-0.0002374016506428632,-0.0006333289916205967,-0.00024446059367904066
2024-04-15,-0.0008947846686046125,-0.0002120179605111446,-0.0007747457035296527,-0.00022359059775166435
2024-04-16,-0.000652363400858741,-0.00022826772853868464,-0.0007488159950989738,-0.00022741725233895482
2024-04-17,-0.0009221605904693188,-0.0002101829219273687,-0.0008070846291105257,-0.00021881808369687164
2024-04-18,-0.00047995767111333785,-0.00023982427694316876,-0.0006807563365066966,-0.00023746136083550154
2024-04-19,-0.0006573815666239512,-0.00022793135528906578,-0.0007420899497911622,-0.0002284098686732368
2024-04-20,-0.0005840249864355327,-0.00023284852869732064,-0.0006707005034417459,-0.0002389453805972314
2024-04-21,-0.0006935008321252486,-0.0002255102406270614,-0.0007443593109663229,-0.00022807496088303298
2024-04-22,-0.0005195129474056482,-0.00023717284264455308,-0.0007013190182621208,-0.0002344267613267277
2024-04-23,-0.0007248607664606664,-0.00022340814924272118,-0.0007254464367151026,-0.00023086608509508358
2024-04-24,-0.0008762312216119183,-0.00021326161876170118,-0.0007905812892403213,-0.00022125361363693112
2024-04-25,-0.0006690407134945461,-0.00022714982966712735,-0.0007262498016482727,-0.0002307475261026058
2024-04-26,-0.000753046927233116,-0.00022151879944103882,-0.0007551200958582282,-0.0002264869057385048
2024-04-27,-0.0007180669569810048,-0.0002238635458714672,-0.0006567907852195482,-0.00024099814903406864
2024-04-28,-0.0007154523149232014,-0.00022403880824555433,-0.0007305739214221303,-0.00023010938114186076
2024-04-29,-0.0006210704180820614,-0.00023036533208535,-0.0007682735783975363,-0.00022454574105350834
2024-04-30,-0.0009855842963932288,-0.00020593156016239828,-0.0008750961151336417,-0.00020878108441187872
2024-05-01,-0.0009195572945621046,-0.00021035742375632383,-0.0007674149208715575,-0.00022467246001641082
2024-05-02,-0.0006016913802550498,-0.00023166433061057827,-0.000724425035939184,-0.00023101682138180582
2024-05-03,-0.00032991820184676994,-0.00024988158995546103,-0.0006575350856545751,-0.00024088830666227216
2024-05-04,-0.000595977469738087,-0.0002320473404070954,-0.0007279250148244115,-0.00023050030148755475
2024-05-05,-0.0006748172651485408,-0.00022676262096531116,-0.0007241736037188798,-0.00023105392724675575
2024-05-06,-0.0007665851533510791,-0.00022061131704080692,-0.0007881490311312667,-0.00022161256143132576
2024-05-07,-0.0007637747519555796,-0.00022079970138169327,-0.0007764719645011815,-0.00022333583960491458
2024-05-08,-0.0007949686462457882,-0.00021870873984682136,-0.0007606643526932396,-0.00022566869538694873
2024-05-09,-0.0005139064022479574,-0.000237548655621259,-0.0006936636258872568,-0.00023555652884521322
2024-05-10,-0.0008985215002916335,-0.0002117674765142714,-0.0008270151341085735,-0.00021587677957146315
2024-05-11,-0.0006873696902374471,-0.0002259212179078384,-0.0007361296066056251,-0.00022928948421745848
2024-05-12,-0.0006254456671145457,-0.00023007205426157787,-0.0007250902390604397,-0.00023091865203361443
2024-05-13,-0.0005521504488931547,-0.00023498511450872615,-0.0007226161498819848,-0.00023128377317369246
2024-05-14,-0.0008129394061363714,-0.0002175041397627779,-0.0007867901213386967,-0.00022181310662470322
2024-05-15,-0.0002601721431720668,-0.0002545567460786739,-0.0006262899628832106,-0.0002454993994828159
2024-05-16,-0.0007786756116661404,-0.00021980088013156531,-0.0008022716490790746,-0.00021952837367815423
2024-05-17,-0.000528116460453323,-0.00023659613956669777,-0.000633349277452034,-0.00024445759993654896
2024-05-18,-0.0006970566808449422,-0.00022527188812039676,-0.0007178790006925493,-0.0002319828721907483
2024-05-19,-0.0007450356241333516,-0.00022205580602540316,-0.000772245024066311,-0.00022395964303288386
2024-05-20,-0.00025261811707270984,-0.0002550631008755525,-0.00036570568050520863,-0.000283955907476472
2024-05-21,-0.0007947305314243034,-0.00021872470094895166,-0.0006664251266084347,-0.00023957633217215266
2024-05-22,-0.0007717870036498,-0.00022026263121198425,-0.0007666411236932272,-0.0002247866554586776
2024-05-23,-0.0007882332573343034,-0.00021916022047970723,-0.0007151480751133917,-0.00023238589673392704
2024-05-24,-0.000636839132416092,-0.00022930833757161303,-0.0007655474012263424,-0.00022494806483612262
2024-05-25,-0.0006252876484588302,-0.00023008264642835957,-0.0007248574849123979,-0.0002309530014259609
2024-05-26,-0.0007503061301469675,-0.00022170251812741724,-0.0006947482145088713,-0.0002353964674224124
2024-05-27,-0.0006138714819996466,-0.00023084788480224675,-0.0007013059301105534,-0.0002344286928499983
2024-05-28,-0.0007798235132717491,-0.00021972393500631693,-0.0007656762418642227,-0.0002249290507920854
2024-05-29,-0.0007486561712084083,-0.00022181311671579958,-0.0007801977677676664,-0.00022278599299946
2024-05-30,-0.0006204340523856912,-0.00023040798838792136,-0.0007466242758899396,-0.00022774070188285252
2024-05-31,-0.0007619138065007658,-0.0002209244426316414,-0.0007300368711027466,-0.00023018863795547942
2024-06-01,-0.0006690003301219951,-0.00022715253660964205,-0.0007078223921967836,-0.00023346700638900926
2024-06-02,-0.0006836407440461262,-0.00022617117333113758,-0.0007553864204717404,-0.0002264476020839061
2024-06-03,-0.0005981554948419817,-0.0002319013449545283,-0.0007455504453388931,-0.0002278991756510833
2024-06-04,-0.000540984152860246,-0.00023573360378917912,-0.0007117665029176061,-0.0002328849424054143
2024-06-05,-0.0006453564405041067,-0.0002287374129083759,-0.0007090062792979917,-0.000233292290694894
2024-06-06,-0.000714043127411233,-0.00022413326765660237,-0.0007663808401497398,-0.00022482506758422636
2024-06-07,-0.000804374021393617,-0.00021807828705781764,-0.0008123433400733831,-0.00021804201363487879
2024-06-08,-0.0006905329109108848,-0.00022570918369713882,-0.0007361115249268324,-0.0002292921526755047
2024-06-09,-0.0006589417299204109,-0.00022782677580275134,-0.0007231908564698948,-0.00023119895912316612
2024-06-10,-0.0006987505022745285,-0.0002251583493803069,-0.0007598641530269522,-0.00022578678725566114
2024-06-11,-0.000871953242534639,-0.00021354837647185942,-0.00083660121525808,-0.00021446208485929673
2024-06-12,-0.0006098091091737095,-0.00023112019018484243,-0.0007008093624156123,-0.00023450197531874747
2024-06-13,-0.000814815867813726,-0.00021737835844312265,-0.0007916623897587273,-0.0002210940669814359
2024-06-14,-0.0007524587141771496,-0.00022155822801840373,-0.0007307701591427264,-0.00023008042077095163
2024-06-15,-0.0006717015211451597,-0.0002269714727618508,-0.0006863808615740692,-0.0002366313046585132
2024-06-16,-0.000648401835344461,-0.00022853327669471703,-0.000705145617168513,-0.0002338620395020294
2024-06-17,-0.0007003961121101138,-0.00022504804231714885,-0.0008020298336203542,-0.00021956406032063475
2024-06-18,-0.0008061757846271281,-0.00021795751285818844,-0.0007541456541196059,-0.00022663071190428237
2024-06-19,-0.0007035184662615044,-0.00022483874743501372,-0.0006921184085663653,-0.00023578456893155503
2024-06-20,-0.0006992027003604045,-0.00022512803803812845,-0.0007662368172150698,-0.00022484632220130406
2024-06-21,-0.0007532421988389941,-0.00022150571016744746,-0.0007344469540022094,-0.00022953780672833017
2024-06-22,-0.0006733509661668729,-0.00022686090862188797,-0.0007502356697305219,-0.00022720773959199135
2024-06-23,-0.0007848455291137406,-0.00021938730368175615,-0.0007839418583901235,-0.00022223344758253179
2024-06-24,-0.0009598114167080095,-0.00020765914504049381,-0.0007800444629000487,-0.00022280861742566562
2024-06-25,-0.0005426008380503966,-0.00023562523557727353,-0.0007094401561866191,-0.00023322826001014396
2024-06-26,-0.0007812662402381188,-0.00021962722740822302,-0.0007533767948480827,-0.00022674417862012381
2024-06-27,-0.0006124009676796952,-0.00023094645501765143,-0.0006908090364600648,-0.00023597780345212206
2024-06-28,-0.0008094644257922875,-0.00021773707157200686,-0.0007814728907884767,-0.00022259781289053253
2024-06-29,-0.0006332697880900555,-0.00022954759470382682,-0.0007378596491654848,-0.00022903416799145487
2024-06-30,-0.0005196265887227763,-0.0002371652251402852,-0.0007002990120041216,-0.0002345772918132803
2024-07-01,-0.0006714376639052002,-0.00022698915940701025,-0.0007328677892799783,-0.00022977085670436705
2024-07-02,-0.0007637645976074797,-0.0002208003820389748,-0.0007521997050093016,-0.00022691789118782456
2024-07-03,-0.0008632449082296062,-0.00021413210583553634,-0.0008150642127490536,-0.00021764047267912052
2024-07-04,-0.0010034413941956972,-0.0002047345789749251,-0.0008959556202805181,-0.00020570268029976532
2024-07-05,-0.0007195877875152859,-0.00022376160290408213,-0.0007884094375223751,-0.0002215741311761704
2024-07-06,-0.0005221559257519996,-0.00023699568085743197,-0.000676240387711812,-0.00023812781554007772
2024-07-07,-0.0009364584060033613,-0.00020922452340116222,-0.00083590657303259,-0.00021456459877169972
2024-07-08,-0.0005993979394683199,-0.0002318180625051261,-0.0006740714237242058,-0.00023844790691384033
2024-07-09,-0.0005558182412857225,-0.00023473925829278191,-0.0007060237507151306,-0.0002337324463068957
2024-07-10,-0.0007141402923542096,-0.0002241267545820753,-0.0007113171662028873,-0.00023295125462042486
2024-07-11,-0.0007274593475483736,-0.00022323396345337758,-0.0007387258756503305,-0.00022890633201671845
2024-07-12,-0.0006317409993225614,-0.00022965007112046257,-0.0007145519885045898,-0.0002324738660052396
2024-07-13,-0.0005557311729586542,-0.00023474509457988067,-0.0007086730648550693,-0.0002333414658169348
2024-07-14,-0.0005373505478294139,-0.00023597716838812601,-0.0006935020886464735,-0.00023558036818861015
2024-07-15,-0.0003111521909677163,-0.00025113949660046127,-0.0005835865098955882,-0.0002518014897938233
2024-07-16,-0.0006672352901101624,-0.00022727084921075292,-0.0007654557735844658,-0.00022496158706052587
2024-07-17,-0.0007751296767256696,-0.00022003856810654863,-0.0007712545614260685,-0.00022410581353132802
2024-07-18,-0.0007005411052450783,-0.00022503832326555462,-0.0007142249209658021,-0.00023252213397944387
2024-07-19,-0.00044499969637487396,-0.0002421675489897787,-0.0006890732649789111,-0.0002362339651408893
2024-07-20,-0.0006482353699098282,-0.00022854443505851302,-0.0007292986438135164,-0.00023029758406454762
2024-07-21,-0.0006026698971403643,-0.00023159873953210056,-0.0007270925128593016,-0.0002306231604650181
2024-07-22,-0.0007360191725652595,-0.0002226601888329654,-0.0007956027826860761,-0.00022051255166237718
2024-07-23,-0.0008312194014055995,-0.00021627881128631407,-0.0007121048931210604,-0.00023283500345497047
2024-07-24,-0.0007364500807266626,-0.00022263130457817585,-0.0008275744670020227,-0.00021579423434006333
2024-07-25,-0.0006516935988526508,-0.00022831262611439882,-0.0008423722123022114,-0.0002136104126404901
2024-07-26,-0.0005025435393871567,-0.00023831032099547988,-0.0006710392945766475,-0.00023889538247812527
2024-07-27,-0.000695881086782096,-0.00022535068950194813,-0.0007557707161984346,-0.00022639088848801814
2024-07-28,-0.0006498009576818003,-0.00022843949196355332,-0.0007220038318491234,-0.00023137413784615274
2024-07-29,-0.0008105553534372165,-0.00021766394547490425,-0.0007060358114366784,-0.00023373066640969552
2024-07-30,-0.0007413314554730203,-0.00022230410058315776,-0.0007642087177087588,-0.0002251456250762305
2024-07-31,-0.0008274675297069835,-0.00021653030343194343,-0.0007681402433353984,-0.00022456541837570198
2024-08-01,-0.0006216913118019944,-0.0002303237128866201,-0.00075693919127644,-0.00022621844726950855
2024-08-02,-0.0010476610271000762,-0.00020177048764894294,-0.0008844597259090276,-0.00020739922143324073
2024-08-03,-0.0007571606316149581,-0.00022124305324698422,-0.0007966315535225629,-0.00022036072771683467
2024-08-04,-0.0009373190980143001,-0.00020916683025546195,-0.0009012822537663442,-0.0002049165863674774
2024-08-05,-0.0011137474618292233,-0.00019734064020155827,-0.000960159069622236,-0.00019622766346337573
2024-08-06,-0.00047244722888350153,-0.00024032771026465032,-0.000701520730596168,-0.0002343969930232985
2024-08-07,-0.0007924326309072339,-0.00021887873178419955,-0.0008449100089492662,-0.00021323588967942308
2024-08-08,-2.389556786823628e-05,-0.00027039462851666897,-0.00044557058705881096,-0.0002721696040614565
2024-08-09,-0.0007658572385121545,-0.00022066010998453793,-0.0008043271171946994,-0.00021922503179852172
2024-08-10,-0.0006812142371687842,-0.00022633382479419063,-0.0007290005793329773,-0.0002303415718253361
2024-08-11,-0.0009029046476027484,-0.0002114736692600712,-0.0007838272347159374,-0.00022225036351545903
2024-08-12,-0.0006251837784192153,-0.0002300896089529947,-0.0006005663225127351,-0.00024929564295730964
2024-08-13,-0.0005663169777219667,-0.0002340355162768376,-0.0007535759730262779,-0.00022671478430235446
2024-08-14,-0.0008691217747227541,-0.00021373817291813824,-0.0007694807384975922,-0.0002243675907767005
2024-08-15,-0.0008046652598873532,-0.00021805876501667038,-0.0008122818889967384,-0.0002180510824620492
2024-08-16,-0.0005548139682295696,-0.0002348065758361251,-0.0007185691651505791,-0.0002318810190983248
2024-08-17,-0.0006302481538727387,-0.0002297501382164156,-0.0007201386170812575,-0.00023164940251666833
2024-08-18,-0.000785128034492225,-0.0002193683670310671,-0.0007384018291657039,-0.0002289541541497828
2024-08-19,-0.0005883798606241291,-0.00023255661662206496,-0.0007182000688674103,-0.00023193548959069132
2024-08-20,-0.0007344227769371756,-0.00022276719701289015,-0.0007894229549013781,-0.00022142455830542144
2024-08-21,-0.0004791107571087429,-0.00023988104653373276,-0.0006901934471092092,-0.00023606865089915898
2024-08-22,-0.0007630231890624828,-0.00022085007948087775,-0.0007442213467846217,-0.00022809532136144718
2024-08-23,-0.000342021217917285,-0.0002490703112858617,-0.0006266192413727796,-0.0002454508052209107
2024-08-24,-0.0006798186585439239,-0.00022642737198635341,-0.0007336739524617066,-0.00022965188475195528
2024-08-25,-0.0006735336561500149,-0.00022684866270850497,-0.0007529078628467931,-0.00022681338266839377
2024-08-26,-0.0008197042303413553,-0.00021705068604933018,-0.0007901268119847135,-0.00022132068448270018
2024-08-27,-0.0010069951255843878,-0.00020449636839531976,-0.0009202602606920291,-0.00020211585000540252
2024-08-28,-0.0007340070358204543,-0.00022279506460375398,-0.0006784889392506942,-0.000237795978794438
2024-08-29,-0.0006522028213379841,-0.00022827849236310704,-0.0007371271784033891,-0.00022914226456374466
2024-08-30,-0.0007137125401253777,-0.00022415542729118374,-0.0007399211625745371,-0.0002287299339594911
2024-08-31,-0.0007021250466259954,-0.00022493214990771166,-0.0007478460909539204,-0.00022756038885573531
2024-09-01,-0.000851194561465756,-0.00021493985402275088,-0.0008104362488099191,-0.00021832345835498532
2024-09-02,-0.0005097413401831552,-0.00023782784437809817,-0.0006437422791241659,-0.0002429238215051137
2024-09-03,-0.0008545273810927889,-0.00021471645140498348,-0.0008374916882819207,-0.00021433067062875697
2024-09-04,-0.0006332256209256008,-0.00022955055527813407,-0.0007128615021251203,-0.00023272334460913688
2024-09-05,-0.0008712084597715958,-0.00021359830009136233,-0.0008085995481199036,-0.00021859451497483577
2024-09-06,-0.0009200721877445425,-0.00021032290989187878,-0.0008696580171361514,-0.00020958362805419793
2024-09-07,-0.0006670049389597507,-0.00022728628990534985,-0.0006903295525245917,-0.00023604856473376609
2024-09-08,-0.0006128852117502944,-0.00023091399559736577,-0.0007160454136812162,-0.00023225346930011694
2024-09-09,-0.00046198540755025953,-0.00024102897782005709,-0.0006819955498534214,-0.00023727848020456218
2024-09-10,-0.0006239254090285337,-0.00023017395885711683,-0.0007098106753736575,-0.00023317357952846597
2024-09-11,-0.0007182243864695777,-0.00022385299319721636,-0.0007818102323195724,-0.00022254802870106112
2024-09-12,-0.0006088569558585397,-0.00023118401408380154,-0.0007177557037663768,-0.00023200106810488278
2024-09-13,-0.0004489868759218478,-0.0002419002838965592,-0.0006673289011447912,-0.00023944295493095956
2024-09-14,-0.0007418290013317976,-0.00022227074952917072,-0.000757415492065524,-0.0002261481557502518
2024-09-15,-0.0007673434501042172,-0.0002205604875634714,-0.0008244143345552873,-0.00021626060037561188
2024-09-16,-0.0007851553244051501,-0.0002193665377577585,-0.0007608493505609902,-0.00022564139377107597
2024-09-17,-0.000480676219859718,-0.00023977611181906998,-0.0006952055141156027,-0.0002353289800597009
2024-09-18,-0.0005601234721561836,-0.00023445067386452403,-0.0007123516528833615,-0.0002327985871420415
2024-09-19,-0.0005674946693846776,-0.00023395657429082722,-0.0006545140128177201,-0.00024133415055830343
2024-09-20,-0.0006642775639644479,-0.00022746910889400492,-0.0006565832482700169,-0.00024102877692261894
2024-09-21,-0.0006689942806560852,-0.0002271529421120909,-0.0006927969695888905,-0.00023568442825097066
2024-09-22,-0.000664320445622895,-0.0002274662344885995,-0.000764216067238475,-0.00022514454044731238
2024-09-23,-0.0007165394081991688,-0.00022396593917048093,-0.0006844721630367073,-0.00023691298657689175
2024-09-24,-0.0005992606693473327,-0.00023182726387447746,-0.0007328209714346199,-0.00022977776598848747
2024-09-25,-0.000792745370964643,-0.00021885776846925167,-0.000797871172008605,-0.00022017778729624396
2024-09-26,-0.0005035622603014249,-0.00023824203499608887,-0.0006946918411007351,-0.0002354047868974047
2024-09-27,-0.0006335609420506759,-0.00022952807832902865,-0.0006870039362604936,-0.00023653935254060163
2024-09-28,-0.0006789304434320537,-0.00022648691003621452,-0.0007518571249062957,-0.0002269684484752768
2024-09-29,-0.000709674247009848,-0.00022442611858392692,-0.0007518219287686189,-0.00022697364265098668
2024-09-30,-0.0008945037502164734,-0.00021203679078410034,-0.0007825632456570907,-0.000222436900496515
2024-10-01,-0.0009199223017890974,-0.00021033295691468836,-0.0008661947936002553,-0.00021009472366739692
2024-10-02,-0.0007069257988690759,-0.0002246103501290325,-0.0008107849026813482,-0.00021827200471291882
2024-10-03,-0.0006753813064863216,-0.0002267248126451827,-0.0007512565303946494,-0.00022705708301388861
2024-10-04,-0.000564141624152972,-0.00023418133265343995,-0.0006798848877331263,-0.00023758996750517877
2024-10-05,-0.0006853628012321915,-0.0002260557419167905,-0.000736710068150816,-0.0002292038208618296
2024-10-06,-0.0006198800488345766,-0.0002304451238640112,-0.0007163071483265922,-0.0002322148430238494
2024-10-07,-0.0007413735179414757,-0.00022230128108897135,-0.0007532003819514983,-0.00022677021328309645
2024-10-08,-0.0006972055261118382,-0.00022526191085610165,-0.0007217843638468095,-0.00023140652649564577
2024-10-09,-0.0008337068506801103,-0.00021611207478639013,-0.0008002296286019364,-0.00021982973098215447
2024-10-10,-0.0007169290344712456,-0.00022393982208678792,-0.000723616039207261,-0.00023113621150389657
2024-10-11,-0.0004826365822246986,-0.00023964470654272167,-0.0006913583528196939,-0.0002358967364407799
2024-10-12,-0.0006185276527769804,-0.00023053577648051484,-0.0007030868104250918,-0.0002341658740896847
2024-10-13,-0.0007188437635236103,-0.00022381147566229376,-0.0007449897093430746,-0.0002279819279495287
2024-10-14,-0.000400414376958157,-0.0002451561526906508,-0.0006039490997595676,-0.0002487964194467954
2024-10-15,-0.0006008909892247654,-0.00023171798171427223,-0.0007558781259984344,-0.00022637503716423684
2024-10-16,-0.0006383055203091809,-0.00022921004395520448,-0.0007333340754868607,-0.00022970204311715197
2024-10-17,-0.0007057158023205368,-0.00022469145754758002,-0.0007429652906988447,-0.00022828068761018006
2024-10-18,-0.0006005884635548733,-0.00023173826034742943,-0.0007074626269403589,-0.00023352009982708345
2024-10-19,-0.0006922037704576113,-0.00022559718411767384,-0.0007317763028017349,-0.00022993193609907378
2024-10-20,-0.0006335974125123668,-0.00022952563367329424,-0.0006610327937550701,-0.000240372121885897
2024-10-21,-0.0008261927637921595,-0.00021661575241337116,-0.00080031235671886,-0.00021981752213187102
2024-10-22,-0.0006880125212537544,-0.00022587812822765882,-0.0007737669154725774,-0.0002237350453384394
2024-10-23,-0.0007678766264311687,-0.0002205247481594525,-0.0008288286035813346,-0.0002156091513682612
2024-10-24,-0.0005387186086788884,-0.0002358854657431468,-0.0007161968773298009,-0.00023223111659733924
2024-10-25,-0.0008179073082299776,-0.0002171711357431419,-0.0008211075506503562,-0.00021674860894049073
2024-10-26,-0.0006552072634117315,-0.00022807710125908164,-0.0006999635075175792,-0.0002346268048953852
2024-10-27,-0.0006089797708190708,-0.00023117578165998207,-0.000715155987266374,-0.0002323847290741909
2024-10-28,-0.0005212479689855822,-0.0002370565422124216,-0.0006880213275444421,-0.00023638920796669718
2024-10-29,-0.00045908444670806356,-0.00024122343246168562,-0.0006785701925107897,-0.00023778398760057989
2024-10-30,-0.0007178669051333025,-0.00022387695557000097,-0.000721974624415022,-0.00023137844822094877
2024-10-31,-0.0008600202898131,-0.00021434825560545044,-0.0008529192913470338,-0.0002120538957780933
2024-11-01,-0.0007481908853399223,-0.00022184430534664745,-0.0007407257796758543,-0.0002286111901745388
2024-11-02,-0.0007035785333926153,-0.00022483472106820312,-0.0007549950305243556,-0.00022650536263071606
2024-11-03,-0.0007334418208690522,-0.00022283295159251278,-0.0007669815013052352,-0.00022473642321044836
2024-11-04,-0.0007662855295061384,-0.00022063140116140026,-0.0007890732468129618,-0.00022147616752672558
2024-11-05,-0.0005567784313223104,-0.00023467489568342016,-0.0007150132256658364,-0.00023240579754609626
2024-11-06,-0.000185692382636783,-0.000259549207518624,-0.0004900204716298897,-0.0002656097788650728
2024-11-07,-0.0006671512278150573,-0.00022727648400017557,-0.0006087254120153423,-0.0002480915408226198
2024-11-08,-0.0006388021696728174,-0.0002291767529942869,-0.0006893975866937845,-0.00023618610238989476
2024-11-09,-0.0006698331528020286,-0.00022709671157628396,-0.0006205164531606633,-0.00024635144251768516
2024-11-10,-0.000415313554919353,-0.000244157444170059,-0.0006972820297272799,-0.0002350225320326339
2024-11-11,-0.0001239124904136796,-0.00026369038261735443,-0.0006195293078491981,-0.00024649712345137324
2024-11-12,-0.0007363335373833943,-0.00022263911660849346,-0.0008193603491110415,-0.00021700645745441498
2024-11-13,-0.00051698904307189,-0.00023734202276776844,-0.0007726001239433877,-0.00022390723810217691
2024-11-14,-0.0009045452382302598,-0.00021136369864002984,-0.0008276411473443293,-0.00021578439378830964
2024-11-15,-0.0004396577793382933,-0.00024252562364830162,-0.000707255600010842,-0.00023355065244789854
2024-11-16,-0.0007198147595353727,-0.0002237463887163607,-0.0007169902433726482,-0.000232114033221127
2024-11-17,-0.0007331972994760278,-0.00022284934213428068,-0.0007765867150926679,-0.00022331890494178567
2024-11-18,-0.0006427323852412093,-0.00022891330626010207,-0.0006486771440800596,-0.0002421955439900921
2024-11-19,-0.0005734206129787047,-0.0002335593516806057,-0.0008018493360142957,-0.00021959069779687424
2024-11-20,-0.0005636717438795478,-0.0002342128292523764,-0.0007641825484858712,-0.000225149487077883
2024-11-21,-0.0004373274142947163,-0.00024268183061697943,-0.0005478921051350939,-0.0002570691987648868
2024-11-22,-0.0006585592615209498,-0.00022785241308625743,-0.0007560070522268293,-0.00022635601048892238
2024-11-23,-0.000759270978061707,-0.00022110159437030942,-0.0006969201490698481,-0.00023507593765736414
2024-11-24,-0.0006734698901625857,-0.0002268529370137811,-0.0007577634969372699,-0.00022609679788626242
2024-11-25,-0.0009850922368197829,-0.00020596454346455891,-0.0007063902677862422,-0.00023367835644949372
2024-11-26,-0.0007573364326285161,-0.00022123126910891794,-0.0007919142716874895,-0.00022105689474940984
2024-11-27,-0.000442397955942752,-0.00024234194655350303,-0.0005375127675361574,-0.0002586009606796877
2024-11-28,-0.00070619506021471,-0.00022465933235626286,-0.0007825828654491523,-0.00022243400504678426
2024-11-29,-0.0005789864781540309,-0.00023318626552850112,-0.0007293950352291402,-0.00023028335881192827
2024-11-30,-0.0007479162871535322,-0.000221862711969429,-0.0006725845515482542,-0.00023866733654021008
2024-12-01,-0.0006378064517377923,-0.00022924349707831662,-0.0007343364495750099,-0.00022955411475101347
2024-12-02,-0.0007722573983110217,-0.00022023110013305987,-0.0007758505877537087,-0.0002234275411443866
2024-12-03,-0.0006791993454662486,-0.00022646888523286936,-0.0007510801150402059,-0.00022708311803958724
2024-12-04,-0.0005229900396510201,-0.0002369397692722247,-0.0006126813404623375,-0.0002475077328025968
2024-12-05,-0.0008163715508889587,-0.0002172740792710353,-0.0007541581651812797,-0.0002266288655467858
2024-12-06,-0.000491399946323137,-0.0002390572884706003,-0.0006322896237640089,-0.00024461398151164694
2024-12-07,-0.0006873065063671102,-0.0002259254531931564,-0.0007390842214330508,-0.00022885344806173883
2024-12-08,-0.0006118985592691814,-0.00023098013201390614,-0.0007358552203744475,-0.00022932997758949282
2024-12-09,-0.0009091512172699423,-0.0002110549547264677,-0.0008942625134947558,-0.00020595254561799018
2024-12-10,-0.0007326324985439328,-0.00022288720137086346,-0.0007872923451554106,-0.00022173898943679836
2024-12-11,-0.0004241951292599823,-0.0002435621023335256,-0.0006238281886175259,-0.00024586270321266075
2024-12-12,-0.000752486525224757,-0.00022155636381285599,-0.0007099518676510953,-0.00023315274265412966
2024-12-13,-0.0006060749744508152,-0.00023137049340120138,-0.0007222309798553885,-0.00023134061579701393
2024-12-14,-0.0006923845059932022,-0.00022558506921309062,-0.0007606507646254089,-0.00022567070068686313
2024-12-15,-0.0005227349168759716,-0.0002369568704364568,-0.0006923779895893173,-0.0002357462604825839
2024-12-16,-0.0005921609293650095,-0.00023230316736611974,-0.0007185578480441233,-0.0002318826892542947
2024-12-17,-0.0006814073200120873,-0.0002263208822357965,-0.0007914019128764808,-0.00022113250763953265
2024-12-18,-0.001030073486347561,-0.00020294940012663396,-0.0008881234357369036,-0.00020685853845345235
2024-12-19,-0.0008369764418334922,-0.00021589291044375064,-0.0008578935015003293,-0.00021131981177741342
2024-12-20,-0.0006717444410367226,-0.00022696859579363697,-0.0007039977342358478,-0.00023403144177285319
2024-12-21,-0.0007190041142293073,-0.0002238007271756001,-0.000821288597571609,-0.00021672189039741188
2024-12-22,-0.0008150823271254987,-0.0002173604973781866,-0.0007755084158335172,-0.0002234780381930342
2024-12-23,-0.0007130026770309185,-0.00022420301020634434,-0.0006502951984924131,-0.00024195675475125155
2024-12-24,-0.00044850478151380643,-0.00024193259922256543,-0.000690865835704676,-0.00023596942113303325
2024-12-25,-0.000651015376782602,-0.00022835808809639374,-0.000736725847332132,-0.00022920149220176278
2024-12-26,-0.0008954249461272056,-0.0002119750419944974,-0.0008376073556503713,-0.00021431360066951447
2024-12-27,-0.0007868565735169202,-0.00021925250113184535,-0.0007389042522239094,-0.0002288800075582165
2024-12-28,-0.000626357235158396,-0.0002300109508386331,-0.0006941778048207655,-0.00023548064734504672
2024-12-29,-0.0007877105901085756,-0.00021919525544694687,-0.0007676956563233209,-0.00022463102963908213
2024-12-30,-0.0007426262257102966,-0.00022221731068967877,-0.0007331142751749481,-0.0002297344808082319
2024-12-31,-0.0006385476264854371,-0.00022919381530811102,-0.0007524904143628904,-0.00022687498888198287
2025-01-01,-0.000626400797601954,-0.00023000803079944218,-0.0007242092109360374,-0.000231048672404757
2025-01-02,-0.000538127142457544,-0.0002359251123838163,-0.0006767536189370164,-0.00023805207390081013
2025-01-03,-0.0006149802213852347,-0.00023077356476429656,-0.0006455896124843204,-0.00024265119573703807
2025-01-04,-0.000679863104803881,-0.00022642439270396326,-0.0007068321212200712,-0.00023361314860213242
2025-01-05,-0.0006828203261681451,-0.000226226166856775,-0.0007510970340708905,-0.0002270806211628269
2025-01-06,-0.00046999602450053434,-0.0002404920172290585,-0.0007060398312029725,-0.0002337300731806135
2025-01-07,-0.0009874928082035039,-0.0002058036304865775,-0.0009207547659009123,-0.00020204287191422687
2025-01-08,-0.0008008094592322189,-0.00021831722363620064,-0.000772187779739581,-0.00022396809103630293
2025-01-09,-0.0008455039810556229,-0.00021532129997617962,-0.000806341219162868,-0.00021892779465232054
2025-01-10,-0.000550287568797691,-0.00023510998543979536,-0.0007061873960243451,-0.00023370829585896957
2025-01-11,-0.0006957089293250984,-0.00022536222940835335,-0.0007279558769575628,-0.00023049574691557745
2025-01-12,-0.0006922453725782008,-0.0002255943954811185,-0.0007479213680215231,-0.00022754927961643053
2025-01-13,-0.0006857379851052795,-0.00022603059292321397,-0.0008234213468459868,-0.00021640714351870493
2025-01-14,-0.0005651790389204545,-0.00023411179358421273,-0.0006789379328110646,-0.00023772971722146088
2025-01-15,-0.0004541051077412055,-0.00024155720310769493,-0.0005940000097017127,-0.00025026468628870917
2025-01-16,-0.000730683435263383,-0.00022301784925697686,-0.0008262044259009782,-0.00021599642226971568
2025-01-17,-0.0004206374858826408,-0.00024380057513809453,-0.0006343203435947369,-0.000244314291934476
2025-01-18,-0.0006904504048804984,-0.0002257147141684012,-0.00084219333399553,-0.00021363681114376136
2025-01-19,-0.0008744557584949059,-0.0002133806300351805,-0.0008001446150767823,-0.0002198422771084205
2025-01-20,-0.0006346076841252254,-0.00022945791404000294,-0.0006925225139999931,-0.00023572493185867874
2025-01-21,-0.00045772251465694936,-0.00024131472428647337,-0.0007059105625912459,-0.00023374915038417633
2025-01-22,-0.0008250654652290986,-0.0002166913164936924,-0.0007934441853866599,-0.00022083111314099953
2025-01-23,-0.0006703310670972153,-0.0002270633358255934,-0.0006768120050623901,-0.0002380434573930275
2025-01-24,-0.0006398009206761644,-0.00022910980560030382,-0.0007534159047950698,-0.00022673840685225199
2025-01-25,-0.0006932518566192848,-0.00022552692973298874,-0.0007325307937738606,-0.00022982058982816322
2025-01-26,-0.0008009163085944637,-0.00021831006140424585,-0.0007896729499005189,-0.0002213876645427006
2025-01-27,-0.000721092871470734,-0.00022366071544744346,-0.0007750668651378261,-0.00022354320136290574
2025-01-28,-0.0007304462512155764,-0.00022303374796830912,-0.0008060988763478486,-0.00021896355912099052
2025-01-29,-0.0005535710269972559,-0.00023488989157357984,-0.0007129849075031878,-0.0002327051326898883
2025-01-30,-0.000630124604238641,-0.0002297584198862239,-0.000648039684028083,-0.00024228961907152356
2025-01-31,-0.0008177241166431937,-0.00021718341527957662,-0.0007049063292379951,-0.00023389735313694544
2025-02-01,-0.0007871989160243069,-0.00021922955353165035,-0.0008557713660712462,-0.0002116329922860282
2025-02-02,-0.0008606738454983694,-0.00021430444703874566,-0.0009134416941015198,-0.00020312212044581543
2025-02-03,-0.0004712929767309274,-0.00024040508107414662,-0.0007258023867712929,-0.00023081355469664085
2025-02-04,-0.0008927982719088381,-0.0002121511108977305,-0.0008497072721573338,-0.00021252791915554815
2025-02-05,-0.0007622586030184283,-0.00022090133053639984,-0.0006971649713097424,-0.00023503980728012262
2025-02-06,-0.0006887859430036322,-0.00022582628490491806,-0.0008140059817456298,-0.00021779664429726623
2025-02-07,-0.0006913084487630893,-0.0002256571985296984,-0.000790023307305691,-0.00022133595949652636
2025-02-08,-0.0006902561349191291,-0.00022572773630064367,-0.0007293353572486123,-0.00023029216596911472
2025-02-09,-0.000686400165002663,-0.0002259862062659498,-0.0007403181919567532,-0.00022867134115615092
2025-02-10,-0.0006314877474358243,-0.00022966704687696398,-0.0007115669216530118,-0.00023291439620986946
2025-02-11,-0.0007887619951623438,-0.00021912477859322205,-0.0007842336751689117,-0.00022219038184509074
2025-02-12,-0.0005595793484574922,-0.00023448714708308374,-0.0006314593047704805,-0.0002447365183305238
2025-02-13,-0.0007625843629650896,-0.00022087949448375014,-0.0007849848603903352,-0.0002220795234302671
2025-02-14,-0.0006346670269213672,-0.00022945393622617342,-0.0006982467810769566,-0.0002348801559551047
2025-02-15,-0.0006832218987088593,-0.0002261992490013677,-0.0007627642706765055,-0.00022535879368461832
2025-02-16,-0.0007714426129739957,-0.0002202857161031933,-0.0007612592769440645,-0.00022558089765410512
2025-02-17,-0.0007116872726799109,-0.00022429118322748662,-0.0006751060550685865,-0.00023829521808624657
2025-02-18,-0.000701611145574945,-0.000224966597268483,-0.0007950129499456919,-0.00022059959800027796
2025-02-19,-0.000621418112884527,-0.0002303420257148447,-0.0007010671332836418,-0.00023446393400882484
2025-02-20,-0.0005865952747025035,-0.00023267623940731512,-0.0007184096304034787,-0.0002319045629177031
2025-02-21,-0.000818960764085273,-0.00021710052142190277,-0.0008005142953580745,-0.0002197877204307772
2025-02-22,-0.0006602866881277774,-0.0002277366217536464,-0.0006562494749875955,-0.00024107803451707695
2025-02-23,-0.0007057010640142648,-0.0002246924454726918,-0.0006941764166693343,-0.00023548085220566274
2025-02-24,-0.0009870813087479633,-0.00020583121375416027,-0.0009808474204986814,-0.00019317451795668896
2025-02-25,-0.0008598492025731018,-0.00021435972377401624,-0.0007544839067245765,-0.000226580793260348
2025-02-26,-0.0009811464294513731,-0.00020622903533449352,-0.0008792549965304557,-0.00020816732500082862
2025-02-27,-0.0006629924849663005,-0.00022755524917291334,-0.0007610673101420808,-0.00022560922773137468
2025-02-28,-0.0007101414576350783,-0.0002243948009344872,-0.0008001940283268934,-0.00021983498479964978
2025-03-01,-0.0005747334281290666,-0.00023347135221647128,-0.0007575775589373295,-0.00022612423824496628
2025-03-02,-0.00015937362728174974,-0.00026131338305185813,-0.0004671507696349474,-0.00026898484381356134
2025-03-03,-0.0012132723081479287,-0.0001906693787206931,-0.0010764678757548825,-0.0001790630421287533
2025-03-04,-0.0006101798282935652,-0.00023109534046865602,-0.0007135499111622926,-0.00023262175057821787
2025-03-05,-0.0004659806773358089,-0.00024076117042912023,-0.0006686285124566478,-0.0002392511608889438
2025-03-06,-0.000729894886364635,-0.00022307070656938256,-0.0007749356708780336,-0.00022356256274976447
2025-03-07,-0.0008984168480333311,-0.0002117744914718978,-0.0007991381778027223,-0.00021999080511142128
2025-03-08,-0.0007268422554627793,-0.00022327532782431657,-0.0006766713283009669,-0.00023806421818853987
2025-03-09,-0.0010732198917729006,-0.00020005724843588817,-0.0009236318032792084,-0.00020161828448352374
2025-03-10,-0.0008380153640255739,-0.0002158232703301708,-0.0009055020596713773,-0.00020429383583917357
2025-03-11,-0.00037672171082849307,-0.00024674429853338515,-0.000671950476606522,-0.00023876091205383192
2025-03-12,-0.0006276711576564862,-0.0002299228771477451,-0.0007494098319035387,-0.0002273296150892586
2025-03-13,-0.0008740744563929648,-0.00021340618914046267,-0.0007889055246012511,-0.0002215009196357803
2025-03-14,-0.00048380546038038043,-0.00023956635533591998,-0.000685442454996369,-0.00023676979282720591
2025-03-15,-0.0006617289862857426,-0.00022763994289905822,-0.0007068157214100503,-0.00023361556885334407
2025-03-16,-0.0008097861255834716,-0.0002177155076761084,-0.0007925474612581392,-0.00022096344989708423
2025-03-17,-0.0005835165180241863,-0.00023288261190219182,-0.0006936803217715897,-0.00023555406489994587
2025-03-18,-0.000781677056398932,-0.0002195996899426481,-0.0007313859109706458,-0.0002299895493458741
2025-03-19,-0.0004050035010951298,-0.000244848538580021,-0.0006050302286887829,-0.00024863686859848973
2025-03-20,-0.000869397435012888,-0.00021371969510135784,-0.0008164467813178069,-0.0002174364359708017
2025-03-21,-0.000695991015396452,-0.00022534332086428902,-0.0007558815069365782,-0.00022637453821213748
2025-03-22,-0.0007019952193262794,-0.00022494085237644986,-0.0007211976049018154,-0.0002314931192089614
2025-03-23,-0.0005360135343120343,-0.00023606678989579786,-0.0007107017947973059,-0.00023304206990353346
2025-03-24,-0.0005910814788734843,-0.00023237552413682557,-0.0006628536942172833,-0.0002401033970321118
2025-03-25,-0.0006892593166993847,-0.00022579455413798558,-0.0007473285191706663,-0.00022763677106589153
2025-03-26,-0.0007253630509229012,-0.00022337448055485793,-0.0007980553688783634,-0.00022015060389005524
2025-03-27,-0.0006690857222358326,-0.00022714681268098618,-0.0007446263015775179,-0.00022803555894182628
2025-03-28,-0.0008781027441598247,-0.00021313616851740302,-0.0008531169178982243,-0.00021202473044633856
2025-03-29,-0.0008092205045885598,-0.00021775342188241664,-0.0008147124341737855,-0.0002176923874587394
2025-03-30,-0.0007059266704531328,-0.00022467732282140291,-0.0007619412957652368,-0.0002254802466785018
2025-03-31,-0.0006724030534144969,-0.00022692444827119218,-0.000717379924727898,-0.0002320565248249322
2025-04-01,-0.0005065467815333676,-0.00023804197920831378,-0.0006446477757482866,-0.00024279019012164748
2025-04-02,-0.0008728047748807902,-0.00021349129730870853,-0.0008630715697431371,-0.00021055564280699803
2025-04-03,-0.0006443060099618685,-0.0002288078244395057,-0.0007136976964043357,-0.00023259994072733156
2025-04-04,-0.0006360664076372956,-0.00022936013417560464,-0.000737792698519909,-0.00022904404843402518
2025-04-05,-0.0007109146915192991,-0.00022434297020459108,-0.0007483478309160642,-0.00022748634307412163
2025-04-06,-0.0010663737603337229,-0.00020051615226395205,-0.0010237721816937927,-0.00018683976742238378
2025-04-07,-0.0006123838326533579,-0.00023094760359758303,-0.0007663839810892883,-0.0002248246040506404
2025-04-08,-0.0009081355898516799,-0.00021112303336537027,-0.0008526777718250304,-0.00021208953874682414
2025-04-09,-0.00022783972115647386,-0.000256724024397145,-0.00047451649842617666,-0.00026789782426827615
2025-04-10,-0.0008979159232531822,-0.00021180806901875394,-0.0009299838665604244,-0.00020068085966986615
2025-04-11,-0.00041903728181994773,-0.00024390783860163995,-0.0006764994636370172,-0.00023808958163242335
2025-04-12,-0.0005582552221765232,-0.00023457590474492172,-0.000637067552117431,-0.00024390886438700792
2025-04-13,-0.000797248913929583,-0.0002185558909600595,-0.0007984325274684316,-0.00022009494357853732
2025-04-14,-0.0006284432212909126,-0.0002298711248609982,-0.0007032621801927434,-0.00023413999336959677
2025-04-15,-0.0007475799035414549,-0.00022188526013822352,-0.0007822871574695307,-0.00022247764503987338
2025-04-16,-0.0006622660674405647,-0.00022760394175007088,-0.0007514655288390798,-0.00022702623944083981
2025-04-17,-0.0006283822473318115,-0.0002298752120135006,-0.0007315117035950881,-0.00022997098512157304
2025-04-18,-0.0007178813670558439,-0.00022387598617119896,-0.0007289602643452506,-0.00023034752143071376
2025-04-19,-0.0006456132806540117,-0.00022872019662659122,-0.0007058226800017208,-0.00023376211992123255
2025-04-20,-0.0006799162500007404,-0.00022642083032212783,-0.0007709340925026943,-0.0002241531076950473
2025-04-21,-0.0005302457840806367,-0.00023645340862843832,-0.0007478039970259002,-0.00022756660099356889
2025-04-22,-0.00030833683477120023,-0.00025132821306718747,-0.000512719475226269,-0.0002622599052453511
2025-04-23,-0.0006715437894543859,-0.00022698204569305232,-0.0006914100192730769,-0.00023588911160877014
2025-04-24,-0.0006723596271582109,-0.00022692735918159834,-0.0007685232993948963,-0.00022450888772742317
2025-04-25,-0.0006397896844660433,-0.0002291105587760036,-0.0007175106822221377,-0.00023203722789506145
2025-04-26,-0.0006919570678695507,-0.0002256137208673784,-0.0006962352271279443,-0.0002351770170697273
2025-04-27,-0.0007422853379317864,-0.00022224016077777425,-0.0007713055933384578,-0.00022409828234361086
2025-04-28,-0.0006123702585551173,-0.00023094851348453167,-0.0007304101495729972,-0.00023013355026429538
2025-04-29,-0.0007299144426138699,-0.00022306939569217892,-0.0007370621184987035,-0.0002291518659745503
2025-04-30,-0.0006922179156177685,-0.00022559623595180787,-0.0007437824032508177,-0.00022816009977157404
2025-05-01,-0.0005487098662590289,-0.00023521574060108175,-0.0006846678983326605,-0.00023688410035280807
2025-05-02,-0.0006624490130185454,-0.0002275916787038807,-0.000733447370168735,-0.00022968532331425602
2025-05-03,-0.0007486125725056299,-0.0002218160391854865,-0.0007476173977797789,-0.00022759413893766353
2025-05-04,-0.0007833889060532948,-0.00021948494275053878,-0.0007666808894727259,-0.00022478078690435342
2025-05-05,-0.0006609966634866716,-0.0002276890313132755,-0.0007245321694071892,-0.00023100101083854845
2025-05-06,-0.0005632675212511435,-0.00023423992474611808,-0.000742792216011691,-0.00022830622962687153
2025-05-07,-0.0006737286584267786,-0.00022683559148834465,-0.0007414907253254821,-0.000228498301023201
2025-05-08,-0.00032835969847209594,-0.0002499860581753663,-0.00032149139498386834,-0.0002904809634355983
2025-05-09,-0.0007026534322531569,-0.00022489673162964436,-0.0006085910260821796,-0.0002481113732302606
2025-05-10,-0.0005912489416266465,-0.00023236429892165591,-0.0005344736210411438,-0.00025904947185009607
2025-05-11,-0.0007201746997722142,-0.00022372226152072788,-0.0007972409368387035,-0.00022027079614400722
2025-05-12,-0.000759836677465533,-0.0002210636749081642,-0.000749103434131847,-0.00022737483266051337
2025-05-13,-0.0006115529058845873,-0.00023100330154589402,-0.0005876482698956205,-0.00025120206336455396
2025-05-14,-0.0007226007330737241,-0.0002235596418019912,-0.0007933182036314873,-0.00022084970527683613
2025-05-15,-0.0006759946215825341,-0.00022668370145005566,-0.0007891496438171944,-0.00022146489300940952
2025-05-16,-0.0007017260148210765,-0.0002249588974547641,-0.000746205131666709,-0.00022780255835026518
2025-05-17,-0.0007041649151873279,-0.00022479541524232302,-0.0007884025430180803,-0.00022157514865334558
2025-05-18,-0.000507664757022516,-0.00023796704006403795,-0.0007183764858063685,-0.00023190945433115324
2025-05-19,-0.0007333168396936817,-0.00022284132922012964,-0.0007114850901273965,-0.00023292647274299818
2025-05-20,-0.0006228623871499902,-0.00023024521439956634,-0.0007416105610703855,-0.00022848061590328606
2025-05-21,-0.0005330246446191406,-0.00023626713850638406,-0.0007140290714865734,-0.00023255103705446735
2025-05-22,-0.0005830865622229595,-0.0002329114323192163,-0.0006470078928240783,-0.00024244188875687252
2025-05-23,-0.0009193988885397702,-0.00021036804188872218,-0.0008493934780922427,-0.00021257422825701205
2025-05-24,-0.0006603598947560013,-0.00022773171463168562,-0.0007339346083647012,-0.00022961341767433407
2025-05-25,-0.0006210136480820563,-0.0002303691374417842,-0.0007199133778100854,-0.00023168264287849396
2025-05-26,-0.0006659953916624449,-0.00022735396098696157,-0.0007272378068937856,-0.00023060171826156831
2025-05-27,-0.0007110859117094636,-0.0002243314931242273,-0.0006575907575816197,-0.00024088009071045847
2025-05-28,-0.0007511394316855144,-0.00022164666099563882,-0.0007223338164389459,-0.00023132543937938227
2025-05-29,-0.0008046691151537551,-0.00021805850659386246,-0.0007767786535214287,-0.00022329057905177965
2025-05-30,-0.0007782173793624533,-0.00021983159595409556,-0.0008213822598319451,-0.00021670806790807966
2025-05-31,-0.0006519662554764599,-0.00022829434963672312,-0.0007381557829661686,-0.00022899046515654378
2025-06-01,-0.0006316253218656968,-0.00022965782510944854,-0.0007314629935423351,-0.00022997817365388192
2025-06-02,-0.0006749000964713625,-0.00022675706868933396,-0.0006793428525508855,-0.00023766995997490285
2025-06-03,-0.0007120649166523871,-0.00022426586933070356,-0.000748650357412994,-0.0002274416968178651
2025-06-04,-0.0007260515739821535,-0.00022332832808606465,-0.0007249831448517461,-0.000230934456783061
2025-06-05,-0.0008646027046400663,-0.00021404109122735544,-0.0008990100070287667,-0.00020525192000322008
2025-06-06,-0.0005292308248725409,-0.00023652144247646794,-0.0006849306364102594,-0.00023684532599201695
2025-06-07,-0.000619900634948649,-0.0002304437439538186,-0.0006958673161276578,-0.00023523131264041315
2025-06-08,-0.0006777082365009812,-0.0002265688359303254,-0.0007506053820683271,-0.0002271531781835119
2025-06-09,-0.0004462702237656309,-0.00024208238412134776,-0.0005986797525022864,-0.00024957405919187814
2025-06-10,-0.000689394118642602,-0.0002257855182133437,-0.0006360849567411812,-0.00024405387385034337
2025-06-11,-0.0007705221189156879,-0.00022034741784684523,-0.0007676359433704866,-0.00022463984195741172
2025-06-12,-0.0008362426966181363,-0.00021594209420411836,-0.0008321143725467377,-0.00021512424414619002
2025-06-13,-0.000678616094479127,-0.00022650798119722384,-0.0007957563789401419,-0.00022048988423394147
2025-06-14,-0.0007213127398320824,-0.00022364597742589225,-0.0007754310558292882,-0.00022348945482796658
2025-06-15,-0.0006830900050688052,-0.000226208089979204,-0.0007263204670707688,-0.00023073709744067617
2025-06-16,-0.0006195852372285555,-0.00023046488541486113,-0.0007426096171497556,-0.000228333177202257
2025-06-17,-0.0008077248363919917,-0.00021785367819023317,-0.0007623654110837629,-0.00022541765658677296
2025-06-18,-0.0006718598482628222,-0.00022696085991852065,-0.0007260974492788685,-0.0002307700099610273
2025-06-19,-0.000698455788433374,-0.0002251781043778688,-0.000739655585932041,-0.00022876912723002098
2025-06-20,-0.0007639878024963186,-0.00022078542036626364,-0.0008353279450860205,-0.00021464999152850584
2025-06-21,-0.0007467257708800814,-0.00022194251360340472,-0.0008331672408443244,-0.00021496886394546221
2025-06-22,-0.0007598269642965697,-0.000221064325992716,-0.0008047797920392154,-0.00021915822694898207
2025-06-23,-0.0004300903400356525,-0.00024316693977840474,-0.0005616935674952465,-0.0002550324065119778
2025-06-24,-0.000661859785947925,-0.00022763117525177916,-0.0007147594833083141,-0.00023244324433648335
2025-06-25,-0.0006160752931748597,-0.0002307001608805517,-0.0007623154290965396,-0.00022542503282863086
2025-06-26,-0.0007091369483436994,-0.00022446213431294117,-0.0007402017990001082,-0.00022868851819625013
2025-06-27,-0.0006805112205237698,-0.00022638094878420684,-0.0007307128683986686,-0.00023008887562454725
2025-06-28,-0.0006745373435990937,-0.00022678138441905728,-0.0007259494482723544,-0.0002307918516540033
2025-06-29,-0.0006306746965934041,-0.0002297215465819889,-0.0006828916138187695,-0.00023714624087404015
2025-06-30,-0.0007546284471406663,-0.00022141278839725708,-0.0007497028214462061,-0.00022728637627766635
2025-07-01,-0.0007656406634475867,-0.00022067462725273185,-0.0008070107756872786,-0.0002188289828375855
2025-07-02,-0.0005168563099589835,-0.00023735092001640656,-0.0005970777316642962,-0.00024981048222783394
2025-07-03,-0.000645666790038185,-0.00022871660983287385,-0.0007213662854108644,-0.00023146822567629926
2025-07-04,-0.0007732925485989889,-0.00022016171285442086,-0.0008056864942979996,-0.00021902441764035994
2025-07-05,-0.0006769195364422306,-0.0002266217033751547,-0.0007300873911249084,-0.00023018118231149976
2025-07-06,-0.0006341654612613917,-0.00022948755673191936,-0.0006927082376976038,-0.0002356975231262848
2025-07-07,-0.0007370795355897421,-0.00022258911151646984,-0.0007607225308778233,-0.00022566010956665258
2025-07-08,-0.0006527925870174891,-0.0002282389597116542,-0.0006781544515040345,-0.00023784534182810148
2025-07-09,-0.0005625439569866774,-0.00023428842606598957,-0.0006157985642979521,-0.00024704769913418687
2025-07-10,-0.00045002129002201237,-0.0002418309459654099,-0.0006017764919448857,-0.000249117048569281
2025-07-11,-0.0006115989983202706,-0.00023100021191850843,-0.0007352721475398785,-0.00022941602631399325
2025-07-12,-0.0006914881680173718,-0.00022564515174758502,-0.0007481474048840971,-0.00022751592154765862
2025-07-13,-0.0006051796340406006,-0.00023143050906775965,-0.0007157313841636751,-0.0002322998131491832
2025-07-14,-0.000651913145851954,-0.00022829790963410402,-0.0007092608963666744,-0.0002332547148163807
2025-07-15,-0.000788449141781471,-0.00021914574950436812,-0.0006506766105255,-0.0002419004667251073
2025-07-16,-0.0006403957707497521,-0.0002290699321362433,-0.0005873197913811329,-0.0002512505395677342
2025-07-17,-0.000660638778054137,-0.00022771302077308322,-0.0006725854837929766,-0.0002386671989613957
2025-07-18,-0.0007502407241575729,-0.00022170690236385476,-0.0006940694463603771,-0.00023549663867023367
2025-07-19,-0.0006905625896954159,-0.00022570719429510142,-0.000710127401988996,-0.00023312683764709305
2025-07-20,-0.0007189204460150329,-0.00022380633554934501,-0.0006432449964909427,-0.00024299720948302677
2025-07-21,-0.0006806145538973072,-0.00022637402223289765,-0.0007352548872250226,-0.00022941857355678998
2025-07-22,-0.0005628123522336152,-0.00023427043523315964,-0.000745430176528805,-0.00022791692468189333
2025-07-23,-0.0007476185766321362,-0.0002218826678378106,-0.0008057339313463973,-0.0002190174169754915
2025-07-24,-0.0007063542279152944,-0.00022464866316772167,-0.0006924230801754809,-0.00023573960610392603
2025-07-25,-0.0007233781009496512,-0.000223507533966019,-0.0007265135237559548,-0.00023070860652062017
2025-07-26,-0.0006721491483919928,-0.0002269414678081127,-0.0007294611749696107,-0.000230273598041114
2025-07-27,-0.0006142407473710636,-0.00023082313253244006,-0.0006632995445397228,-0.00024003759933191132
2025-07-28,-0.0007618001452752632,-0.0002209320614703898,-0.0007857922916378486,-0.00022196036433923917
2025-07-29,-0.0006875728975226529,-0.0002259075966968085,-0.0007340868127038933,-0.00022959095566191568
2025-07-30,-0.0006919260981981996,-0.00022561579679899956,-0.0007292580172344846,-0.00023030357965394784
2025-07-31,-0.0007902180516470385,-0.0002190271775026441,-0.0008001179460032926,-0.00021984621287702663
2025-08-01,-0.0008106993996301074,-0.00021765428989789365,-0.000859799568482752,-0.00021103851821865742
2025-08-02,-0.0007281237346747678,-0.0002231894288430904,-0.000796069746086376,-0.00022044363813630992
2025-08-03,-0.0006011170172558369,-0.0002317028308031876,-0.0006733710041061256,-0.00023855127344230405
2025-08-04,-0.0006443215585936316,-0.0002288067821973722,-0.0006078534815210009,-0.0002482202185836864
2025-08-05,-0.0007344606906822432,-0.00022276465561226087,-0.0007990693021005508,-0.0002200009696499996
2025-08-06,-0.0006426647417191356,-0.0002289178404808513,-0.0006957966091194716,-0.0002352417474394759
2025-08-07,-0.0005645117067128825,-0.00023415652560657686,-0.0006094810910020562,-0.0002479800192268888
2025-08-08,-0.0007274174216001901,-0.00022323677379645782,-0.0006865861713366828,-0.00023660100545376043
2025-08-09,-0.0006968118923392608,-0.00022528829656702406,-0.0006080160767822114,-0.0002481962230997477
2025-08-10,-0.000549648704818294,-0.00023515280920506513,-0.0007420880642968321,-0.00022841014693072463
2025-08-11,-0.0007154436078153494,-0.0002240393918927075,-0.0007509965763141093,-0.0002270954465179536
2025-08-12,-0.0006175949020837555,-0.00023059829980007904,-0.000563221887159443,-0.00025480686014806557
2025-08-13,-0.0005366658579888322,-0.00023602306391199538,-0.000662808070830761,-0.0002401101300403826
2025-08-14,-0.0009262760682683723,-0.00020990705685918,-0.0008318127585061361,-0.00021516875574396387
2025-08-15,-0.0007346680904616802,-0.00022275075337366542,-0.0007882171607917937,-0.00022160250699208348
2025-08-16,-0.0006828741563020259,-0.0002262225585628469,-0.0007440120203895798,-0.0002281262133327923
2025-08-17,-0.0006893456206011977,-0.00022578876909116452,-0.0007151191570915268,-0.00023239016439784315
2025-08-18,-0.0007469501345824923,-0.000221927474254127,-0.0008146438488860971,-0.00021770250913852822
2025-08-19,-0.0008603908107505644,-0.00021432341917365086,-0.0008577239014615336,-0.00021134484101243924
2025-08-20,-0.0006138581511310666,-0.00023084877838523989,-0.0006064288596031934,-0.0002484304614412761
2025-08-21,-0.0007822454078746075,-0.00021956159270916808,-0.0007923060962856693,-0.00022099907005770355
2025-08-22,-0.0004624577529818368,-0.00024099731597881943,-0.0004536798667541771,-0.0002709728527586467
2025-08-23,-0.0007622310948112968,-0.00022090317444221262,-0.0007617056459881,-0.00022551502340200738
2025-08-24,-0.0007844050471492246,-0.0002194168296792491,-0.0007358714618843517,-0.00022932758069989624
2025-08-25,-0.0008601366267243953,-0.0002143404574124983,-0.0009249997819067093,-0.00020141640092959809
2025-08-26,-0.0005998924191941664,-0.0002317849169774501,-0.0006304957898623467,-0.0002448787119364793
2025-08-27,-0.0007176016906228662,-0.00022389473319451469,-0.0007824073701857203,-0.00022245990428728884
2025-08-28,-0.0006190119867646347,-0.00023050331103298866,-0.0007356699210570831,-0.00022935732369269756
2025-08-29,-0.0009041193510483825,-0.00021139224633296027,-0.0008073941771806535,-0.00021877240121086499
2025-08-30,-0.000666283903510329,-0.0002273346217159277,-0.0007306797543398794,-0.00023009376253121293
2025-08-31,-0.0007179395469799249,-0.000223872086305981,-0.0007298049799488066,-0.00023022285998887978
2025-09-01,-0.0006334796439556314,-0.00022953352783103742,-0.0007740568942495314,-0.00022369225084963853
2025-09-02,-0.0005850351856683644,-0.00023278081391574332,-0.0007321218844131153,-0.00022988093585500982
2025-09-03,-0.0006603128374959269,-0.00022773486893232654,-0.0006773381728140941,-0.000237965806607014
2025-09-04,-0.000739491078158422,-0.00022242746312772094,-0.0008105677096250723,-0.00021830405763041875
2025-09-05,-0.0006912568096142569,-0.00022566065995945439,-0.0007334002748801881,-0.00022969227354288814
2025-09-06,-0.0007098058590125423,-0.00022441729648455707,-0.0007535402356244741,-0.0002267200583567433
2025-09-07,-0.0006381431174443391,-0.0002292209300004151,-0.0007221472763069895,-0.00023135296859952656
2025-09-08,-0.0006405796318138933,-0.00022905760772399449,-0.0007361074024998905,-0.00022929276105504011
2025-09-09,-0.0007154674856185353,-0.00022403779133692132,-0.0007369673276422551,-0.00022916585501984294
2025-09-10,-0.0005629374914295647,-0.00023426204701324708,-0.0007179014147720957,-0.00023197956436565086
2025-09-11,-0.0006091330189682408,-0.00023116550926557616,-0.0006837695314724894,-0.0002370166795399491
2025-09-12,-0.0006577605589731349,-0.00022790595100908773,-0.0006206386066475705,-0.00024633341535003394
2025-09-13,-0.0006949966857165262,-0.00022540997189203068,-0.000758601927578877,-0.00022597306396656146
2025-09-14,-0.0007146270272914436,-0.00022409412819622023,-0.0007640791595616822,-0.00022516474500884203
2025-09-15,-0.0006855918117375581,-0.00022604039108712658,-0.0007756636946150131,-0.00022345512246056042
2025-09-16,-0.0006177558238003285,-0.0002305875130378893,-0.0007483058710261262,-0.0002274925354308827
2025-09-17,-0.0007060533968596728,-0.0002246688282089938,-0.0006960868847196626,-0.0002351989091460944
2025-09-18,-0.0006543139449023775,-0.00022813698139536955,-0.0007387348002605034,-0.000228905014940572
2025-09-19,-0.0007594885504951758,-0.0002210870102473654,-0.0007928501872460345,-0.00022091877420034938
2025-09-20,-0.0006858023236231886,-0.00022602628024058106,-0.0007320945698771938,-0.00022988496687967262
2025-09-21,-0.0007083014850262601,-0.00022451813635117047,-0.0007520505226838711,-0.00022693990721748715
2025-09-22,-0.0008173190989984032,-0.00021721056406415358,-0.0008585848808836582,-0.00021121777938874054
2025-09-23,-0.0007252719225039829,-0.00022338058899444292,-0.0007562822247577887,-0.00022631540107633652
2025-09-24,-0.000619933173348317,-0.00023044156286858828,-0.0007435446255143555,-0.00022819519053506724
2025-09-25,-0.0009103054961227382,-0.00021097758212722576,-0.0008874539753299189,-0.00020695733608336965
2025-09-26,-0.000652337896855081,-0.00022826943810050278,-0.0006480031930021578,-0.0002422950043442552
2025-09-27,-0.0006890884871258512,-0.0002258060050348808,-0.0007464659003780925,-0.0002277640746246072
2025-09-28,-0.0005600414016139104,-0.0002344561751445323,-0.0006739433515537456,-0.00023846680754899044
2025-09-29,-0.0005710260710777736,-0.0002337198604956291,-0.0006991527944107686,-0.00023474644831665412
2025-09-30,-0.0007049086779798975,-0.00022474555999257886,-0.00077344990707261,-0.00022378182880502517
2025-10-01,-0.00045889882419081896,-0.0002412358749461011,-0.0006355682844096623,-0.00024413012332120875
2025-10-02,-0.000589131266086432,-0.00023250624907564222,-0.0006721412535821554,-0.00023873275756875902
2025-10-03,-0.0006119033101128653,-0.00023097981355955384,-0.000724814965726023,-0.00023095927632257318
2025-10-04,-0.000679939470463399,-0.00022641927382861056,-0.0007494702644994191,-0.00022732069656744545
2025-10-05,-0.0006362325713563107,-0.00022934899603614312,-0.0007251553988078375,-0.0002309090358882207
2025-10-06,-0.0006296697164352392,-0.00022978891152316882,-0.0006584313717722202,-0.00024075603454695775
2025-10-07,-0.0008427200337181649,-0.00021550791107204274,-0.0008466907893240138,-0.00021297308566802425
2025-10-08,-0.0005974253253807713,-0.00023195028902810646,-0.0007015003407314384,-0.0002344000021188157
2025-10-09,-0.0007653869544442887,-0.00022069163365026628,-0.0008126072936437616,-0.00021800305989409067
2025-10-10,-0.0011061623301007028,-0.00019784908004346193,-0.001008086694121404,-0.0001891546003536231
2025-10-11,-0.0008118459055274584,-0.00021757743832852684,-0.0007887747439973313,-0.00022152021997613145
2025-10-12,-0.00046393163219614716,-0.00024089852021079192,-0.000516684526196237,-0.0002616747509416059
2025-10-13,-0.0006823679734684327,-0.0002262564885628914,-0.0006967893478696563,-0.00023509524103727195
2025-10-14,-0.0007965849292313011,-0.00021860039859514135,-0.0007979488559442495,-0.00022016632285616017
2025-10-15,-0.0008082414982764169,-0.0002178190457677207,-0.0008091818933478125,-0.00021850857362907319
2025-10-16,-0.0008247987902659766,-0.00021670919201397895,-0.0007870598934390714,-0.00022177329419687815
2025-10-17,-0.0007801468006801576,-0.00021970226469066474,-0.0007713969032651771,-0.00022408480700697605
2025-10-18,-0.0006478727533515422,-0.00022856874165095797,-0.0007058754473640674,-0.0002337543326192765
2025-10-19,-0.0006086906084839444,-0.0002311951645339015,-0.0006869219096941916,-0.0002365514578574454
2025-10-20,-0.0005859435017593049,-0.00023271992847483003,-0.0007395016930054524,-0.00022879183844079517
2025-10-21,-0.0007990956220317282,-0.00021843210405574423,-0.0007932787080020592,-0.0002208555339629524
2025-10-22,-0.0007296843283613014,-0.00022308482050724916,-0.0007751232711950524,-0.00022353487706962597
2025-10-23,-0.0005608407050653154,-0.000234402596942464,-0.0007110737440230866,-0.00023298717837959374
2025-10-24,-0.0006369646499563288,-0.00022929992399086082,-0.0006949108638111015,-0.000235372463963208
2025-10-25,-0.0006558533016728088,-0.00022803379659370706,-0.0007273320830647937,-0.00023058780517252512
2025-10-26,-0.0005424949538617,-0.0002356323331125686,-0.0006310545376963623,-0.0002447962530469823
2025-10-27,-0.0007053451272473147,-0.0002247163043112714,-0.000756739248417996,-0.00022624795443726198
2025-10-28,-0.000746770517632492,-0.00022193951417867017,-0.0008092263214514272,-0.00021850201701826682
2025-10-29,-0.0008380816502342345,-0.00021581882709165393,-0.000779657359245903,-0.00022286574540987932
2025-10-30,-0.0007802440585521849,-0.00021969574538699968,-0.0007916169246380326,-0.00022110077663315197
2025-10-31,-0.0006209901218029102,-0.0002303707144345218,-0.0007138965100801879,-0.00023257060020209005
2025-11-01,-0.0006606833937236815,-0.00022771003013497942,-0.0007226313220673685,-0.0002312815340928731
2025-11-02,-0.0006572599976428347,-0.00022793950419349506,-0.0007174602343979215,-0.0002320446728842125
2025-11-03,-0.000905646742780164,-0.00021128986356118692,-0.0009108974916281368,-0.0002034975887659392
2025-11-04,-0.000963273066498104,-0.0002074271067931706,-0.0009270767918831424,-0.00020110987994516766
2025-11-05,-0.0005577745133456138,-0.00023460812719414698,-0.0006541638739427841,-0.00024138582335422187
2025-11-06,-0.0008336491126085192,-0.00021611594503374274,-0.000808147813981514,-0.0002186611809968439
2025-11-07,-0.0005702863032119634,-0.00023376944796097573,-0.0006605068789809598,-0.00024044973533798243
2025-11-08,-0.0007488453885720753,-0.00022180043326481795,-0.0007589956215203599,-0.0002259149634009037
2025-11-09,-0.0005511063474590238,-0.0002350551017926786,-0.0006273188930087975,-0.0002453475520297061
2025-11-10,-0.0006172888778717651,-0.00023061881294441614,-0.0007457959088024381,-0.000227862950643336
2025-11-11,-0.0008536306194920449,-0.00021477656233552848,-0.0008299844087789933,-0.00021543857994539084
2025-11-12,-0.0007629481145558045,-0.00022085511180881516,-0.0007387935610064506,-0.00022889634314703325
2025-11-13,-0.0008004961646465193,-0.00021833822412179845,-0.0008519418942143074,-0.00021219813809503067
2025-11-14,-0.0010036951006259453,-0.00020471757274986507,-0.0008233166111540497,-0.00021642260020295865
2025-11-15,-0.0006172724522562793,-0.00023061991397174694,-0.0006951595605666438,-0.00023533576179268477
2025-11-16,-0.0007711968787161874,-0.00022030218794464077,-0.0007871706593700195,-0.00022175694758199386
2025-11-17,-0.0008169592810495811,-0.000217234683062684,-0.0007845495370882583,-0.00022214376757382547
2025-11-18,-0.000633957265286071,-0.00022950151234041313,-0.0006698842148592745,-0.0002390658468360639
2025-11-19,-0.0007805667553542481,-0.00021967411466034968,-0.000806023462443526,-0.00021897468855438517
2025-11-20,-0.0010018208928089772,-0.00020484320299074419,-0.000875322384459069,-0.0002087476920367032
2025-11-21,-0.0007913821049913245,-0.0002189491497083329,-0.0007872443894483448,-0.00022174606664427722
2025-11-22,-0.0007176324842815993,-0.00022389266906121572,-0.0007359870206826421,-0.0002293105267632212
2025-11-23,-0.0005418041631722239,-0.00023567863758314558,-0.0007116355714266354,-0.0002329042650133751
2025-11-24,-0.0005905295174946348,-0.00023241252272383013,-0.000626690378707861,-0.00024544030691506415
2025-11-25,-0.0007486906060765125,-0.00022181080850817428,-0.0007337141226295384,-0.0002296459565188085
2025-11-26,-0.00048064438219939227,-0.00023977824593296042,-0.0006881934188328365,-0.00023636381107803076
2025-11-27,-0.0006386083227804731,-0.00022918974676774064,-0.0007467063377194508,-0.0002277285913619348
2025-11-28,-0.0007107244773607507,-0.00022435572047184568,-0.0007250500430325306,-0.0002309245840831398
2025-11-29,-0.0006917588794542149,-0.00022562700565796176,-0.0007658875890134663,-0.00022489786060187072
2025-11-30,-0.0007166825520003461,-0.0002239563440817936,-0.0007371406169571012,-0.00022914028132882527
2025-12-01,-0.0009543629867331744,-0.00020802435938009612,-0.0008772719401574318,-0.00020845998050009787
2025-12-02,-0.0003596540594459106,-0.0002478883622466095,-0.0005935078713948393,-0.000250337315077213
2025-12-03,-0.0005510691657896782,-0.00023505759412145553,-0.0006054256327594184,-0.0002485785156553868
2025-12-04,-0.0007739065415353279,-0.00022012055622291392,-0.000775624917399691,-0.00022346084512455766
2025-12-05,-0.0008631282940091423,-0.00021413992261683142,-0.0008127168220302426,-0.00021798689591354738
2025-12-06,-0.0006949365212475771,-0.00022541400478350514,-0.000726468780654628,-0.0002307152096181598
2025-12-07,-0.0006144271349106913,-0.00023081063876772073,-0.0007228574508106573,-0.00023124816246452884
2025-12-08,-0.0006724569927670629,-0.00022692083265621376,-0.0006938695459504205,-0.00023552613957352405
2025-12-09,-0.00055788375234011,-0.00023460080478247646,-0.0006091913414026805,-0.00024802277989412045
2025-12-10,-0.0007295064218282527,-0.0002230967457806359,-0.0007347283718130319,-0.00022949627564981427
2025-12-11,-0.0006566878325941136,-0.00022797785705503082,-0.0007942288553414295,-0.0002207153131160993
2025-12-12,-0.0008294241959374345,-0.00021639914591161614,-0.0008394912330326391,-0.0002140355818076356
2025-12-13,-0.0006856440751733231,-0.000226036887810721,-0.0007153158357618071,-0.0002323611389524602
2025-12-14,-0.0008252340773795563,-0.00021668001423313975,-0.0007757547986302311,-0.00022344167751193377
2025-12-15,-0.0008038781990030347,-0.0002181115225858088,-0.0008049552193256272,-0.00021913233774039037
2025-12-16,-0.0005928257351041501,-0.00023225860469575313,-0.0007374433879596848,-0.00022909559898891263
2025-12-17,-0.0008006124751136885,-0.00021833042770142555,-0.0008341063801119298,-0.00021483026764785652
2025-12-18,-0.0007334252768581424,-0.00022283406055602093,-0.0007406733057580635,-0.00022861893417053337
2025-12-19,-0.0005112673015027795,-0.00023772555748844751,-0.000627755861974576,-0.0002452830650223851
2025-12-20,-0.0006716687059182378,-0.00022697367240312076,-0.0007377167907839981,-0.00022905525074609943
2025-12-21,-0.000669285345074353,-0.00022713343173941648,-0.0007204867222109889,-0.0002315980298568057
2025-12-22,-0.0006960709001258557,-0.00022533796610175596,-0.0007343100654844865,-0.00022955800846240259
2025-12-23,-0.0007582883483652488,-0.00022116746113510648,-0.0007676178938054302,-0.00022464250567617684
2025-12-24,-0.0006743624165622306,-0.00022679310997349066,-0.0007501379262463508,-0.00022722216438018675
2025-12-25,-0.0007124392614732647,-0.00022424077657973274,-0.0007677416837703976,-0.00022462423700036167
2025-12-26,-0.0006830344823313358,-0.00022621181173023897,-0.000721400657138447,-0.00023146315316538465
2025-12-27,-0.0006543474496737972,-0.00022813473553316262,-0.0007214597177432341,-0.00023145443711927716
2025-12-28,-0.0006852382704483603,-0.00022606408935415997,-0.0007370341567729071,-0.0002291559925102024
2025-12-29,-0.0007336288362260322,-0.00022282041574449594,-0.0007475020949591817,-0.00022761115509766183
2025-12-30,-0.0006022488740565254,-0.00023162696117911297,-0.0007110996081789304,-0.00023298336139912628
2025-12-31,-0.0007480921063575825,-0.0002218509266120337,-0.0007405526885125791,-0.00022863673462274336
2026-01-01,-0.0006070967537831551,-0.000231302002392635,-0.0007138606995681193,-0.00023257588504594574
2026-01-02,-0.0006088692729135407,-0.00023118318845786367,-0.0006520037111419908,-0.0002417046158664111
2026-01-03,-0.0006452279620772862,-0.00022874602496065908,-0.0007364328847474025,-0.0002292447270349564
2026-01-04,-0.0006359111105540633,-0.00022937054391234657,-0.0007274834887787191,-0.0002305654610196287
2026-01-05,-0.0005331610216243736,-0.00023625799700357808,-0.000680840608572175,-0.00023744892413237373
2026-01-06,-0.000696933671810623,-0.0002252801335531988,-0.0006922819557155043,-0.00023576043296989684
2026-01-07,-0.0008389625836145786,-0.00021575977714438066,-0.0008217244022767743,-0.00021665757520934712
2026-01-08,-0.0007052986034256427,-0.00022471942285494107,-0.0007794601059667453,-0.0002228948556548929
2026-01-09,-0.0007202438616072344,-0.00022371762552576802,-0.0007519882992017181,-0.00022694909003471989
2026-01-10,-0.0006955525224197452,-0.00022537271353771017,-0.0007378873403992408,-0.00022903008137447792
2026-01-11,-0.0006592922709788524,-0.00022780327864453263,-0.0007126188890394929,-0.00023275914896380345
2026-01-12,-0.0006642059524046736,-0.00022747390909674806,-0.000755481135760715,-0.00022643362419071035
2026-01-13,-0.0004311000036241761,-0.00024309926090166297,-0.000586264461805747,-0.00025140628299892434
2026-01-14,-0.0005906369696639195,-0.000232405320085047,-0.0007168270682174417,-0.00023213811428466355
2026-01-15,-0.0007703637754581932,-0.00022035803178545256,-0.000761229871094834,-0.00022558523731060963
2026-01-16,-0.0006890384154217005,-0.00022580936139707112,-0.0007512340174736089,-0.00022706040542581636
2026-01-17,-0.0007132857616116113,-0.00022418403473108508,-0.0007288939349901252,-0.00023035731018448014
2026-01-18,-0.0007773687543380506,-0.00021988848023622617,-0.0007551781053769016,-0.0002264783448095869
2026-01-19,-0.000754675792756406,-0.00022140961476781423,-0.0007991070565140209,-0.00021999539792905712
2026-01-20,-0.0009591243306635742,-0.00020770520118458072,-0.0009105027319194104,-0.0002035558466153984
2026-01-21,-0.00061798906334919,-0.00023057187873072192,-0.0007065605225534899,-0.0002336532305909505
2026-01-22,-0.0006819234315213463,-0.00022628628670554548,-0.0007582680761710125,-0.00022602233309061638
2026-01-23,-0.0006847786529460283,-0.00022609489802810076,-0.0007348525751172157,-0.00022947794597422296
2026-01-24,-0.0007129444477303909,-0.0002242069133813206,-0.0007406694525003265,-0.00022861950282661506
2026-01-25,-0.0008547786208855117,-0.00021469961052138862,-0.0008346700941398524,-0.00021474707585738046
2026-01-26,-0.000575207253173472,-0.00023343959119513508,-0.0006562139698514299,-0.0002410832742941668
2026-01-27,-0.000632920357017808,-0.00022957101745843262,-0.0006695310305829642,-0.0002391179690662353
2026-01-28,-0.0006821330865093988,-0.00022627223329780053,-0.000748360142767075,-0.00022748452611573685
2026-01-29,-0.0009956192684844748,-0.00020525890478788501,-0.0008739173237762188,-0.00020895504808630258
2026-01-30,-0.0007171749730276043,-0.0002239233365509807,-0.0008259870706606486,-0.00021602849912201436
2026-01-31,-0.0010794445721446445,-0.00019964000116617892,-0.0009484721387252484,-0.0001979523973857746
2026-02-01,-0.0008100030193346877,-0.00021770096904599292,-0.0008960593278226142,-0.00020568737534781188
2026-02-02,-0.0005599348657587612,-0.00023446331636175672,-0.0006675652401824651,-0.0002394080764877604
2026-02-03,-0.0009167236234035916,-0.00021054736789538525,-0.0008452360968131006,-0.00021318776628369198
2026-02-04,-0.0008910771986121783,-0.00021226647636087307,-0.0008185739653362451,-0.00021712251040145215
2026-02-05,-0.0015693913747757177,-0.00016679832039031604,-0.001080582017303143,-0.00017845588533520502
2026-02-06,-4.284817414958652e-06,-0.0002717091589977396,-0.0004746508133263486,-0.00026787800234354223
2026-02-07,-0.0007929042234243603,-0.0002188471204116575,-0.000709856488309237,-0.00023316681854692383
2026-02-08,-0.0006059127979273799,-0.00023138136427449497,-0.0007392449784754154,-0.0002288297238584664
2026-02-09,-0.0006993311170352535,-0.00022511943012514882,-0.0007225444390079258,-0.0002312943561212759
2026-02-10,-0.0007980558793499878,-0.00021850179916766126,-0.0008234711590846684,-0.0002163997923279978
2026-02-11,-0.0008411293090468593,-0.000215614539121408,-0.0008214766246757763,-0.00021669414173287828
2026-02-12,-0.0007543983767562502,-0.00022142821027179612,-0.0007305844317378817,-0.00023010783005045183
2026-02-13,-0.0004614744554400004,-0.00024106322751003722,-0.0006301597411080952,-0.0002449283053405258
2026-02-14,-0.0006114666357499229,-0.00023100908432926545,-0.0006991966037288204,-0.00023473998302498544
2026-02-15,-0.0007693101055412194,-0.0002204286604554848,-0.0008623749018194483,-0.00021065845566789574
2026-02-16,-0.0006828340850921155,-0.0002262252445807515,-0.0007035190463288084,-0.00023410208557821067
2026-02-17,-0.0008020253345353249,-0.000218235722158176,-0.0007434929054219868,-0.00022820282328301142
2026-02-18,-0.0007798792843054186,-0.00021972019661171065,-0.0007783015651356797,-0.00022306583079707826
2026-02-19,-0.0006412580399311282,-0.0002290121332710491,-0.0007436829798453828,-0.00022817477247919467
2026-02-20,-0.0005975542197114763,-0.00023194164909732195,-0.0007150186090764522,-0.00023240500307310848
2026-02-21,-0.0006875996000324828,-0.00022590580679778468,-0.0007323971662147868,-0.0002298403103164705
2026-02-22,-0.0007168512046786697,-0.0002239450391046129,-0.0007545362447278749,-0.0002265730693223428
2026-02-23,-0.0009538467706982398,-0.00020805896191681983,-0.0008506442097757452,-0.00021238964777293374
2026-02-24,-0.0007357455847558921,-0.0002226785277290479,-0.0007403236022289271,-0.0002286705427189881
2026-02-25,-0.0003471073384127095,-0.00024872938295486476,-0.0005195418796499112,-0.0002612530684251887
2026-02-26,-0.0007307556580510926,-0.00022301300808294335,-0.0007662129094922012,-0.00022484985045530007
2026-02-27,-0.0008239758810971306,-0.00021676435253362237,-0.0008398260989992256,-0.00021398616295703065
2026-02-28,-0.000590377374221031,-0.00023242272105719424,-0.0007003115056854255,-0.00023457544802074395
2026-03-01,-0.0007971810332876313,-0.00021856044107521866,-0.0007655189215433754,-0.00022495226781085959
2026-03-02,-0.00042592589079761743,-0.00024344608745678202,-0.0006436151255121505,-0.00024294258658124287
2026-03-03,-0.0007281927288571411,-0.00022318480408607447,-0.0007842577798527807,-0.00022218682452398362
2026-03-04,-0.0003246329874949996,-0.0002502358637697624,-0.0005898223956871502,-0.0002508812102220766
2026-03-05,-0.0008382575258317085,-0.0002158070379541445,-0.0007926123285927758,-0.00022095387690538183
2026-03-06,-0.0009128232280769012,-0.0002108088157455007,-0.0008341691385407491,-0.00021482100588426302
2026-03-07,-0.0007613320247110208,-0.00022096344011405663,-0.0007473741538288739,-0.0002276300363941679
2026-03-08,-0.0008006780014747979,-0.00021832603539633774,-0.0007729215756665203,-0.00022385979889883196
2026-03-09,-0.00047781742035219257,-0.00023996774033939943,-0.0006769608276640113,-0.0002380214944506863
2026-03-10,-0.0005598413377610557,-0.00023446958564778483,-0.000691191116123824,-0.00023592141689837644
2026-03-11,-0.0006644910257941802,-0.00022745480030941524,-0.0007225299407591251,-0.00023129649574388022
2026-03-12,-0.0006637097526525353,-0.00022750716991970532,-0.0007153879924018447,-0.00023235049021962383
2026-03-13,-0.000648594808686491,-0.00022852034147631545,-0.0007177679020429414,-0.00023199926790758792
2026-03-14,-0.0006673958851724346,-0.0002272600843445654,-0.0007328874148097842,-0.00022976796040787147
2026-03-15,-0.000560790027360203,-0.00023440599392557488,-0.0006580959884255135,-0.0002408055297514876
2026-03-16,-0.000525025059681828,-0.0002368033596092462,-0.0005755564048817284,-0.0002529865566552522
2026-03-17,-0.0007605057294671493,-0.00022101882760608663,-0.0007673679479789546,-0.00022467939218209396
2026-03-18,-0.0009009977624672208,-0.00021160148989806887,-0.0008441776195647565,-0.00021334397424217124
2026-03-19,-0.0007967875461760883,-0.00021858681695528833,-0.0008018247018485978,-0.00021959433325785226
2026-03-20,-0.000637180496006575,-0.0002292854555893102,-0.0007285069956664723,-0.00023041441391712792
2026-03-21,-0.0008380775985743867,-0.00021581909867893364,-0.0008071788698661394,-0.0002188041758343616
2026-03-22,-0.0007609158630786087,-0.00022099133589255636,-0.0007615921856608259,-0.00022553176765052063
2026-03-23,-0.00043126843034950414,-0.00024308797107036365,-0.0006380107236198222,-0.00024376967302024516
2026-03-24,-0.0007199605338177265,-0.00022373661730358551,-0.0007339572268340372,-0.0002296100796857997
2026-03-25,-0.0006227966434578963,-0.00023024962127259253,-0.0007254242344623136,-0.0002308693616592112
2026-03-26,-0.0008956063036741494,-0.00021196288539579927,-0.0008456768723846447,-0.00021312271750509407
2026-03-27,-0.0008976936957538571,-0.00021182296517595562,-0.0008085829718637412,-0.0002185969612656166
2026-03-28,-0.0006890890327602173,-0.0002258059684604005,-0.0007359354465350525,-0.00022931813797292633
2026-03-29,-0.0007193897997874531,-0.00022377487424235826,-0.0007481970491886649,-0.00022750859514033265
2026-03-30,-0.0006231656790610688,-0.0002302248844044076,-0.0006943127958537289,-0.00023546072563798576
2026-03-31,-0.0005551336614266114,-0.00023478514644447056,-0.0006544609747654573,-0.00024134197780813677
2026-04-01,-0.000700604384500122,-0.00022503408158649333,-0.0007036118268173217,-0.0002340883932190031
2026-04-02,-0.0007895506624774949,-0.00021907191334323274,-0.0008197851663362494,-0.00021694376377669978
2026-04-03,-0.0006837785315501338,-0.00022616193728102515,-0.000741000490481562,-0.00022857064890244354
2026-04-04,-0.0006564529291170242,-0.00022799360289716365,-0.0007251854533263888,-0.00023090460050239324
2026-04-05,-0.0005437364379164849,-0.00023554911505134927,-0.0006933338861704822,-0.0002356051911741083
2026-04-06,-0.0006977126836067092,-0.00022522791552342434,-0.0007386764838000381,-0.00022891362116734664
2026-04-07,-0.0004340586160082133,-0.00024290094181286746,-0.0006073928023840466,-0.0002482882046907191
2026-04-08,-0.000753611117305963,-0.00022148098115103292,-0.0007864348876134801,-0.0002218655313084514
2026-04-09,-0.0006352349949326975,-0.0002294158646967363,-0.0007385894544557439,-0.00022892646478417567
2026-04-10,-0.0005905659120599279,-0.00023241008315551598,-0.0006841589976512702,-0.00023695920289906782
2026-04-11,-0.0006814939233529815,-0.00022631507711723978,-0.000699970437784808,-0.00023462578214038764
2026-04-12,-0.0008727323956877072,-0.00021349614896676875,-0.0008252524914881516,-0.0002161369068493006
2026-04-13,-0.00038992557719664937,-0.00024585922864020195,-0.0005723159033948263,-0.00025346478339324753
2026-04-14,-0.0007110602880790513,-0.00022433321070476013,-0.0007800477139978561,-0.00022280813763514383
2026-04-15,-0.0006390037506157003,-0.0002291632407987973,-0.0007048940333181805,-0.0002338991677442361
2026-04-16,-0.0006606608188282332,-0.00022771154335540637,-0.0007471117444847185,-0.00022766876224113392
2026-04-17,-0.0005372958588377591,-0.0002359808342522489,-0.0006733792545470259,-0.00023855005585871254
2026-04-18,-0.0007935644656613843,-0.00021880286363792892,-0.0007993002404687824,-0.0002199668882268113
2026-04-19,-0.0008322084305992756,-0.00021621251555607908,-0.000816213872915383,-0.0002174708081277018
2026-04-20,-0.0005315336130265582,-0.00023636708401746271,-0.0006911149940533621,-0.00023593265084151564
2026-04-21,-0.0006509286164035823,-0.00022836390374139125,-0.0007258504654809566,-0.00023080645933668426
2026-04-22,-0.0005488304404179351,-0.00023520765838069507,-0.0006942887651764861,-0.0002354642720373428
2026-04-23,-0.0006825855937898436,-0.00022624190122996519,-0.0007773867391673811,-0.00022320083898652707
2026-04-24,-0.0007479575366277751,-0.00022185994697115167,-0.0007518060868505409,-0.00022697598056961956
2026-04-25,-0.0006757575444235433,-0.00022669959299651137,-0.0007345846313168383,-0.00022951748858518562
2026-04-26,-0.0006099886351437795,-0.00023110815635878548,-0.0006916424831225117,-0.00023585480505811232
2026-04-27,-0.0007832624227754051,-0.00021949342106576328,-0.0007976306110817644,-0.00022021328879741502
2026-04-28,-0.0007639873666651882,-0.00022078544958051052,-0.0007499752282095676,-0.0002272461750315392
2026-04-29,-0.0007311889882985816,-0.00022298396147302132,-0.0007708764321380196,-0.0002241616170965154
2026-04-30,-0.0006472439810618405,-0.000228610888959009,-0.0007347894063231357,-0.00022948726829870208
2026-05-01,-0.0005469398512549401,-0.00023533438668147375,-0.0007014384825046037,-0.00023440913103239802
