date,BTC_USDe,BTC_USDC,ETH_USDe,ETH_USDC
2024-06-20,-0.0011135917715988917,-0.00020661158752644705,-0.0010931046657938254,-0.00021373200288419156
2024-06-21,-0.0011134682378541835,-0.00020537811872286364,-0.001093414083385104,-0.0002126485320490927
2024-06-22,-0.0011145228664795352,-0.00020535562603401234,-0.001094860548851985,-0.00021289813342249665
2024-06-23,-0.0011133037412191112,-0.00020415341468048707,-0.00109665326461246,-0.0002126582943917926
2024-06-24,-0.001114781318361164,-0.0002031942029350204,-0.0010419792286316698,-0.0002100816783735247
2024-06-25,-0.0011145320215877835,-0.00020351862365561955,-0.0010503323590473534,-0.00019589436888929845
2024-06-26,-0.0011150256294242178,-0.00020288289676393613,-0.0010497351940584394,-0.00019498795726309958
2024-06-27,-0.0011167249405828537,-0.00020274565042389128,-0.0010549121256522734,-0.0001902820458041236
2024-06-28,-0.001117604370745914,-0.00020234041302625482,-0.0010506044431765416,-0.0001877429606733129
2024-06-29,-0.0011131168410366205,-0.0002033672644757943,-0.0010154858497620515,-0.00019210809773705616
2024-06-30,-0.0011108329850888785,-0.00020199694812318678,-0.0010148632986156816,-0.00020614246791619527
2024-07-01,-0.0011071304488459905,-0.00020382535520475665,-0.0010158368759764756,-0.00019965696532322843
2024-07-02,-0.0011060550143517098,-0.00020377969760804513,-0.0010159294173891834,-0.00020922509197094538
2024-07-03,-0.0011032519212933864,-0.00020134890889796057,-0.0010158328873145193,-0.00020656931277420552
2024-07-04,-0.001102661356468085,-0.00020180985297123382,-0.0010179351492137052,-0.0002065906521736788
2024-07-05,-0.0011111890546859507,-0.00019686838446202144,-0.0010381461553535325,-0.00019905205750166724
2024-07-06,-0.001110765628565905,-0.0002048944297253325,-0.001039305397243196,-0.0002014058445525237
2024-07-07,-0.0011108295351382601,-0.0001974686468783288,-0.001027971614827193,-0.00019815195557992097
2024-07-08,-0.0011100471245398674,-0.00020060901854254947,-0.001022915439983893,-0.00019631517328708913
2024-07-09,-0.0009913388580623478,-0.00020277477056820364,-0.0010065640982009928,-0.00019870127895075775
2024-07-10,-0.0009172119766394898,-0.00019839002916216149,-0.0009923911771229075,-0.00020177224295179924
2024-07-11,-0.0009152031041453313,-0.0002027920171857348,-0.000990573990202627,-0.00020007975341802565
2024-07-12,-0.0009064145378643493,-0.0002036506472703203,-0.0009895710886355141,-0.00020212039602672533
2024-07-13,-0.0008727223682306755,-0.00020388190725451245,-0.0009389680753737503,-0.00020019431303972503
2024-07-14,-0.0008575955128256739,-0.00020402001897046557,-0.0009485801568440687,-0.00019947599140874702
2024-07-15,-0.0008517035468408503,-0.0001976707478376266,-0.0009496808209892969,-0.00019209861210900118
2024-07-16,-0.0008500772313075974,-0.0001977012478381718,-0.0009463849306717196,-0.00019218078370225884
2024-07-17,-0.0008490900499033234,-0.00019390963840584913,-0.000945069362914937,-0.00019118202722323894
2024-07-18,-0.0008432576762316265,-0.00019069045700637847,-0.0009428903671236869,-0.00018655871079780183
2024-07-19,-0.0008551474600230628,-0.00018810065671000933,-0.0009444294362579806,-0.00018374511615968267
2024-07-20,-0.0008537319161018353,-0.00019050487868400458,-0.0009541802748474717,-0.0001864635784362803
2024-07-21,-0.0008476299373535122,-0.0001937302300307092,-0.0009454266765035984,-0.0001911581714995898
2024-07-22,-0.0008456725300383928,-0.00019024926203812753,-0.0009410642161212228,-0.00018543449578786
2024-07-23,-0.0008465852715188264,-0.0001873499786324576,-0.0009429133149145674,-0.00019130048056819894
2024-07-24,-0.000849428195302713,-0.00018432664481357044,-0.0009429080471488565,-0.00018773947914277258
2024-07-25,-0.0008501230820299085,-0.0001828094884250694,-0.0009441489822203683,-0.00018401484464031716
2024-07-26,-0.0009132391133248784,-0.00018056298259535604,-0.0009447626201750137,-0.00018641324904109161
2024-07-27,-0.000912612375850765,-0.00019039015901687253,-0.0009442577895743983,-0.00018733397944993135
2024-07-28,-0.0009120947931504144,-0.0001902719498743372,-0.0009438196804498998,-0.00018741748966969813
2024-07-29,-0.0009099554577751883,-0.00018040739101448747,-0.0009438326381603302,-0.00018413376316191797
2024-07-30,-0.0009138518671956632,-0.00018059214257828008,-0.000944530158802979,-0.00018399004450340636
2024-07-31,-0.0009132184166303366,-0.0001805664037027478,-0.000943471972105678,-0.00018417808434506306
2024-08-01,-0.0009112977519233392,-0.00018073045451402157,-0.0009411586051664526,-0.00019063641420618578
2024-08-02,-0.0009110724779303148,-0.00018025482518315033,-0.0009397062285994114,-0.00018806942676093767
2024-08-03,-0.0009167463834072253,-0.00017865549155153548,-0.0009480455583527349,-0.00018418389916366725
2024-08-04,-0.000916855338832179,-0.00018084471816821844,-0.000949017327843575,-0.00018794583258875103
2024-08-05,-0.0009202448538192681,-0.00017983035685737602,-0.0009519816206524923,-0.00018638321525988057
2024-08-06,-0.0009241622829004059,-0.0001826603688185307,-0.0009572825318537782,-0.00018922587661646394
2024-08-07,-0.0009358379608790777,-0.00018316539651777827,-0.0009601735311288419,-0.00019174532097467157
2024-08-08,-0.0009362607549052424,-0.00018384312542451024,-0.0009679714617737788,-0.00019180247184164752
2024-08-09,-0.0009307054922828207,-0.0001815151790548872,-0.0009606502934752655,-0.0001904238567805448
2024-08-10,-0.0009310395109734291,-0.00018155324334139447,-0.0009616595371713117,-0.00019039697389848897
2024-08-11,-0.0009211882158856412,-0.0001802819252712962,-0.0009657295658719603,-0.00019005705335218466
2024-08-12,-0.0009230733410546747,-0.00016667536673553763,-0.000964311516750923,-0.00018608032118217385
2024-08-13,-0.0009234584707755393,-0.00017649687474169035,-0.0009771849923923656,-0.0001868319117241897
2024-08-14,-0.0009219233304558699,-0.0001832023981118431,-0.0009627008214275042,-0.00018647746789124913
2024-08-15,-0.0009149805400881545,-0.00018411157410521035,-0.000960831973162743,-0.00018748534563551737
2024-08-16,-0.0009151520663981979,-0.00018580948089415023,-0.0009608823341174207,-0.00018783690661104953
2024-08-17,-0.0009214950099606836,-0.000185867052220597,-0.0009625100620793021,-0.00018626613255284067
2024-08-18,-0.0009156384168680095,-0.00018705592936277653,-0.0009622454873099218,-0.00018766911472160896
2024-08-19,-0.0009231384432021712,-0.00018884074446480367,-0.0009685898507061504,-0.00019353957237630296
2024-08-20,-0.0009232664002920939,-0.00021327737338326097,-0.0009684938914453195,-0.00019325245781907213
2024-08-21,-0.0009227739440620799,-0.00021158989272712566,-0.0009639209631382942,-0.00019428674218791733
2024-08-22,-0.0009244561941177,-0.00021377963115525072,-0.0009688528187271207,-0.00019808282328367393
2024-08-23,-0.0009203143841753148,-0.00021204215612813065,-0.000968471075444263,-0.0001947832261643628
2024-08-24,-0.0009197080720580661,-0.00018898789276097712,-0.0009666668865643766,-0.00019779745967218616
2024-08-25,-0.0006652479090617883,-0.00018124546860854432,-0.0007866180456622409,-0.000195557059455842
2024-08-26,-0.0006691431816279027,-0.0001876601820085046,-0.0007972113697575392,-0.00019755153920560144
2024-08-27,-0.0006699761192558879,-0.00018086075163194343,-0.0007973310084657793,-0.00019346851175539744
2024-08-28,-0.000676324656724316,-0.00021288686887085782,-0.0007987935861303075,-0.00019870994473425058
2024-08-29,-0.0006708068948410222,-0.00021355954025255652,-0.0007972903186907343,-0.00019625978836532236
2024-08-30,-0.0008674161634869479,-0.00018915186093989534,-0.0007665478082629571,-0.0001964529802092694
2024-08-31,-0.0008615219646528635,-0.00018570401189593508,-0.0007658279201574497,-0.00019593160696994814
2024-09-01,-0.0008518448173263528,-0.00021169471344134212,-0.0007560606377511781,-0.00019471960902953293
2024-09-02,-0.0008467814194212819,-0.00021313017302319493,-0.0007596859632438474,-0.0001963060257137949
2024-09-03,-0.0008491963068351943,-0.00021145332986274265,-0.0007652617605446158,-0.00019481703453541624
2024-09-04,-0.0008464555607181028,-0.00020674638010409344,-0.0007660052054754374,-0.00019074900656960235
2024-09-05,-0.0008500420786594372,-0.00020625429415130415,-0.0007627676382548044,-0.0001926763095189847
2024-09-06,-0.0008484171906766864,-0.00020744069476699698,-0.0007505077928930016,-0.00019260962361391238
2024-09-07,-0.0008393894778172312,-0.00020725706252742472,-0.0007491463159485821,-0.0001907829004264552
2024-09-08,-0.0008440846365985056,-0.00020632537814092305,-0.0007503581079923854,-0.0001895189105164637
2024-09-09,-0.0005550012295421324,-0.00020594005309060865,-0.0005363397188624157,-0.00018945231906812297
2024-09-10,-0.0005504481108685477,-0.00020432682143047158,-0.0005365943373634424,-0.0001893735431951231
2024-09-11,-0.0005482149267360042,-0.00020425188721925075,-0.0005312289467604782,-0.00018961847095486922
2024-09-12,-0.000551109698790726,-0.00020262856733974438,-0.0005395497113430783,-0.00018962456635655632
2024-09-13,-0.0005481592763416273,-0.00020523677882351642,-0.0005333212391774934,-0.00018982341385299575
2024-09-14,-0.00055014893280131,-0.00017784163446797627,-0.0005320945532893254,-0.00019127844097575764
2024-09-15,-0.0005454737294479129,-0.00020980079959377317,-0.0005427317912708992,-0.00019591425640986211
2024-09-16,-0.0005450063395701853,-0.00020967222985313928,-0.0005411581702976509,-0.00019616684024350122
2024-09-17,-0.0005488655718184171,-0.00020968633622874233,-0.0005432313910026478,-0.00019613329524522912
2024-09-18,-0.0005460764070213226,-0.00020966953240333537,-0.0005600668470870246,-0.0001943419456401224
2024-09-19,-0.0005471184819155363,-0.00020921891014885713,-0.0005595001255850259,-0.00018690639786111176
2024-09-20,-0.0005500800462766753,-0.00021011020917491784,-0.0005612634859390204,-0.00019456333574498246
2024-09-21,-0.000549508701495591,-0.00021035962086984105,-0.0005608947569860491,-0.00019500378301341874
2024-09-22,-0.0005492423712232024,-0.00021030607673569796,-0.0005610032606845351,-0.00019617975207078108
2024-09-23,-0.0005486541680937335,-0.00021032893033019965,-0.0005515651237151727,-0.00019219839659870337
2024-09-24,-0.0005506396127354777,-0.00021038510926218984,-0.00053883127594683,-0.0001921867454634705
2024-09-25,-0.0005506409256632268,-0.00020950777315715502,-0.0005379102794590632,-0.00019509924383678142
2024-09-26,-0.0005506255656925669,-0.00020997012341851564,-0.0005372333482065966,-0.00019580878209742196
2024-09-27,-0.0005508984906863034,-0.00021044760457180524,-0.0005345202613812143,-0.00019203162566830206
2024-09-28,-0.0005507998186416436,-0.00021044068329267686,-0.0005357125498011815,-0.00019602100513093338
2024-09-29,-0.000551604668034568,-0.00021064093342476094,-0.0005287086141160056,-0.00019170986150949417
2024-09-30,-0.0005506805504067032,-0.00021067854221150478,-0.0005211664153685074,-0.00019605618439034
2024-10-01,-0.0005492303250541505,-0.00021256479426947785,-0.000520592332374105,-0.000197355924879261
2024-10-02,-0.0005174412231725811,-0.00021011277527854274,-0.0005095809127853476,-0.00019252922746649002
2024-10-03,-0.0005263760935978649,-0.00020972938416541638,-0.0005119041982530772,-0.00019476942627710082
2024-10-04,-0.0005452664311308288,-0.00021160116669573803,-0.0005453291543169082,-0.00019466490174052206
2024-10-05,-0.000547693995705582,-0.00016163721454769714,-0.000547111381707338,-0.00018718790192155115
2024-10-06,-0.0005471955530214498,-0.00016063776901513715,-0.0005295291360878465,-0.00018788314930310573
2024-10-07,-0.0005446049439522882,-0.00018742713975002779,-0.0005289309745787359,-0.00018836223146421772
2024-10-08,-0.0005466257513785298,-0.00016393076872390483,-0.0005282829208142678,-0.00019081374720806521
2024-10-09,-0.0005441169238728318,-0.00019329534617544238,-0.0005233485771825336,-0.00019422320757626842
2024-10-10,-0.0005436999978934585,-0.00019239684433553268,-0.0005167417040952979,-0.0001941077713947576
2024-10-11,-0.0005398333291620307,-0.00019559285164176692,-0.0005140643197700313,-0.0001969648199413556
2024-10-12,-0.000545128083809207,-0.0001924408341660871,-0.0005178907261938822,-0.00019267205627716288
2024-10-13,-0.00053877322098439,-0.0001938007988842314,-0.0005165585126334029,-0.00019677652618605896
2024-10-14,-0.0005353773901529581,-0.0001923573095836098,-0.0005115944551271237,-0.00019203365087699806
2024-10-15,-0.0005329083594832043,-0.000188382785526732,-0.000512456494600168,-0.00019313882972504763
2024-10-16,-0.0005338127016425745,-0.00018869493292022956,-0.0005116277331789508,-0.00019381664758375607
2024-10-17,-0.000538302489300823,-0.00018892551897143115,-0.0005182561434902914,-0.0001953831521631556
2024-10-18,-0.0005346858327878266,-0.00018860901368714198,-0.0005171318862923111,-0.00019259105244771182
2024-10-19,-0.0005355794248690257,-0.00018882812895181588,-0.0005183027930313919,-0.00019271486987107957
2024-10-20,-0.000536145089657378,-0.0001941199938650311,-0.0005183480971716575,-0.00019689505425998262
2024-10-21,-0.0005397682455963704,-0.00019405216768347475,-0.0005244224388744602,-0.00019262521285952523
2024-10-22,-0.0005401916401196812,-0.0001927099988668032,-0.000527140378665088,-0.00019502873190237866
2024-10-23,-0.0005428692463500463,-0.00019142329737947822,-0.0005232683449527183,-0.00019212557428768655
2024-10-24,-0.0005408876598968787,-0.000194131875770138,-0.0005369521405769138,-0.0001974283928571093
2024-10-25,-0.0005431854101943768,-0.00019778998182802405,-0.0005349588847854391,-0.000165073213036488
2024-10-26,-0.0005392156319266194,-0.00018319954989949846,-0.0005510720473610433,-0.00019240162336109517
2024-10-27,-0.0005422227046770062,-0.0001958995438468943,-0.0005539570380896497,-0.0001805749945774298
2024-10-28,-0.000546811538097351,-0.00018631955703988235,-0.0005918695830142286,-0.00018279548251331086
2024-10-29,-0.000548134597432198,-0.00018361879202944697,-0.0005908288459794092,-0.00018151508320829316
2024-10-30,-0.0005491125097033237,-0.00018346259397350578,-0.0005931404700089408,-0.00017990304041589917
2024-10-31,-0.0005565971812620196,-0.00018344693587466632,-0.0005943302565496934,-0.00018037571509227593
2024-11-01,-0.0006108362168476499,-0.00018344018369755946,-0.0005656896917765041,-0.00017966611631368352
2024-11-02,-0.0006092823902249402,-0.00018182142545130895,-0.000562991871253135,-0.00018119411353865257
2024-11-03,-0.0006091249384440468,-0.0001818324323544119,-0.000562552369657997,-0.00018123476901888997
2024-11-04,-0.0006113888572516413,-0.00018413005750206503,-0.0005636213450094967,-0.00018166462666367226
2024-11-05,-0.0006098692074505527,-0.00018215058909805577,-0.000563085293101536,-0.00018234348707369568
2024-11-06,-0.0006100849934842362,-0.00018186922344941108,-0.0005675124513858705,-0.00017981449104946998
2024-11-07,-0.000611619342864476,-0.00017930721454376244,-0.0005699108020534491,-0.00017736748751766968
2024-11-08,-0.0006787617256704988,-0.00017759231218281453,-0.0007540555830017961,-0.0001792550246806486
2024-11-09,-0.0006788995674466386,-0.00018918152820998654,-0.0007545163316637575,-0.00019042427135598
2024-11-10,-0.000679085410928171,-0.00018919923266748527,-0.0007545103053746003,-0.00018761165219180638
2024-11-11,-0.0006796530580196792,-0.00018501166455185873,-0.0007607996715458527,-0.0001906965419221477
2024-11-12,-0.0006784799154469005,-0.00018925432138533507,-0.0007651859119767616,-0.00019588140971314033
2024-11-13,-0.0007701874010913405,-0.00018824610825103044,-0.0007738806488430055,-0.00020175647847044725
2024-11-14,-0.0007702481100573181,-0.0001874773949493465,-0.0007739606477470613,-0.0001940837294054908
2024-11-15,-0.0007737930889815933,-0.00018727761540147752,-0.0007811477323314957,-0.0001946943654561831
2024-11-16,-0.0007668269803846784,-0.00018744826702201601,-0.000794942264905241,-0.0001947126436884942
2024-11-17,-0.0007705720684910146,-0.00018709136054283874,-0.0007878572642665062,-0.0001921527975085343
2024-11-18,-0.0007699915633408147,-0.0001871594079209096,-0.000780589079035195,-0.0001921912783651595
2024-11-19,-0.0007711167344915845,-0.00018714772154544248,-0.00078215568465038,-0.0001924959535112393
2024-11-20,-0.0007715968989210161,-0.00018764186102328249,-0.0007931749113908909,-0.0001936520289930867
2024-11-21,-0.0008009488767480225,-0.00018707394633866325,-0.0007966615424793617,-0.0001931220774902586
2024-11-22,-0.0008071800427530628,-0.00018733690555380699,-0.0008033852456257912,-0.00019499454689037577
2024-11-23,-0.0007877100757380124,-0.0001873442600197477,-0.0008139943156478367,-0.00019576438454140156
2024-11-24,-0.0007779122290832117,-0.0001870161613823706,-0.0008102449765074877,-0.0001929677165311397
2024-11-25,-0.0007685099609647576,-0.00018701712946608422,-0.0008102024418187343,-0.00019290607091100085
2024-11-26,-0.0007710173633218043,-0.00018901934403571795,-0.0009183934577845153,-0.00019559301491911863
2024-11-27,-0.0007693104305644888,-0.00018898117065097638,-0.000915966436515574,-0.0001954478795322608
2024-11-28,-0.000767882604575712,-0.00018744021230363215,-0.0009094162561298762,-0.0001945513108758416
2024-11-29,-0.0007674241994606389,-0.00018801627679258364,-0.0009095524588684205,-0.00019474938036429518
2024-11-30,-0.0006758662824181105,-0.00018783673588149938,-0.0008059196356340811,-0.00019479690694536894
2024-12-01,-0.0006735701425440394,-0.00018842317042784025,-0.0007997051113941709,-0.00019627932662785315
2024-12-02,-0.0006726235324739281,-0.0001882817216213013,-0.0007978702136893242,-0.00019484249504874684
2024-12-03,-0.000671671651655291,-0.00018831173902879867,-0.0008009689687187038,-0.0001955130552636279
2024-12-04,-0.0006683879351626787,-0.00018921131578779378,-0.000795944074976935,-0.00019704432307873895
2024-12-05,-0.0006687640155294719,-0.0002178746630901972,-0.0007964554236600672,-0.00021326973019711738
2024-12-06,-0.0006689388004525692,-0.00021971681531642912,-0.0007966609271387779,-0.00021680231333275218
2024-12-07,-0.0006906376658925961,-0.00026426571597708515,-0.0007955267796236233,-0.0002723907275960614
2024-12-08,-0.0006842432199187465,-0.0002645166454706646,-0.000779697397880842,-0.00027173089188522586
2024-12-09,-0.0006835512033370188,-0.00026590756594507153,-0.0007796294877190741,-0.0002744388069671815
2024-12-10,-0.0006824443242662581,-0.0002694130475339424,-0.0007831086496592291,-0.00027484151770233283
2024-12-11,-0.0005669998490992667,-0.0002691774272419811,-0.0007429247843466193,-0.0002741607544384247
2024-12-12,-0.0005660041231854155,-0.00027049503193088653,-0.0007423411769888187,-0.0002746678724145468
2024-12-13,-0.0005640462868275056,-0.0002701377807888247,-0.0007420357732823448,-0.0002753829038833596
2024-12-14,-0.0005405889362092825,-0.000269553122265331,-0.0007355482491644635,-0.0002739494202005746
2024-12-15,-0.0005412473318991786,-0.00026888882357568796,-0.0007301376101980149,-0.00027294523897551025
2024-12-16,-0.0005407540954168953,-0.000269002039689987,-0.0007300946130347567,-0.0002727661558886774
2024-12-17,-0.0005389738739889902,-0.0002695572227882018,-0.0007297808466711783,-0.0002715869954781003
2024-12-18,-0.0005378152199747026,-0.00021207487439276097,-0.0007314724366581533,-0.00026833149371986443
2024-12-19,-0.0005643357774245587,-0.00020968173100795642,-0.0007449700249368324,-0.00021708674944253756
2024-12-20,-0.0006878909368433037,-0.00021076587186657302,-0.0007175494881813744,-0.00022178337350464654
2024-12-21,-0.0006630995604778204,-0.00021145101875243058,-0.00071696974504836,-0.00022448713614609694
2024-12-22,-0.0006694878918806743,-0.00020873416628643416,-0.0007310909614500513,-0.00020838350520481288
2024-12-23,-0.000670564958715975,-0.00020940318860500576,-0.0007321107115697504,-0.00019063060499763788
2024-12-24,-0.000663537844891528,-0.00020883725970319655,-0.0007150213082091069,-0.0002134712056819435
2024-12-25,-0.0006669212967081249,-0.00020954053422873845,-0.0007275919936145789,-0.00021536952045706645
2024-12-26,-0.000670698174404611,-0.0002084186623348184,-0.0007131088558977569,-0.0002135393364436889
2024-12-27,-0.0007337375296693347,-0.00020754791638288378,-0.0007000899937741416,-0.00021247040794724413
2024-12-28,-0.0007160667232268476,-0.00020779679369503542,-0.0006995223249973133,-0.0002126080439511714
2024-12-29,-0.0007146266462002588,-0.00020863514202134966,-0.0007019028547762686,-0.0002098827099964596
2024-12-30,-0.0007228640328693306,-0.00020725841117220456,-0.0007029426052426039,-0.00020978976167107823
2024-12-31,-0.0007151919073821925,-0.00020868311983362082,-0.000700596936127134,-0.00020991949779848427
2025-01-01,-0.0007376238769355286,-0.00020935044710393262,-0.0007041777052021389,-0.0002125967301142667
2025-01-02,-0.0007273739369022814,-0.0002068130857289665,-0.000695431348473327,-0.0002095082289488326
2025-01-03,-0.0007265555635527244,-0.00020669322307314162,-0.00069518701513742,-0.00020944535186348193
2025-01-04,-0.0007244292882940484,-0.0002071770640624994,-0.0006972905155331214,-0.00020872554837110096
2025-01-05,-0.0007224475197334317,-0.00020959285111974901,-0.0006974497481119208,-0.00021003360201981251
2025-01-06,-0.0007225637277346035,-0.00020957815671864385,-0.0006988169364353839,-0.00020984042737604437
2025-01-07,-0.0007371278781432741,-0.00020967848128109954,-0.0006963365461621531,-0.00020987827009830316
2025-01-08,-0.0007402244219610038,-0.0002080052077436812,-0.0007012386800676153,-0.0002107997289025774
2025-01-09,-0.000741649762252343,-0.00020854550389411345,-0.0007044597226949025,-0.0002099155142788947
2025-01-10,-0.0007421498468175679,-0.00020842984672857264,-0.0007050023597736227,-0.0002101507949039529
2025-01-11,-0.0007418220676126731,-0.00020884731302242709,-0.0007047519716436516,-0.00021005773377186677
2025-01-12,-0.000745552264792502,-0.00020691523095106365,-0.0007060463855448536,-0.00020853178843101134
2025-01-13,-0.0007517340395206427,-0.00019631579613072918,-0.0007114920129252188,-0.0001879212948027435
2025-01-14,-0.0007538510035713381,-0.00019578859782969996,-0.0007128559770460007,-0.0001816045518313122
2025-01-15,-0.0007488033485183101,-0.0001966830233548873,-0.0007103026955763344,-0.00018209816773377268
2025-01-16,-0.0007446411252008034,-0.00019716044202121912,-0.0007079628742607772,-0.00018393720535272821
2025-01-17,-0.0007467080752378678,-0.00019849102718194763,-0.0007099863287586001,-0.00019075840206045363
2025-01-18,-0.0007507315726427904,-0.00019645923340054586,-0.000709104633635504,-0.00018729578914754047
2025-01-19,-0.0007928339793690311,-0.0001962672387885036,-0.0007512970042354505,-0.00018229985108339305
2025-01-20,-0.000784738310349277,-0.0001947262739187115,-0.0007469843651214587,-0.00018845807622137659
2025-01-21,-0.0007845597008557292,-0.00020619313694769623,-0.0007456629378876806,-0.00025019504687428525
2025-01-22,-0.0007833301585163626,-0.0002050982831803253,-0.0007461864736065733,-0.00024020340279399177
2025-01-23,-0.000785874199570712,-0.00020591068448507538,-0.0007473136395125341,-0.00024296174005085416
2025-01-24,-0.0007867933464514624,-0.00020520119957385773,-0.0007512887951250777,-0.00025031629511957585
2025-01-25,-0.0007884453377501213,-0.0002032177295609354,-0.0007528821578575539,-0.00024044372282082778
2025-01-26,-0.0007887200650104642,-0.0002050458404252056,-0.000717368549794685,-0.0002499682898216973
2025-01-27,-0.0007890023170992381,-0.00020355626950672653,-0.0007581370165633729,-0.0002408828969284748
2025-01-28,-0.0008146648016878476,-0.0002049240156846514,-0.0007611737012911537,-0.00024974014598608447
2025-01-29,-0.0007885562871392263,-0.00020557493647572705,-0.0007617795971359233,-0.0002493836693640361
2025-01-30,-0.0007942753046118375,-0.0002032734046545329,-0.0007580485072166565,-0.0002446438984476162
2025-01-31,-0.0007856340293365662,-0.00020339800386053476,-0.0007489374812763921,-0.00025035183352673353
2025-02-01,-0.0007518771573719957,-0.00020412722324318454,-0.0007489223395307207,-0.0002499361169021945
2025-02-02,-0.000746059222402734,-0.00020252704989398427,-0.0007567631323606351,-0.00024715106966646154
2025-02-03,-0.0008420589588304636,-0.00020229961464530456,-0.0007574749933109908,-0.00026641457476861234
2025-02-04,-0.0008519416061541766,-0.00020288776874250592,-0.0008593872137207845,-0.00026724127092056846
2025-02-05,-0.0008423558226036472,-0.00020322075921191035,-0.0008615920393483895,-0.00026630201685757247
2025-02-06,-0.0008532414321316148,-0.000204743335945682,-0.0008651872268054461,-0.0002685400777223794
2025-02-07,-0.0008524988024274919,-0.00020324382107884283,-0.0008785556331029918,-0.0002668986271805723
2025-02-08,-0.0008677441032816483,-0.0002038727592557629,-0.0009017111403125608,-0.00026775867305133693
2025-02-09,-0.0008533925447993525,-0.0002047717536200544,-0.0008814661150926259,-0.000268004042949622
2025-02-10,-0.0008538054184640894,-0.00020265025281593916,-0.0008823340569172576,-0.00026580761793323357
2025-02-11,-0.0008532707658770414,-0.0002021135882866296,-0.0008815055544578824,-0.0002658912047288945
2025-02-12,-0.0008706900942158319,-0.00017797933385362512,-0.0009072046313308358,-0.00026338112433911786
2025-02-13,-0.000855225356804144,-0.00017741196712123123,-0.00089277320814804,-0.0002625971207980155
2025-02-14,-0.000855834533873295,-0.00026372219627999755,-0.0008942757500814172,-0.0002638173181875607
2025-02-15,-0.0008554067013006018,-0.0001772347472792444,-0.0008840159569240721,-0.00026155702150668927
2025-02-16,-0.00084561551213327,-0.0002630056156118916,-0.0008844123112720186,-0.0002614812213783468
2025-02-17,-0.0008386228906251852,-0.000262789196572344,-0.000878302779280703,-0.0002603669080966265
2025-02-18,-0.0008327922225550268,-0.000264316017737784,-0.0008786107314010806,-0.0002618235122944738
2025-02-19,-0.0008306183153852488,-0.0002636359211038179,-0.0008727290111228844,-0.0002610018154081253
2025-02-20,-0.0008304825786677679,-0.00017762396902401683,-0.0007560521837058683,-0.0002633414595367768
2025-02-21,-0.0008324495510628019,-0.00019066006527081644,-0.0008734440512918739,-0.0002639798640265571
2025-02-22,-0.0008828619955709407,-0.0002647851322449685,-0.0008776292127465268,-0.0002636396472313114
2025-02-23,-0.0008837663127373112,-0.0001860210950326381,-0.0008860794874878317,-0.0002123949177069751
2025-02-24,-0.000884149202069925,-0.00018044607607473016,-0.0008859089573179821,-0.00020929743365215552
2025-02-25,-0.0008876331036350625,-0.00020155215867549584,-0.0008949443375732689,-0.000218640545825739
2025-02-26,-0.000883562968539674,-0.00020272113690816238,-0.0009069371012153051,-0.00022133634496396322
2025-02-27,-0.0008902255176340461,-0.00020248063922834539,-0.000912663350747408,-0.00021772967304644882
2025-02-28,-0.0008898832227327225,-0.00020244525319476313,-0.0009184215756277424,-0.00021768078863267066
2025-03-01,-0.0008887470729591396,-0.00020239819034586438,-0.0009172903946623449,-0.00021753322404553135
2025-03-02,-0.0008876531463326754,-0.00020213505493241627,-0.0009178005679650618,-0.00021749065820702237
2025-03-03,-0.0008827686757234232,-0.00020242613607524045,-0.0008934175886993861,-0.00021833417407955656
2025-03-04,-0.0008951455358716801,-0.0002185551484410967,-0.000912817420770271,-0.00021769743339036636
2025-03-05,-0.000890542309659206,-0.00021473025351992088,-0.0009110951069432413,-0.0002173383773537511
2025-03-06,-0.0008898622469217137,-0.00021518958100808823,-0.0009099270895037792,-0.00021791479770462462
2025-03-07,-0.0008882028853220286,-0.00021924809230599522,-0.000917255427410904,-0.00022127886737826537
2025-03-08,-0.000890480209195946,-0.0002391639499931786,-0.0009123369607720792,-0.000292055207276201
2025-03-09,-0.0009040640426063185,-0.00021757738119649507,-0.000917688602585335,-0.00022183756497147974
2025-03-10,-0.000907666109375916,-0.0002147455906029114,-0.0009479118184557505,-0.00021935375920032493
2025-03-11,-0.0009105148615978447,-0.00021698793060069744,-0.0009526254751926288,-0.00021686507966204774
2025-03-12,-0.0008501873462527734,-0.0002147461102252725,-0.0009523346766883785,-0.00021807142751523588
2025-03-13,-0.0007923619043439309,-0.00021423955018028625,-0.0009521969469163091,-0.00021677725836338294
2025-03-14,-0.000795825632843671,-0.00021542357403055805,-0.0009505804326736656,-0.00021810245608354324
2025-03-15,-0.0007935682876914809,-0.00021627817462743134,-0.0009484765145103494,-0.00022029445837037993
2025-03-16,-0.0007966428103383702,-0.00021467673453762922,-0.0009435636931064926,-0.000220291414680857
2025-03-17,-0.0007949839007194708,-0.00022051496741886707,-0.0009505610100888027,-0.00022130673641174812
2025-03-18,-0.0007836008975842901,-0.00021682361094459788,-0.0009485956294482126,-0.00021932117491902728
2025-03-19,-0.000794569266152096,-0.00021513686813201413,-0.0009503795939110122,-0.00022048072301586636
2025-03-20,-0.0007859332470164511,-0.00021472432895238206,-0.0009449296022057871,-0.00021971518325054624
2025-03-21,-0.0007166676728274279,-0.0002250549591385542,-0.0009465469833571073,-0.00022278642374129066
2025-03-22,-0.0007203666875916161,-0.0002250320919753547,-0.0009535858818792571,-0.00022399451922547637
2025-03-23,-0.0007205672213305129,-0.0002245361996254444,-0.0009528561781493974,-0.00022278090687420792
2025-03-24,-0.000717419464045637,-0.00022501138063303145,-0.0009260617719415752,-0.0002244448896017252
2025-03-25,-0.0007142904110188901,-0.0002261295184138606,-0.0009111777447600515,-0.00022541420437225535
2025-03-26,-0.0006920203674636622,-0.00022538986311351183,-0.0008960408223904372,-0.0002233078159219405
2025-03-27,-0.0007041679840733749,-0.0002243512188602625,-0.0008979693350264585,-0.00022177716618791297
2025-03-28,-0.0007917503979754187,-0.00022472885236834693,-0.0009307228854118555,-0.00022209646802028282
2025-03-29,-0.0007943315211833113,-0.0002250462543274658,-0.0009326094647477515,-0.00022208812945299518
2025-03-30,-0.0008071645107080454,-0.0002241890021881116,-0.0009385776369998151,-0.00022164443173094647
2025-03-31,-0.0008066265569635239,-0.00022411695956429102,-0.0009433858600008914,-0.00022162703025806188
2025-04-01,-0.0007970775977151326,-0.00022401614438649953,-0.0009404704437449646,-0.00022172457586186876
2025-04-02,-0.0007946978713215682,-0.00022497142342869868,-0.0009344064994123721,-0.00022342909726830832
2025-04-03,-0.0008012442897849788,-0.00022337349482608006,-0.0009374975772546427,-0.00022119501509823442
2025-04-04,-0.0008006472261164088,-0.00022209706072897102,-0.0009379816427585611,-0.00021698225287430554
2025-04-05,-0.0007872575468946344,-0.00022065583696452776,-0.0009276719083322456,-0.0002160852155060897
2025-04-06,-0.0007925615817486997,-0.00021690496431768508,-0.0009410779256025322,-0.00021553917844551663
2025-04-07,-0.0008081015479836043,-0.0002138528301197983,-0.0009634980327174283,-0.00021896516328139952
2025-04-08,-0.0008081067009021235,-0.00021386335443908839,-0.0009675177399430077,-0.0002190174694950631
2025-04-09,-0.0008180127984039046,-0.00022756760348259178,-0.0009674810712103676,-0.00022738583915111476
2025-04-10,-0.0007802221431734712,-0.00022540153599887532,-0.0009959217814205284,-0.00022458357885028608
2025-04-11,-0.0007793086372476018,-0.00017108688708975854,-0.0010083546909736083,-0.00020312595212902047
2025-04-12,-0.0007815890544087821,-0.0001701113877716746,-0.0010075881402018783,-0.00020163036998858546
2025-04-13,-0.0007855834185333971,-0.00017093927969711453,-0.001008611856668005,-0.00020179990029600646
2025-04-14,-0.000786362203682323,-0.00017086935959846286,-0.0010094501951582488,-0.0002016426597606673
2025-04-15,-0.0007955979808382973,-0.00017078979602069412,-0.0010096855242738379,-0.00020138158065968571
2025-04-16,-0.0007989605333473219,-0.0001712060302122865,-0.001011075897698138,-0.00020177947532991724
2025-04-17,-0.0008063494247633194,-0.00017113338172249838,-0.001010761136441484,-0.00020346111206659417
2025-04-18,-0.0007904581202856311,-0.00016935761355966854,-0.0010073121640710463,-0.0001976364178676883
2025-04-19,-0.0007084025103392284,-0.00016871915274387433,-0.0010194777557473538,-0.00019578330457590548
2025-04-20,-0.0007398889545467492,-0.00017039992263575797,-0.0010195352345839677,-0.00019757230713693345
2025-04-21,-0.0007055288254006291,-0.0001719760781289298,-0.0010164940231392914,-0.00019824544047616834
2025-04-22,-0.0007157185100667933,-0.00016952093502596398,-0.0010169995882220683,-0.00019762567547835803
2025-04-23,-0.0007620049286738735,-0.00016806796055819466,-0.0010333436930618166,-0.0001977674109305823
2025-04-24,-0.000756035642862373,-0.00016913115146517977,-0.0010291217713027836,-0.00019828085189077863
2025-04-25,-0.0007562009228311226,-0.00016847106024391005,-0.0010298906022482178,-0.00019767694634467543
2025-04-26,-0.000703298161432527,-0.0001687753800045098,-0.0010263555056650867,-0.0001983247830051569
2025-04-27,-0.0007132977131682317,-0.0001687882459102506,-0.0010250715163652318,-0.00019834217082021494
2025-04-28,-0.0007035119415846724,-0.00016895228170906313,-0.0010273397176630763,-0.00019832111461024697
2025-04-29,-0.0007063505934351235,-0.00017031770380833774,-0.0010264775249555426,-0.00020013460941572698
2025-04-30,-0.0007105370412486667,-0.00017364724575531638,-0.0010265910665518867,-0.0002010913498623113
2025-05-01,-0.0007084013325838894,-0.00017359555368675876,-0.001026380778489549,-0.00020103125480222197
2025-05-02,-0.0007122273693309603,-0.00019093477669731386,-0.001029747824654226,-0.00020137533181103438
2025-05-03,-0.0007131726725599396,-0.0001911738201096838,-0.0010312060906653197,-0.00020225989075887325
2025-05-04,-0.0007027661941876563,-0.0001918080466516354,-0.0010293487885977687,-0.00020272010152658234
2025-05-05,-0.0007037453191635874,-0.00019193878945047003,-0.0010237699397390664,-0.00020286437874482093
2025-05-06,-0.0007022920854401715,-0.00019194634178346567,-0.0010223377088172498,-0.00020290112296944722
2025-05-07,-0.0007022453656546793,-0.00019323934740339956,-0.0010232795783081928,-0.00020402396736582748
2025-05-08,-0.0007098954122551092,-0.00019260006264603882,-0.001019057036327491,-0.000201408469281782
2025-05-09,-0.0007351225363070635,-0.00019146600921378238,-0.0009157041365289461,-0.0001890008141185443
2025-05-10,-0.0007331158357553953,-0.00019203119269002665,-0.0009095190143089849,-0.00018742827141303585
2025-05-11,-0.0007327155294250861,-0.00019199355579191895,-0.0009107988354666616,-0.00019210450652390958
2025-05-12,-0.0007337450003353461,-0.00019202208893693944,-0.0008984345374764009,-0.00019239011369723817
2025-05-13,-0.0007346986592973264,-0.00019180229253234576,-0.0008981210516072029,-0.00019246703306189273
2025-05-14,-0.0007232332001643322,-0.0001909562557006241,-0.0008913542661250746,-0.00019187241844882384
2025-05-15,-0.0007244834865548278,-0.00018761316952176313,-0.0008937379215854245,-0.0001906412772528332
2025-05-16,-0.0007258510100542875,-0.00016983133590303294,-0.0008868971265194345,-0.00018520625900930084
2025-05-17,-0.0007271185431070408,-0.00017009287189281505,-0.0008965928436372295,-0.00018178850895187888
2025-05-18,-0.0007295258462899925,-0.000174743664806984,-0.0008897187551943616,-0.00018381457785736528
2025-05-19,-0.0006974148928787733,-0.00017248232693715918,-0.0008338721856788689,-0.0001837685966233693
2025-05-20,-0.0006955741313065101,-0.00017236230161474754,-0.0008341575028553636,-0.00018333700818309604
2025-05-21,-0.0006954233270941301,-0.00017211766185394503,-0.0008339445709883744,-0.00017965245716859764
2025-05-22,-0.000696038922010575,-0.00017177904542712275,-0.0008339176805252424,-0.00016437624640561955
2025-05-23,-0.0006928729212643173,-0.00017111650566423297,-0.0008340418486394788,-0.00017782681382539465
2025-05-24,-0.0006886321444002518,-0.00017213976902501243,-0.0008343743823889098,-0.00017926640841763562
2025-05-25,-0.0006887628494342105,-0.00017430011758188648,-0.0008346264549739454,-0.0001799189129228709
2025-05-26,-0.0006715871758243198,-0.0001720908004251321,-0.0008200967770393058,-0.0001792748206775092
2025-05-27,-0.0006703454693983713,-0.0001710562015337725,-0.0008206070797795498,-0.00017842004549810275
2025-05-28,-0.0006684111301341866,-0.00016840248722563652,-0.0008206166539632078,-0.00017632335247186215
2025-05-29,-0.0006703551130152278,-0.0001682707215760286,-0.0008222513731914628,-0.00017638445912492734
2025-05-30,-0.0007040204222919757,-0.00017084570981910202,-0.0008773506891811716,-0.00018081333135814895
2025-05-31,-0.0007084081840742074,-0.00017175813352651842,-0.0008768338500698618,-0.0001816461201834319
2025-06-01,-0.0007218583136876872,-0.0001717420861022097,-0.0008905184773754335,-0.00018171402787176978
2025-06-02,-0.0007043742814031046,-0.00017179991824068177,-0.0008775259259694253,-0.00018258419809406647
2025-06-03,-0.000668340801720806,-0.000172050448130059,-0.0008366017030373634,-0.00018341544999911334
2025-06-04,-0.0006758243937919279,-0.0001735950282047051,-0.0008365018146529422,-0.00018340566070874025
2025-06-05,-0.0006749134480803427,-0.00017852391078062134,-0.0007358764722515768,-0.0001844364687691498
2025-06-06,-0.0006460288995081264,-0.00017833019661136598,-0.0007297361318795184,-0.0001856655720008101
2025-06-07,-0.0006749549880859234,-0.0001763314623339562,-0.0007356346922929419,-0.00018543260030274693
2025-06-08,-0.0006707282173217904,-0.0001754804966286124,-0.0007225326868486276,-0.00018469525638844728
2025-06-09,-0.0006706025981120743,-0.0001762064663777606,-0.0007223682788236826,-0.00018531167915747718
2025-06-10,-0.0006767504728556604,-0.0001808328714670762,-0.0007183850677128424,-0.00018531052682225585
2025-06-11,-0.0006771437328381608,-0.00018117275217762724,-0.0007296253148343522,-0.00019046802977444043
2025-06-12,-0.0006768921636881149,-0.0001812154748326151,-0.0007194705272461619,-0.00019047500180344661
2025-06-13,-0.0006783314250153489,-0.00017653409177290514,-0.0007226075347722018,-0.00018510575325100662
2025-06-14,-0.0006736507743978975,-0.00017574054621948557,-0.0007225395622216434,-0.00018267776478773546
2025-06-15,-0.0006725257942389133,-0.00017650405549730463,-0.0007219117938415625,-0.0001838011485287453
2025-06-16,-0.0006724061529351243,-0.00017603552623425515,-0.0007221759036054808,-0.00018270891562824904
2025-06-17,-0.0006742270078685728,-0.00017790680751847917,-0.0007359712718820442,-0.00018432940217757982
2025-06-18,-0.0006726792409378995,-0.000176380629332129,-0.000730430551678547,-0.00018374029912003985
2025-06-19,-0.0006772188971271681,-0.0001723594872168305,-0.0007388897446502018,-0.00018376728648824588
2025-06-20,-0.0006781842303436212,-0.00017635798713171768,-0.0007389508992527999,-0.00018496011711684188
2025-06-21,-0.0006826597883491113,-0.0001763738896088375,-0.0007386197637355498,-0.0001863849125470386
2025-06-22,-0.0006704525628732183,-0.0001968731000715007,-0.000697856223883346,-0.00018270728734004482
2025-06-23,-0.0006650365893162261,-0.00019678890423297662,-0.0006902585800129575,-0.0001844213363724644
2025-06-24,-0.0006620897576312265,-0.0001769898369581614,-0.0006972689747609597,-0.0001842981260334738
2025-06-25,-0.0006557988523065792,-0.00020988376366715098,-0.0006940052372906581,-0.00019438887540121637
2025-06-26,-0.0005016718678967813,-0.0002045349304261772,-0.000578260285157199,-0.00023532376427475095
2025-06-27,-0.0005024548633098834,-0.00020735069235960685,-0.0005791877392336168,-0.000237132325866891
2025-06-28,-0.0005024679154427725,-0.00020985156957893086,-0.0005792179285625248,-0.00023786619937090037
2025-06-29,-0.0004459151239004718,-0.00020732941462411463,-0.0004578915779018237,-0.0002369670119372068
2025-06-30,-0.00044625065167873575,-0.00021237310225822857,-0.0004551627045595929,-0.00023779302517609727
2025-07-01,-0.000441747764396823,-0.00021101996298774497,-0.0004484820654720762,-0.00023799579230084008
2025-07-02,-0.0004118717386158796,-0.0002133008721018031,-0.0004831246243605348,-0.00019941988790796156
2025-07-03,-0.0004088726355105417,-0.00021511535638455228,-0.00046127018527031987,-0.00023780726374760506
2025-07-04,-0.0004086331723708765,-0.00021579365137974884,-0.00045996329109521664,-0.00023852083531416312
2025-07-05,-0.0004083658157780683,-0.0002159997207737534,-0.00046009220203251897,-0.0002388583277861421
2025-07-06,-0.00041660753886285423,-0.0002229796292092927,-0.0004678914172931489,-0.00019397219323013918
2025-07-07,-0.0004107511505615745,-0.00019594408168432524,-0.00045811202199890074,-0.0001943273151035265
2025-07-08,-0.00041070003055825786,-0.00019784758170764415,-0.00046021462173984653,-0.00019473091031849075
2025-07-09,-0.0004191418494074057,-0.00019521492345241458,-0.00039546604212325624,-0.00019292478990933065
2025-07-10,-0.00042058996967958594,-0.00019534051547938448,-0.0004708671254485729,-0.0001940035679407342
2025-07-11,-0.00041647681902500097,-0.00022662745969233227,-0.0004611570707605405,-0.00022202390461142305
2025-07-12,-0.0004121562114339664,-0.00026701064481354645,-0.00046092430807227573,-0.00026476212086650776
2025-07-13,-0.0004063353365098811,-0.0002670272479969223,-0.00045158789367061617,-0.00026670262739917245
2025-07-14,-0.00041173834362860147,-0.0002673036529883871,-0.00046042119752202334,-0.0002666228166826897
2025-07-15,-0.00040687980111554095,-0.00026654289636840727,-0.00045828344238183215,-0.0002652921386691477
2025-07-16,-0.00040641094455665,-0.00026709464004842463,-0.00046090393773932784,-0.0002661852558337746
2025-07-17,-0.00040725732783306626,-0.00026762166696971677,-0.00045912583562919605,-0.00026768986060027447
2025-07-18,-0.0004102615309903665,-0.0002675955279063877,-0.00045891798839356376,-0.00026768992338151593
2025-07-19,-0.00041740461148351667,-0.0002540222571126724,-0.00046266614367400475,-0.0002671153954216278
2025-07-20,-0.0004038625236076501,-0.0002522795641603095,-0.00038716511990174,-0.00026638613107626537
2025-07-21,-0.0003977643549946647,-0.00025220569382019696,-0.0003841782074727106,-0.0002672239312500514
2025-07-22,-0.00039787991024698837,-0.0002525757629770188,-0.0003840235883514984,-0.0002672516787497485
2025-07-23,-0.0003980646891566938,-0.0002519261844798067,-0.00037432353959880024,-0.0002661830507089902
2025-07-24,-0.00039798368901230405,-0.00025339005598406963,-0.00038338266275178887,-0.0002667228941621868
2025-07-25,-0.00039807910057376055,-0.0002542713536629829,-0.0003837831497470143,-0.0002676798931918468
2025-07-26,-0.0003976236114375498,-0.00025337916631020294,-0.00038401499070369834,-0.00026727396734243294
2025-07-27,-0.00039744173462079237,-0.0002533091830485841,-0.00038448757740469505,-0.00026773852829727485
2025-07-28,-0.00039730417199993357,-0.00025460222072779296,-0.00038552987823711136,-0.00026791891959393666
2025-07-29,-0.0003886589887414197,-0.0002544662407843005,-0.0003798243299899979,-0.000267692866766369
2025-07-30,-0.00038638041697373145,-0.00025441611545760456,-0.0003797982161029126,-0.00026820937178857404
2025-07-31,-0.0003925009575688109,-0.00025396981373029413,-0.00039013053905032324,-0.0002679115307187668
2025-08-01,-0.0003822272227002466,-0.00025573911822987473,-0.000389709829643191,-0.0002701425924285802
2025-08-02,-0.0003681631243183335,-0.00027720175138061786,-0.00038346979001584343,-0.0002854014639254162
2025-08-03,-0.0003377087115304526,-0.0002845895647170399,-0.0003878246118666524,-0.0002854208943444855
2025-08-04,-0.0003378677176228959,-0.0002809875995590608,-0.0003882735315974137,-0.00029137902986612273
2025-08-05,-0.0003625073305995411,-0.0002803756551453793,-0.0003761486875690466,-0.0002874616070949259
2025-08-06,-0.00035175293918386294,-0.00028521261703741603,-0.000374763103482303,-0.000288088740636453
2025-08-07,-0.00036381618310470467,-0.00026432780993522584,-0.0003772210900462471,-0.0002810871373605755
2025-08-08,-0.00036582501723080014,-0.00025903132668455095,-0.00037185729984153296,-0.0002727018433168854
2025-08-09,-0.0003886754980447641,-0.00025979361527485664,-0.0004074872751678691,-0.0002647309296160796
2025-08-10,-0.0003869719859442894,-0.0002590476911710978,-0.0004080579391462952,-0.00023313677486930267
2025-08-11,-0.00036707767671284786,-0.00026074543482395424,-0.00040136501583863703,-0.0002693632435587602
2025-08-12,-0.00036771552473272695,-0.0002620430431759089,-0.0003953650563105889,-0.0002607538960594154
2025-08-13,-0.0003651017747983389,-0.00027620107437834263,-0.000390126222078702,-0.00026020957862170585
2025-08-14,-0.0003663781359836465,-0.0002759299598306337,-0.00038265037422164256,-0.0002698000068924424
2025-08-15,-0.00036480113131030225,-0.00027326894701282944,-0.00039023179714277784,-0.0002676556047461195
2025-08-16,-0.0003674003068205751,-0.00027294307965983016,-0.00039091560319057906,-0.00025372845358510393
2025-08-17,-0.0003644407511445351,-0.0002782927948556249,-0.000390923604298273,-0.00027084321455401913
2025-08-18,-0.00037390756690003113,-0.0002775382768294457,-0.0004065192838144299,-0.0002568273984946116
2025-08-19,-0.0003736140115804398,-0.00027303911152339413,-0.00039146434927249917,-0.0002552740320831519
2025-08-20,-0.00039983739949491436,-0.00027209351880679196,-0.00039902476440421716,-0.00025859363283251024
2025-08-21,-0.0003747671695479468,-0.0003318936785601407,-0.00039429487457840173,-0.0002795562316265396
2025-08-22,-0.0003742127702335538,-0.0003302358542019096,-0.0003977706425981036,-0.00030482473319290557
2025-08-23,-0.00035945874830907855,-0.00033340272263864673,-0.00037996736308118414,-0.00029248213212590814
2025-08-24,-0.0003525317053129465,-0.0003332183008629812,-0.00037859949109126143,-0.0002882482070733692
2025-08-25,-0.0003669332990915963,-0.00033103728810939854,-0.00039367210561509005,-0.0002729199770049123
2025-08-26,-0.00036253754557646575,-0.0003304458879475112,-0.00039425303021246465,-0.0002791757332164234
2025-08-27,-0.0003625898319384805,-0.0003314683456175944,-0.00039550281215051616,-0.00027897101473978614
2025-08-28,-0.0003610584813144815,-0.00033058758248072264,-0.00039425726817369074,-0.0002787735034972683
2025-08-29,-0.00035828140382284496,-0.00033251384750638375,-0.0003934770944273801,-0.0002746810531376677
2025-08-30,-0.00037864499917537723,-0.000347940827441517,-0.000379185945319821,-0.0003015976044876133
2025-08-31,-0.0003786775579471984,-0.00034741734686562085,-0.00038554952640874483,-0.00030032031439522835
2025-09-01,-0.00037958706809893895,-0.00031302024416813917,-0.0003999929327193334,-0.00029917885671315613
2025-09-02,-0.00037832908593206686,-0.0003168821778118508,-0.00038679007862229506,-0.00030061929626143483
2025-09-03,-0.0003844985709455794,-0.00033032148281270877,-0.00040325821856649713,-0.00030058596415221057
2025-09-04,-0.0003843442654393129,-0.00032985161455930653,-0.00040283090480952024,-0.00027201383249450816
2025-09-05,-0.0003813065777783437,-0.00032150991418868763,-0.00039314379600902973,-0.0002997703818345694
2025-09-06,-0.00040283882907568385,-0.00034883290155552634,-0.00038125006405915807,-0.0002980288021238546
2025-09-07,-0.00040287480716940803,-0.00034880750787192824,-0.00038603526712205447,-0.000298180690590838
2025-09-08,-0.0004030642436643167,-0.00034865221714060896,-0.0003824375313971808,-0.00029800341573379117
2025-09-09,-0.00040208701138095214,-0.00034919229283891497,-0.00037956082877298414,-0.0002985018747346368
2025-09-10,-0.00040139109482938807,-0.0003491700512038886,-0.00037937887680895545,-0.0002984904885160713
2025-09-11,-0.0003841995195969879,-0.00034893360952968275,-0.00036054886625281913,-0.00029761534449322007
2025-09-12,-0.0003947838673157311,-0.00034660676870913547,-0.0003627788928880535,-0.0002985160015702732
2025-09-13,-0.0003956222337308024,-0.00034738338460428596,-0.00037599753332597695,-0.0003000677669641544
2025-09-14,-0.00039460366883697467,-0.0003444378247310096,-0.00036265906352709346,-0.00029865408345863635
2025-09-15,-0.0003956305755022163,-0.00034542992888878465,-0.00037568816736635797,-0.00030025547132395895
2025-09-16,-0.00039657305193435975,-0.00034769887665610656,-0.0003763659759662878,-0.0002987903100889672
2025-09-17,-0.0004090282677608308,-0.0003467601540351807,-0.0003802771917487057,-0.0002988639278383028
2025-09-18,-0.00040949181248978715,-0.0003469126073622481,-0.0003784982074003792,-0.0002994370981887179
2025-09-19,-0.0003970500903587468,-0.0003447264534785513,-0.0003747349190555083,-0.0002981754625068337
2025-09-20,-0.0003971039557523299,-0.0002871966277490014,-0.00037988500858157615,-0.00027128312101144743
2025-09-21,-0.0004069467002340377,-0.0002851044282791453,-0.0003768914397882142,-0.0002688172635357339
2025-09-22,-0.00040183367693836754,-0.00028448334269361674,-0.0003831787949497021,-0.0002688764647413909
2025-09-23,-0.0004109322415492532,-0.0002859107519184142,-0.0003965967942261891,-0.0002712800432660398
2025-09-24,-0.0004168007173269081,-0.0003188405152330828,-0.0004700344414616186,-0.00028794967164932754
2025-09-25,-0.0004362284395999243,-0.0003223683881053109,-0.00048437011068631295,-0.00028817435303497927
2025-09-26,-0.0004872395205620277,-0.00032337349069103024,-0.0005328169302221943,-0.0002879523069155342
2025-09-27,-0.00042374263319757283,-0.00031232293834926203,-0.0005100822463771866,-0.000270721164295688
2025-09-28,-0.00041112985786547135,-0.0003160607061362245,-0.0005049939781353338,-0.000287678299537857
2025-09-29,-0.00042372341137412127,-0.0003138168684326629,-0.0005043527562419872,-0.00028791027519777
2025-09-30,-0.00042571364138299406,-0.00031649286618167226,-0.0005083159621681996,-0.00027148928704232207
2025-10-01,-0.0004254805264955892,-0.00031271026507579997,-0.0005089520749532887,-0.0002866431824956017
2025-10-02,-0.0004715513422496591,-0.0003146145569316633,-0.0005082300618649029,-0.00028833939817392475
2025-10-03,-0.00046637224289702064,-0.00031479000522745385,-0.0005080112052597131,-0.00028672346262997156
2025-10-04,-0.00048134707704858656,-0.0003152013134392158,-0.0005307572747785494,-0.0003127432683964484
2025-10-05,-0.0004816149349248321,-0.00031529957970593316,-0.0005315358203659653,-0.0003143277882544298
2025-10-06,-0.0004972229890939375,-0.0003171791876255276,-0.0005740971986702508,-0.0003149307935425612
2025-10-07,-0.0005146464102394228,-0.00031549466250813753,-0.0005743395420126217,-0.0003144886036240033
2025-10-08,-0.0005049454588641239,-0.00031323840202386507,-0.0005767009884964351,-0.0003127235525948394
2025-10-09,-0.0005110581323202158,-0.0003150668761047653,-0.0005937882642539758,-0.00031467217489694876
2025-10-10,-0.0005111124229745663,-0.00031576272173630405,-0.000593862010633735,-0.0003139374400722144
2025-10-11,-0.0005955742214411521,-0.00031971398743631355,-0.0006805340233227519,-0.00031302039785592606
2025-10-12,-0.0005992385505823193,-0.000328608568085897,-0.0006837645843022288,-0.00031302007315244673
2025-10-13,-0.0006091101699138762,-0.00032962549220568377,-0.0006944342529231109,-0.0003146316795968929
2025-10-14,-0.0006062032563256583,-0.00032963030448408,-0.0006910427990130042,-0.0003144495610104232
2025-10-15,-0.0005960751280054247,-0.0003242998937249446,-0.0006895018299411566,-0.0003142963213448609
2025-10-16,-0.0006107382134340934,-0.0003242867209777127,-0.0006928169639644247,-0.00031406033046672865
2025-10-17,-0.0005973678923391994,-0.00032815614641465397,-0.0006907894450393345,-0.0003147410399934054
2025-10-18,-0.0005982113210643255,-0.000323383931075659,-0.0006912950972927601,-0.0003139164423602147
2025-10-19,-0.0005961907886365653,-0.00032195578417769784,-0.0006798603199267151,-0.0003133132442791562
2025-10-20,-0.0005902836939224081,-0.0003243533274399731,-0.0006681165566574283,-0.00031485941846439087
2025-10-21,-0.0005893865492527096,-0.00032399455040942705,-0.0006731378498893955,-0.0003148539152814763
2025-10-22,-0.0005982833144053777,-0.0003183380168978414,-0.0006889264541368012,-0.0003140111325850116
2025-10-23,-0.0005929927239285934,-0.0002888228951451954,-0.0006892379215340555,-0.00028826088749759243
2025-10-24,-0.0005971224240286616,-0.00028718640193861313,-0.000689733695434435,-0.00027037750153119584
2025-10-25,-0.0005986437395581914,-0.00027876499602892034,-0.0006895076964025929,-0.00026982250184801244
2025-10-26,-0.0005915415283207525,-0.0002779543762518753,-0.0006883999403861071,-0.0002692343628943822
2025-10-27,-0.0005879483679993076,-0.00027885073544626956,-0.0006870190043289273,-0.000268288655366188
2025-10-28,-0.0005835429672781458,-0.00027892308177275435,-0.0006526001126017559,-0.00026833385427014816
2025-10-29,-0.000593245561111802,-0.0002789262598755163,-0.0006894651701997503,-0.00026837019582413635
2025-10-30,-0.000585568200784494,-0.000278444204187667,-0.0006890463055723383,-0.00026843106171745533
2025-10-31,-0.0005912822831141412,-0.00027843134666427036,-0.0006910259547181331,-0.000267814593233241
2025-11-01,-0.0005809564460633879,-0.0002871158065321145,-0.0006556524181969003,-0.00028472028420237753
2025-11-02,-0.0005796442288608019,-0.00028737806680532676,-0.0006599882955157159,-0.00028515736797156806
2025-11-03,-0.0005798397013116446,-0.0002875148630651179,-0.0006547946753957648,-0.0002851238361767128
2025-11-04,-0.0005798298783055493,-0.0002891401890331314,-0.0006564033104106636,-0.0002837702465475541
2025-11-05,-0.0005847785338399854,-0.0002948286494889591,-0.0006590102379485362,-0.00030314699880789887
2025-11-06,-0.00058073523365051,-0.00030069422111595454,-0.0006586341023618844,-0.0003032071129526368
2025-11-07,-0.0005826118991048689,-0.0002804019672888403,-0.0006599955370122668,-0.00030180131774966315
2025-11-08,-0.0005370815946909015,-0.0002853996740823598,-0.0006639951891533049,-0.00028437502015396575
2025-11-09,-0.0005427163407355149,-0.0002723441331181961,-0.000668405526072326,-0.0002695674780009104
2025-11-10,-0.0005458621435159139,-0.00027282554322353194,-0.0006856474227537659,-0.00026872679214915346
2025-11-11,-0.0005417219583448531,-0.00027278862468945765,-0.000667789277023699,-0.0002816333543604077
2025-11-12,-0.0005580541431725723,-0.00026406581067982184,-0.0006953051772386909,-0.0002810373963345788
2025-11-13,-0.0005577445386367858,-0.0002631573777818016,-0.0006981390873537315,-0.00028162244977025065
2025-11-14,-0.0005712472075077459,-0.0002615263475818848,-0.0007048489885842083,-0.00028011962397448455
2025-11-15,-0.0005636693194122504,-0.00025940149306729276,-0.0007034121955737266,-0.00027368715707327
2025-11-16,-0.0005624804425655732,-0.0002613265329344318,-0.0007034335235821194,-0.0002747466282887801
2025-11-17,-0.0005633216351281576,-0.00026106342657115846,-0.0007000428010760495,-0.0002786119743247767
2025-11-18,-0.0005786983528812104,-0.0002613447341060349,-0.0006816694203496443,-0.00027964738914081457
2025-11-19,-0.0005784025902050469,-0.0002605366987688398,-0.000681323025879593,-0.0002655502541501919
2025-11-20,-0.0005803259040668297,-0.00026062093391631856,-0.0006818483826472928,-0.00026946408327471066
2025-11-21,-0.0005824307871225958,-0.0002735324780019912,-0.0006822172913096901,-0.0002848515168189664
2025-11-22,-0.0005831589439990551,-0.00027176795674840626,-0.0006827775615918185,-0.00028601221571992417
2025-11-23,-0.0005870669745569988,-0.00027176146571682017,-0.0007028471137199743,-0.00028595553607045615
2025-11-24,-0.0005856756817661249,-0.0002723862328360098,-0.0007008295198819836,-0.00028577048813552107
2025-11-25,-0.0005817892281522898,-0.0002723747212464017,-0.0007042362253350374,-0.0002861392669904871
2025-11-26,-0.0005815536714330836,-0.0002712879945202543,-0.0007066425337186127,-0.00027665014740726644
2025-11-27,-0.0005835322504276653,-0.00027332954801594024,-0.0007094344449457806,-0.0002794651301945928
2025-11-28,-0.0005829539502730187,-0.0002721298198505777,-0.0007096152321904111,-0.00027710341112634033
2025-11-29,-0.0005945714668538945,-0.0002714384118879324,-0.0007086045255156246,-0.00026625057121750845
2025-11-30,-0.00059457222147784,-0.0002726090803270462,-0.0007108372264164092,-0.00027754160971422823
2025-12-01,-0.0005934567314134384,-0.00027167551199953275,-0.0007064927875152634,-0.00026949033787982356
2025-12-02,-0.000597021868966678,-0.00027053554568182153,-0.0007086998127224883,-0.0002666459482491995
2025-12-03,-0.0006106529127675708,-0.0002740617253405865,-0.0007085508460203151,-0.0002735776904580922
2025-12-04,-0.0006096440443728532,-0.00027321409124679287,-0.0007054496570748184,-0.0002652376481869471
2025-12-05,-0.0006010176587228782,-0.0002706308629758471,-0.0006994687584011127,-0.0002621029835775534
2025-12-06,-0.0006086870887313841,-0.00027223640128508163,-0.0007087227803846695,-0.0002654528952935938
2025-12-07,-0.0006095004019224186,-0.00027335074132328873,-0.000713664824681544,-0.0002758733790474104
2025-12-08,-0.0006105754196617013,-0.00027359757760311404,-0.0007154885900058698,-0.00027375507361378367
2025-12-09,-0.0006131502355072063,-0.00027314368277489413,-0.0007150493913183228,-0.00027394044630412443
2025-12-10,-0.0006079220066113231,-0.00027280934637174834,-0.0007135516703866003,-0.0002737566651884053
2025-12-11,-0.0006296141853241754,-0.0002672987238621592,-0.0005870234305988146,-0.0002751032852458693
2025-12-12,-0.0006128774402363614,-0.0002669213884812751,-0.0005830987312723399,-0.00027389852403323284
2025-12-13,-0.000609517875127399,-0.00026694133423367506,-0.0005832612329790905,-0.00026235169701001375
2025-12-14,-0.0006102222264862319,-0.0002671081522686564,-0.000581600676441627,-0.0002623256268061701
2025-12-15,-0.0006172155963862921,-0.00026662189480507745,-0.0005820983764759021,-0.00026187556697810776
2025-12-16,-0.000613892931258195,-0.00026454303523913686,-0.0005836757071465982,-0.00025729707518602226
2025-12-17,-0.0006091032174442038,-0.00026404545449446764,-0.0005817939543973613,-0.00025657017237046574
2025-12-18,-0.0006083088802542861,-0.00026428026224769826,-0.0005814548811899448,-0.0002566227374375226
2025-12-19,-0.0005978105949034226,-0.0002593830711194884,-0.0005770503034572115,-0.00024701257889974673
2025-12-20,-0.0005942734887717485,-0.00025997553625921956,-0.0005742400523063672,-0.0002459753921025527
2025-12-21,-0.0005995086828324485,-0.0002569515767923828,-0.0005748865256048956,-0.00025280379959029595
2025-12-22,-0.0006024398008669798,-0.00025648008705733135,-0.0005778859395342583,-0.00024654402082010445
2025-12-23,-0.0005974357710397553,-0.0002564339868475653,-0.0005737876362299158,-0.00024651129611750973
2025-12-24,-0.0005962683026268762,-0.0002567553244737219,-0.0005651009167837408,-0.00024901949012402097
2025-12-25,-0.0005849605712494229,-0.00025439252944638657,-0.000565164147677395,-0.00024076338398963922
2025-12-26,-0.000596977345689975,-0.0002563995108195038,-0.0005657755145299424,-0.0002449774076648068
2025-12-27,-0.000585734091833042,-0.0002479409287196102,-0.0005643890644260085,-0.00024349955657272415
2025-12-28,-0.0005940912167936035,-0.00025013956708066197,-0.0005624443164196068,-0.0002454026581410612
2025-12-29,-0.0005826071354891644,-0.00025679999277744564,-0.0005618816611444244,-0.0002489367943587464
2025-12-30,-0.0005809284853150541,-0.00025679561720208803,-0.0005599761146002582,-0.000248289634776486
2025-12-31,-0.0005824317587211095,-0.0002568973478745393,-0.0005572779154380259,-0.00024784634749082797
2026-01-01,-0.0005846036687901318,-0.0002569601645784077,-0.0005569171042464628,-0.00024781103616248047
2026-01-02,-0.0005836197823469928,-0.00025720427842444574,-0.0005584255780228373,-0.0002482119844928526
2026-01-03,-0.0005945961567758608,-0.0002608602190393537,-0.0005503913655139342,-0.000264091545343696
2026-01-04,-0.0005969279028207944,-0.000260902157065828,-0.0005530403561383561,-0.00026048960072436726
2026-01-05,-0.0005930985465817396,-0.0002575066417573834,-0.0005498661000939133,-0.00024789931157777865
2026-01-06,-0.0005867321130039541,-0.0002534266462541882,-0.0005515341345568917,-0.0002452784225145544
2026-01-07,-0.0006022213915241458,-0.00025473120537565486,-0.0005508189886148949,-0.00024535492995509804
2026-01-08,-0.0005984105116458875,-0.0002526155877796492,-0.000552362992643455,-0.000245825793359045
2026-01-09,-0.0005871806869501265,-0.00025678034164470115,-0.0005545185801135969,-0.0002526003975476129
2026-01-10,-0.0005715395419109065,-0.00025680928145136036,-0.0005595508835727831,-0.0002521167814397729
2026-01-11,-0.0005674278860228361,-0.000255565472209098,-0.000562364007155264,-0.0002472988040848071
2026-01-12,-0.0005669236438524302,-0.00025684164701978465,-0.0005612392161488337,-0.0002527631382056347
2026-01-13,-0.0005662993957561126,-0.00025727618262123196,-0.0005609310980888196,-0.000252726318013237
2026-01-14,-0.0005714528611478702,-0.00024885805292988055,-0.0005526109574048166,-0.00026420782508063703
2026-01-15,-0.0005686020903981924,-0.00025997586080541004,-0.0005518370045640658,-0.0002642666016616508
2026-01-16,-0.0005691059629898952,-0.0002599805626185016,-0.0005531969738547498,-0.00026506117880111305
2026-01-17,-0.0005715824117080404,-0.00025985137787746664,-0.0005534641751234197,-0.00026516540099007723
2026-01-18,-0.0005697507995223778,-0.0002601125836618159,-0.0005519764670943113,-0.00026516733228230363
2026-01-19,-0.0005646136750789368,-0.0002605010158868723,-0.0005525059441754415,-0.00026721786270365074
2026-01-20,-0.0005339620213658684,-0.00025933850718270763,-0.0005517315272982016,-0.0002652402051631304
2026-01-21,-0.0005173163348466079,-0.0002874608655772792,-0.0005510367505229992,-0.00025934617812868615
2026-01-22,-0.0005309822082134021,-0.00026664797192482763,-0.0005527240563553377,-0.0002512085763047559
2026-01-23,-0.0005293782531492555,-0.00026451147936654927,-0.0005530177648960605,-0.0002486081751654337
2026-01-24,-0.00042333568097037514,-0.0002644828229509412,-0.0005472182844693631,-0.00024775977727640216
2026-01-25,-0.00042257284097412553,-0.00026528798478163255,-0.0005443427822186562,-0.00022672498490988
2026-01-26,-0.0004244762236408968,-0.00026463599953449,-0.0005485144370897865,-0.000223716534505518
2026-01-27,-0.00042329662774014506,-0.0002797201838639618,-0.0005461055919827143,-0.0002709244533962012
2026-01-28,-0.0004096569818253088,-0.0002810629670984476,-0.0005444951032127329,-0.0002743414324235924
2026-01-29,-0.00040800893160648896,-0.0002841044565584127,-0.0005445305308987349,-0.0002755436618014553
2026-01-30,-0.00041502799313182455,-0.00027983198947152313,-0.0005466962301067451,-0.00027388962479019227
2026-01-31,-0.00041518587266528405,-0.0002797123136727933,-0.0005494426033382009,-0.0002746532487892166
2026-02-01,-0.0004188087785331445,-0.0002629157326722597,-0.0004611002169061778,-0.0002666401027424128
2026-02-02,-0.00041963903132901726,-0.0002624323409764177,-0.00046349722650494593,-0.0002606919077273923
2026-02-03,-0.0003862631428620199,-0.0002611880923113366,-0.0003834596722609989,-0.00025811571798832223
2026-02-04,-0.00038682571283563263,-0.000261365860436978,-0.0003842778943798123,-0.00026334839258081226
2026-02-05,-0.0003789154585555274,-0.0002612121621805513,-0.00038247926448159176,-0.0002622607929005551
2026-02-06,-0.0003863305848713284,-0.00025873810499022924,-0.00038477252942611674,-0.0002619072989211123
2026-02-07,-0.0003824752303185371,-0.0002609325538267848,-0.00038315628663736966,-0.0002643424231706956
2026-02-08,-0.00035262196344104115,-0.00025850761083972683,-0.000360407912628852,-0.0002606451866989465
2026-02-09,-0.0003468184422326404,-0.0002587001638115804,-0.0003564173932940827,-0.00026046007740815677
2026-02-10,-0.0003483357818288484,-0.000258606671528324,-0.00034643196196437856,-0.0002617714476002396
2026-02-11,-0.0003547904125474712,-0.0002610318844530501,-0.0003498045116461405,-0.0002642205805534591
2026-02-12,-0.0003572142011551094,-0.00026032701171765064,-0.00035123280347397847,-0.00026423600264452305
2026-02-13,-0.00035501185669070803,-0.0002692695830636289,-0.0003497374961849194,-0.00026404456653869384
2026-02-14,-0.00034470386668962076,-0.000259385478307388,-0.00034769482737696,-0.0002643869622598304
2026-02-15,-0.0003418933098846349,-0.0002700709640998807,-0.0003462857287553324,-0.0002664811448953182
2026-02-16,-0.000341894336204286,-0.0002628270015223321,-0.00034873857025389057,-0.00026591809196914706
2026-02-17,-0.00034240905680701683,-0.00025957612650363094,-0.0003455463778143879,-0.0002639230923038003
2026-02-18,-0.00034558173637394714,-0.00025861836713254004,-0.0003489576133885184,-0.00026170866463275544
2026-02-19,-0.0003455249006793977,-0.000258626594624369,-0.00034847058330093726,-0.000261683326783105
2026-02-20,-0.000345272517636457,-0.0002586458273576285,-0.0003484319113561785,-0.0002617450575632952
2026-02-21,-0.0003446477716208908,-0.00025864819874654434,-0.0003449756378830696,-0.00026174155197511163
2026-02-22,-0.00034563531934574446,-0.00025862281284012395,-0.0003492314339844859,-0.0002574342082283445
2026-02-23,-0.0003458313237946665,-0.00025856066568497564,-0.0003492724804642267,-0.0002607417891748684
2026-02-24,-0.00034738358984661794,-0.00025908072770961774,-0.00035074903410716,-0.00026173722466817567
2026-02-25,-0.00035321196372660755,-0.0002591558024187575,-0.00035579340404239,-0.00026178667358574037
2026-02-26,-0.0003511717196824833,-0.0002585988846819862,-0.0003678795466626565,-0.0002612051251341116
2026-02-27,-0.00035027829708000283,-0.0002633369788029488,-0.00036781026399801257,-0.0002622374016100287
2026-02-28,-0.0003457687678458013,-0.00026823565166129136,-0.0003683099888118709,-0.0002622948162059974
2026-03-01,-0.0003282931790295094,-0.00023918174664596086,-0.00037379091803279435,-0.00023265991764135334
2026-03-02,-0.000329629643423485,-0.0002409735871402247,-0.000374163432363592,-0.00023043460780940994
2026-03-03,-0.00035423060661387337,-0.00023084899735879586,-0.00036807145807648986,-0.00022998363787203935
2026-03-04,-0.00035584787914130626,-0.000238944220248382,-0.0003708186859738102,-0.00023241891776018864
2026-03-05,-0.0003484399661521393,-0.0002523979411460331,-0.00036389196927045885,-0.0002382968136013657
2026-03-06,-0.00034522895712234443,-0.00023877617883691718,-0.00036304239769417083,-0.00023661467869925287
2026-03-07,-0.0003496272028392543,-0.000242148275504272,-0.0003614185166111027,-0.00023864902119506346
2026-03-08,-0.00034871504814631683,-0.0002378741003064114,-0.00036428467244015356,-0.00023514823551561124
2026-03-09,-0.00034860190145704603,-0.00020627385220192644,-0.00036397048853064766,-0.00018976033705692626
2026-03-10,-0.0003487794802562375,-0.00020637925695915542,-0.00036292959322754056,-0.000189794173172149
2026-03-11,-0.0003550320919622813,-0.0001910886436605902,-0.0003663718138023414,-0.00018184226741917593
2026-03-12,-0.00035433613690643233,-0.00019223538551955507,-0.00036394157598346394,-0.00018337362087901185
2026-03-13,-0.0003544490028951104,-0.0001975116102194152,-0.0003641156000225133,-0.00018309263186765755
2026-03-14,-0.000354821259163482,-0.000201124066360465,-0.0003679421266194956,-0.00018348856932991737
2026-03-15,-0.0003497735444434515,-0.00019953542048102308,-0.000363149596308357,-0.00019143073178835905
2026-03-16,-0.0003487743040502575,-0.00019964334399389711,-0.0003586981779076246,-0.00019148421729335232
2026-03-17,-0.0003480505128035545,-0.00020231615159120621,-0.00035149754839383255,-0.0001931770207622434
2026-03-18,-0.0003496773606753803,-0.0002009521167956389,-0.00035360384234081876,-0.00019196316272953034
2026-03-19,-0.00037887041479158623,-0.00020222271433743263,-0.0003639745523908186,-0.00019351940366302956
2026-03-20,-0.0003535725433817134,-0.00020217514201732197,-0.00035419227960189,-0.00019359149505720742
2026-03-21,-0.00035152805949020284,-0.00020299719579666478,-0.00035418862714343166,-0.0001971089669424151
2026-03-22,-0.00035109918351298314,-0.00019421941241257675,-0.00035362899217178156,-0.00019036873391693905
2026-03-23,-0.0003505052781504925,-0.0001945003612462502,-0.0003513674518112038,-0.00019136026004747385
2026-03-24,-0.0003367657096001535,-0.0001951044354101954,-0.00034533865122179285,-0.00019289243890256632
2026-03-25,-0.00033778698201333325,-0.00019515990452203836,-0.00034614061765917136,-0.00019376856784166283
2026-03-26,-0.0003499844834290799,-0.00019511872450320495,-0.00035148062297462056,-0.0001936187502534036
2026-03-27,-0.00033867706792252693,-0.0001935569512547815,-0.0003478552792231018,-0.0001895410200724731
2026-03-28,-0.0003385890169663944,-0.00019403302580812653,-0.0003473611825048421,-0.00019004153111465674
2026-03-29,-0.00033687344679522713,-0.00021682066893787276,-0.00034614049434173816,-0.00021124794669669667
2026-03-30,-0.0003348459082435056,-0.00021675247915906183,-0.00034387865834584143,-0.00021192717826102906
2026-03-31,-0.00033706555685461586,-0.00022127601046439838,-0.0003460580354199083,-0.00024397043034261428
2026-04-01,-0.00033248111868807253,-0.00022040841838883576,-0.00034414214312624125,-0.00024192465735319246
2026-04-02,-0.0003349630868205436,-0.0002188542853061437,-0.00034050135140835364,-0.00024051490916969785
2026-04-03,-0.00033810893065904966,-0.00022158822940881895,-0.00034662588833349594,-0.00024775088010998297
2026-04-04,-0.0003395456938553891,-0.0002222523128149724,-0.0003476462291536302,-0.0002494207538620398
2026-04-05,-0.00033917226174569266,-0.00022221953107521867,-0.0003486118971053921,-0.0002498980875102994
2026-04-06,-0.00033725173601763654,-0.00022122379358417,-0.0003457235705340418,-0.00024814727152264784
2026-04-07,-0.00033743732923853254,-0.00026446999722012606,-0.0003457578977162934,-0.0002448125628902079
2026-04-08,-0.00033298747760021895,-0.0002676091351062772,-0.00034767744172543613,-0.0002539457366761247
2026-04-09,-0.0003347068429146782,-0.00026671653133572283,-0.00035096278575870687,-0.00025243681799078967
2026-04-10,-0.00033332322749376363,-0.0002683001622108228,-0.0003494996404337776,-0.00025274299167909277
2026-04-11,-0.0003330964116263315,-0.0002684831983945596,-0.00032236702914250937,-0.0002546862874019945
2026-04-12,-0.0003327419572059754,-0.00026863225941340155,-0.0003423105042692823,-0.00025517588260729797
2026-04-13,-0.00033053100013413425,-0.0002671878395945965,-0.0003419560219619393,-0.0002529190789861371
2026-04-14,-0.00033042306369581483,-0.00026793630792673666,-0.0003456745849903314,-0.00025181390943964884
2026-04-15,-0.00033036820932294807,-0.0002681300314202156,-0.000345401778820305,-0.0002525449334522921
2026-04-16,-0.0003306692888205845,-0.00026931669217429045,-0.0003452196992560425,-0.0002556862336367993
2026-04-17,-0.0003269081038408547,-0.00026952635278676765,-0.0003394455756487495,-0.0002561456035907612
2026-04-18,-0.0003310890374227086,-0.00026897737041913156,-0.0003449764094953194,-0.0002535582033041347
2026-04-19,-0.00033005057337381953,-0.00026949823826265924,-0.00034913759625603593,-0.00025568095955795793
2026-04-20,-0.0003320116327927055,-0.00026755041765818936,-0.00034894383412220896,-0.0002535642695473234
2026-04-21,-0.00033167822288738294,-0.00026956773305332444,-0.0003490178994531848,-0.0002556079712004939
2026-04-22,-0.00033496354034771674,-0.0002707665659899339,-0.0003397845054693728,-0.00025638458373259304
2026-04-23,-0.0003273772826800038,-0.00027129988905478104,-0.0003400161342432522,-0.00025708862498239785
2026-04-24,-0.00032770767134007614,-0.0002730207021441132,-0.00033998889702065854,-0.0002604616561030696
2026-04-25,-0.0003306115440290229,-0.0002710245116565391,-0.00033672092098785015,-0.00025703826909807934
2026-04-26,-0.00033058595876520746,-0.0002710415477489657,-0.0003368636922996584,-0.00025699515311824615
2026-04-27,-0.00033046045828170277,-0.00027501198957911134,-0.00033669468226462534,-0.00026042351703072403
2026-04-28,-0.00032969235733480603,-0.00027188137875549964,-0.0003340656527345329,-0.00025695645623450766
2026-04-29,-0.0003229177432425393,-0.0002746920535825139,-0.0003149283161273074,-0.0002602921647592246
2026-04-30,-0.00032327543212736973,-0.00027066289362895015,-0.0003169001149137705,-0.00025649052338626944
2026-05-01,-0.00032292115993258567,-0.0002708769437687617,-0.0003171005059842404,-0.00025669721826836965
