date,BTC,ETH,USDe,USDC
2024-02-21,-0.23380249887280627,-0.3953706985039484,0.08335542087691074,1878.6904612166672
2024-02-22,-0.2916277663546513,0.017491707507223793,-1.3688026165994243,64.13520043471158
2024-02-23,-0.32586404083655995,-0.48190761034618335,0.96413274857696,64.15537393418396
2024-02-24,0.4795373961059143,0.703738660084579,-0.18184614655695733,64.18914439566527
2024-02-25,0.09119272871734083,1.164279552824488,0.11468331456267143,64.03211803032522
2024-02-26,1.6515606393868745,0.6163540085103163,1.5120053407201193,64.26313426181777
2024-02-27,1.4596059236197616,0.6075376524977237,-0.5852138264357616,64.11731791222024
2024-02-28,2.9310288466476098,1.2679542308478968,1.9072364431790445,64.17307981026167
2024-02-29,-0.6642092929024633,-0.36167909474651605,-2.1695727144060366,64.0746360419545
2024-03-01,0.6291734800870064,0.8066033301257588,0.8147780151894497,64.28431685826733
2024-03-02,-0.2193456215245932,-0.09896099618094319,-0.05015968499020478,64.03868548700616
2024-03-03,0.6039666656639132,0.6043368597775465,-0.49431063354713606,64.23513671385078
2024-03-04,2.7053913143449937,1.1772893296105444,1.2471002970008984,64.13565716548773
2024-03-05,-2.3066606196933805,-0.597041085787949,-0.16640297193508363,64.15880540040227
2024-03-06,0.9726311305285013,2.0314878562284027,-0.6222314384102121,64.06408462065347
2024-03-07,0.34403447789554054,0.38510010822455054,1.0280588655919953,64.18808789778845
2024-03-08,0.5910735048922401,0.13842339059859246,1.0773141037486231,64.24885263206596
2024-03-09,0.08342363679803941,0.1855670198510896,0.34384982073521686,64.13670250587707
2024-03-10,0.23245528451866698,-0.24928267971574192,-2.279239133018079,64.08932439466976
2024-03-11,1.4184095605472906,1.4012982905923108,-1.140208571979859,64.15467445045101
2024-03-12,-0.2990495047761418,-0.6002594344569347,0.2897853399352353,64.16456989644759
2024-03-13,0.7442734374150817,0.19412059576517593,0.6775756619874119,64.09064537711569
2024-03-14,-0.8163226857514289,-0.8977405803306908,-2.1833048472274434,64.27136326428808
2024-03-15,-0.9845706168941123,-1.0241519430161128,0.591132529970705,64.13296284920433
2024-03-16,-2.06583846930835,-1.4205620538948998,-0.7647361188996089,64.14381770389011
2024-03-17,1.3253714011233975,0.6945667078069662,0.21583399901913017,64.13868897392017
2024-03-18,-0.3696537732048726,-0.8143725239037546,0.6357807829763378,64.05519691555446
2024-03-19,-2.6446754102369385,-2.5575049466465756,-0.7970461594964516,64.3030700162219
2024-03-20,2.1743043481166655,1.5444503504331404,1.25199047317384,64.11296194674073
2024-03-21,-0.8572009664564295,-0.0907722126124907,-0.49026396808546097,64.10391427650677
2024-03-22,-0.6255138469776653,-0.9592112005084734,0.10330257737239901,64.15567823026366
2024-03-23,0.1023383209582488,0.02621787508495575,0.0895597811984053,64.2229201762786
2024-03-24,1.1944227790674773,0.8533076347381394,-0.13836674676974975,64.08529072891584
2024-03-25,1.006221097812303,1.0240928815674553,0.40495976840683573,64.09020218149216
2024-03-26,0.007000402791069979,-0.014913727073701692,-0.3867190658528744,64.28058715054475
2024-03-27,-0.21123750645791536,-0.6963093629345342,-0.570898182078995,64.11153849837824
2024-03-28,0.5122106647928556,0.4880078310969642,0.5532957774098115,64.12810355284532
2024-03-29,-0.35594010241496,-0.390068408261344,1.246049270418145,64.1199516094536
2024-03-30,-0.11028754746348689,-0.02040801739682873,-0.01616802669370004,64.22934613228419
2024-03-31,0.7351142684879156,1.1700803139580191,-1.123896258499512,64.13977559457196
2024-04-01,-0.7404346362740244,-1.142986943522165,0.806715381619771,64.15608667387475
2024-04-02,-2.015791622354446,-1.6727173419728687,3.838671066533268,64.1178795367325
2024-04-03,0.21870167991578585,0.20972935157416028,-2.9239501591855976,64.17104892626423
2024-04-04,1.064100653110828,0.13896281914140352,-0.2531323219811476,64.16634459810189
2024-04-05,-0.2913376004492722,-0.07729805174495409,0.18635736856745908,64.07527363948309
2024-04-06,0.46088355701014405,0.30728001787726306,-0.22338169385844978,64.28433564892522
2024-04-07,0.20495363560527702,0.859693606138932,0.5062060958072879,64.03834099015496
2024-04-08,1.0287938266554042,1.9814335571865156,-0.5700816164441356,64.29719374461061
2024-04-09,-1.1698535272952568,-1.4061156782538284,-0.7032811116970036,63.980576914456336
2024-04-10,0.6523669346996436,0.2511802840003177,0.48136538471220386,64.28493040222317
2024-04-11,-0.24953073502890194,-0.2663791551552991,0.21408777901577306,64.14557516753847
2024-04-12,-1.4083529211453376,-2.104555187653054,-2.430047198786244,63.98174944603822
2024-04-13,-1.6247266439736883,-1.393580972914408,-0.42164304913477313,64.2652188184672
2024-04-14,0.84257918675838,0.81815041195589,-0.16886326588546494,64.27985254014851
2024-04-15,-1.0592900111690915,-0.34460268806910554,1.0694298705738035,63.987466089113845
2024-04-16,0.1701463937241162,-0.11528255880314155,0.5281233926895994,64.14568138635568
2024-04-17,-1.2121341027716308,-0.8468285050336978,0.8056819660153441,64.20624205340691
2024-04-18,1.0208751509148517,0.6835223908201362,-0.17795437140361617,64.20619553704861
2024-04-19,0.14824541361822047,-0.048824766381860014,-0.10012921790217333,64.07403884964016
2024-04-20,0.5387413457001939,0.9145151224692788,-1.2703968787823363,64.16659142093782
2024-04-21,-0.03737654041327743,-0.0829688333524839,-0.4763404259205777,64.14551985480058
2024-04-22,0.9368611756063405,0.5173370624563646,0.15127707109150676,64.18500409268752
2024-04-23,-0.22002094513621645,0.18086996171743502,-0.8086859136676172,64.12035355645703
2024-04-24,-1.123593341629781,-0.7455646469160682,-1.9282883325956823,64.32511111604848
2024-04-25,0.10066471980082264,0.15975888371333027,1.8282137893355346,63.84511342807392
2024-04-26,-0.39329496879612236,-0.23284349798009507,-1.6269052127751757,64.33218205314054
2024-04-27,-0.1906228726497138,1.140922635870803,-0.16529393717913743,64.11285773157739
2024-04-28,-0.17996070847246506,0.10548886005365449,-0.19219471031796384,64.17722048872874
2024-04-29,0.4207624866639387,-0.42161819282626123,-0.22561768801478865,64.12436803449593
2024-04-30,-1.9743781293470037,-1.8983685617399317,1.1178052557799705,64.14516619367667
2024-05-01,-1.3253716962401958,-0.2848069948689714,-1.7158955929191364,64.18846438372447
2024-05-02,0.45681721645388607,0.15614086669929017,1.7432320262162697,64.18879403693352
2024-05-03,1.9813458635130046,1.0146416499870952,0.5428037093253594,64.12982918884929
2024-05-04,0.5036741413441085,0.13437324181053098,0.2742207267610393,64.10229843561173
2024-05-05,0.06758288154395364,0.19243874297654226,-0.30631503275752314,64.22520802353289
2024-05-06,-0.4736055463218514,-0.6989215196507005,0.19200256484277178,64.03625261251136
2024-05-07,-0.4659834553373088,-0.5071659309507673,0.20042788689681518,64.16622082991125
2024-05-08,-0.6672154716386463,-0.29763310512452795,0.6712581555717537,64.23080847664023
2024-05-09,1.0707149463551617,0.6084666362549683,2.0458857111960715,64.18538313927907
2024-05-10,-1.3415870432430694,-1.2309172234650667,-0.3487153632907386,64.11085310964795
2024-05-11,-0.0045482049490219705,0.02505897304561713,-1.9791788053722141,64.0943318847397
2024-05-12,0.37629591896996967,0.1695676369923576,1.446349038859957,64.22047760822637
2024-05-13,0.8521082035617521,0.2125071238928063,0.8191236385978402,64.13026732208355
2024-05-14,-0.8199659990253781,-0.6777159220457746,-0.6493451871994492,64.18157328047711
2024-05-15,2.7506527431326973,1.489694316895096,0.6623101239306183,64.13331228310928
2024-05-16,-0.575602682014298,-0.8311542290310855,-0.09186960071607228,64.09093165743622
2024-05-17,1.003338088195179,1.2955344561059323,1.1798801478087493,64.22222981609256
2024-05-18,-0.06759446820673745,0.2570391209617523,-0.07012204710648282,64.15849327757142
2024-05-19,-0.38915046488355215,-0.4554110525459356,-0.8009214307444559,64.08689786441164
2024-05-20,2.9500499414101684,5.01548140952823,0.8431899517903723,64.1795923891565
2024-05-21,-0.7053597092086158,0.6306419539621456,-0.6299752366490835,64.21605465616258
2024-05-22,-0.5571681621120435,-0.2965875571902539,-0.9143218391677306,64.0457883740865
2024-05-23,-0.6730509616649057,0.27260653938536444,0.08490183271554282,64.2887027535886
2024-05-24,0.33111002208443713,-0.35158233805420974,0.5191869067457282,64.0768256048224
2024-05-25,0.41943441318710295,0.1788741772645067,0.08753782438062545,64.09673388895372
2024-05-26,-0.44733719574568165,0.6024363310942046,-0.9938255503559129,64.22254527220548
2024-05-27,0.5191144960797076,0.5168307353192766,-0.45411828134362114,64.16669885684755
2024-05-28,-0.6815510366567415,-0.38625360125460345,-0.44537182809281256,64.11346483159764
2024-05-29,-0.45408626576638333,-0.5850058717839393,0.027309251806027727,64.18164975671398
2024-05-30,0.49130945581952434,-0.11282606841825667,1.8227130595832133,64.11618964610398
2024-05-31,-0.5721326772240507,0.1146335219071799,-1.7403318121728757,64.20583316450968
2024-06-01,0.1346609098375436,0.4313494426050041,0.6146385812979923,64.09887831417353
2024-06-02,0.023230282654165744,-0.24342827106938586,3.5424485360210123,64.13114887716188
2024-06-03,0.7088614686663224,-0.10338913051445016,-1.8191703413106992,64.21301931939723
2024-06-04,1.1879924495277605,0.37885202660658773,0.17503494615364829,64.18573723687105
2024-06-05,0.3397366367192333,0.4186184100743066,0.0756750564602185,64.07231484040759
2024-06-06,-0.23049474556895266,-0.40189563592528965,-0.41144264035060957,64.11035536987659
2024-06-07,-1.0063862861868929,-1.0395256196296936,-0.03394922108274077,64.31536715291246
2024-06-08,-0.032476166492509825,0.02669489972604645,0.02674293562015785,64.03501579648902
2024-06-09,0.23358923689145486,0.2003419480069104,-0.8902905308975438,64.15703714322638
2024-06-10,-0.10452507675745584,-0.2982134985001479,0.06899347312262775,64.16865683464181
2024-06-11,-1.6245718877321924,-1.3692889908913222,0.3551810587495253,64.20859916035467
2024-06-12,0.6049778793773184,0.42402496361390557,0.6452921346803812,64.06584943572336
2024-06-13,-1.0300168975039816,-0.6689123192239156,-0.2904045575311277,64.19284930674367
2024-06-14,-0.5121871031835928,0.09365699945997967,-2.0933578218776634,64.12949103892043
2024-06-15,0.11700470298681379,0.6931216423274231,0.908467232654212,64.22563505710082
2024-06-16,0.30680783899541947,0.452808167304233,0.06981707746359478,64.06143945950303
2024-06-17,-0.11310139351970858,-0.8896505571031232,0.6617903047523452,64.22113924301121
2024-06-18,-1.000831221375929,-0.20232491328747443,-0.5601596913949091,64.11216157173466
2024-06-19,-0.13721496318631185,0.6196561506735189,-0.028917345957715796,64.18709149926907
2024-06-20,-0.10431099917464753,-0.38444944648797874,0.1988237246450066,64.11077788051976
2024-06-21,-0.5629635793107935,0.05265770101755968,0.0406217125806632,64.16555775396402
2024-06-22,0.11231222439395448,-0.16859730290667505,-0.4474603402149109,64.14657654572416
2024-06-23,-0.8486559068318649,-0.6484994201939261,-0.21795521215203567,64.14514116148864
2024-06-24,-2.3164643227040886,-0.5637930950326399,-1.3199602345500094,64.20650285873768
2024-06-25,0.9913380588180991,0.3834451844096733,1.020301286366883,64.10539486086728
2024-06-26,-0.6643480645531877,-0.2080682213557286,-0.06173601481018347,64.09838190246141
2024-06-27,0.522599029874543,0.6645287726651578,-1.292699154772387,64.21338917919934
2024-06-28,-0.8867469309551512,-0.6063198705337194,-1.0150389117271121,64.23652598379891
2024-06-29,0.3792084574879729,0.00555229605387397,-0.45904371761271806,63.9992258290899
2024-06-30,1.2176405818017368,0.529637380151986,0.237196860499414,64.26788472352388
2024-07-01,0.11209148571967827,0.07602638426998877,-0.7445569673150086,64.11696182990269
2024-07-02,-0.5846475712162242,-0.19844496800734077,-0.7777862391549477,64.12641625466827
2024-07-03,-1.3465481608549354,-1.0947898564167984,0.020181677444194423,64.18296609931663
2024-07-04,-2.2614589167573,-1.9431946509726516,0.39104903935553437,64.15201157066488
2024-07-05,-0.1936554933245612,-0.44046413195107476,0.7982352260756609,64.17311569497537
2024-07-06,0.9949130345865579,0.6336321484191662,0.21080252653563628,64.10020911053111
2024-07-07,-1.5464817932403927,-1.13566303029089,-0.5787027454547372,64.16559384796945
2024-07-08,0.49524533548734967,0.6815011050475077,-0.042933665399770254,64.17140416414253
2024-07-09,0.7658138454501763,0.383931708328218,0.08021168741909286,64.16222106539679
2024-07-10,-0.16563357587757688,0.34860906546999315,0.40588495902582644,64.12474497339943
2024-07-11,-0.25320940738565995,-0.006177646995764791,-0.4755086866941506,64.18261309304184
2024-07-12,0.3494118437825874,0.3317588190271535,1.0981021971654292,64.13499409881409
2024-07-13,0.8578903680741824,0.41912543672245894,0.2317344737639736,64.19183259642665
2024-07-14,1.000992919462043,0.6367813160119828,0.3781233783903763,64.05423648192837
2024-07-15,2.5687466999939335,2.1909804796786445,0.40339997243766046,64.25222157804346
2024-07-16,0.12920341299706628,-0.3441268043585082,0.26581351720994895,64.13741742335063
2024-07-17,-0.6074670072286408,-0.4356752764859906,-1.63743282881851,64.10766367527076
2024-07-18,-0.09638291815780808,0.3218714131667157,0.05689118604395387,64.12197148881758
2024-07-19,1.7168346674476305,0.6808860079738027,3.607423558282046,64.22186161709591
2024-07-20,0.27324753809090374,0.12507444140996896,0.5717512685701923,64.15236027424159
2024-07-21,0.6133904312286396,0.15845295692103684,-0.17882924751945245,64.1244171859956
2024-07-22,-0.36928334089396125,-0.8194104465538796,-0.7071117354755087,64.16284320030147
2024-07-23,-1.0997620700247976,0.3433025469160956,-0.7236706179181883,64.12575492366504
2024-07-24,-0.3650762094268532,-1.2220738227198336,-0.5875539242971168,64.14922912171124
2024-07-25,0.26044769566675025,-1.2100863092378773,-2.5170883133208566,64.23243032538532
2024-07-26,1.4068379835323428,0.6986483643750028,0.5596193958739184,64.15855099519679
2024-07-27,-0.07141849022728507,-0.20526150492432926,0.1338787346270219,64.054206543722
2024-07-28,0.2901274516389601,0.20801803837693034,0.03851098215918601,64.14411823895193
2024-07-29,-0.9987681970402368,0.43591874697772126,-0.059465614353751424,64.22324084058842
2024-07-30,-0.4281835387977771,-0.36001332224961,0.25270963842136634,64.14590365147997
2024-07-31,-1.1167485950054274,-0.4145611655005014,1.2902058385635156,64.151277592528
2024-08-01,0.49405536007392437,-0.2575076042848417,-3.0694414283858813,64.13020078387451
2024-08-02,-2.8091298633691264,-2.0413169583192197,-0.05784253851547782,64.1226185678377
2024-08-03,-0.412476044215071,-0.5511266258708648,2.0309514654058867,64.25256906495996
2024-08-04,-1.4994764719464697,-1.7202854914910632,-0.8393648940240211,64.06454673586983
2024-08-05,-2.3602384149525637,-1.8335237835641758,1.2628043167635072,64.19764064515061
2024-08-06,0.9623866373314107,0.23680736507329522,0.6075190022648245,64.18467214723955
2024-08-07,-0.4894758990763669,-0.8872504580046676,1.0357903077031425,64.06926796158645
2024-08-08,3.1373240818499784,2.575822279992473,1.2140383555928838,64.1454515087218
2024-08-09,-0.3595181240549047,-0.5653038097673417,0.1376591418541805,64.27953174919007
2024-08-10,0.025196158978249332,0.09059658627481856,-0.8660739841933186,63.9965069671541
2024-08-11,-1.0479499774206924,-0.521909417097653,-0.3951615002974557,64.18600711651973
2024-08-12,0.291149893352844,1.6691143394546764,-1.2055864113412438,64.21815758329033
2024-08-13,0.5906722388406214,-0.18472300544671627,-0.5946268527546679,64.1186295248665
2024-08-14,-0.9258007266867376,-0.40653253453504207,-0.2888627793507981,64.18876461482466
2024-08-15,-0.5925943403251093,-0.9865284991042751,0.044075654313877735,64.16257107225826
2024-08-16,0.6721955155911453,0.23868079632157552,0.20171920705675045,64.07025138055555
2024-08-17,0.29648451593215913,0.23764407010232924,-0.8223388952507333,64.21025638239175
2024-08-18,-0.5359502992546604,-0.001795190805622059,0.40053279920389556,64.30117771369915
2024-08-19,0.5440364258612403,0.2821068484914551,-0.10589172824662196,63.88602429753209
2024-08-20,-0.27309065022429935,-0.7268076635822608,-0.755692029462926,64.1869094390278
2024-08-21,1.2193122922469388,0.6400733808701239,0.5216675463361404,64.24447271389302
2024-08-22,-0.457814768899363,-0.08136426844649665,-0.22447329279579037,64.11966154102254
2024-08-23,2.1062716597603384,1.5660076660827882,1.9420230394169467,64.17173992953627
2024-08-24,0.04125763872948898,0.0611899078229523,-1.1060599981833528,64.1281389635823
2024-08-25,0.08196883600622142,-0.2025804237953785,0.24570298799662735,64.20137191258527
2024-08-26,-0.8601777021355649,-0.7281334307071143,-0.8403821718963229,64.0818753774692
2024-08-27,-2.0509391990624595,-2.405876327230445,0.5987378340320739,64.22965361981255
2024-08-28,-0.2585369049839176,0.48903676164820475,-0.6219902970687579,64.07917866815687
2024-08-29,0.19334112505975845,0.011416117714841127,0.11616698768829917,64.20442516127976
2024-08-30,-0.15737855331954725,-0.019186600403543107,-0.49909100247830435,64.14077393014938
2024-08-31,-0.09292407385615264,-0.1226897306518119,-0.3724566159946699,64.14958838075924
2024-09-01,-1.0166057596265028,-0.9759159053416733,0.43477101476504565,64.15983159184869
2024-09-02,1.0674640310690497,1.158737968692018,-0.287244667793002,64.1250442547758
2024-09-03,-1.0356327995441446,-1.2576003421639157,0.3996747663871173,64.1952564039256
2024-09-04,0.32108771662774904,0.2774599783908923,1.339345219372291,64.13636332302174
2024-09-05,-1.1447717093072212,-0.8645893727553666,-0.42111774722155915,64.15602430191613
2024-09-06,-1.3955955116861887,-1.5539714433617622,-1.146549081435188,64.14827833012029
2024-09-07,0.10972448453468017,0.45680636503466926,0.7461238554977893,64.11786751900438
2024-09-08,0.4264809566904324,0.24827356865029698,1.0542646008126915,64.16357238111793
2024-09-09,1.3400083639971891,0.702167408357631,0.3432557744093907,64.17174990881618
2024-09-10,0.3801203271239148,0.37419730816443036,-1.4404162668354974,64.15096841717559
2024-09-11,-0.19756899753140061,-0.5961022499134616,0.8691552111448242,64.1710671057283
2024-09-12,0.4997683718457981,0.27364612434861774,-0.9025052726080229,64.15539521774555
2024-09-13,1.5700220349482346,0.9808231105880366,1.584315808101731,64.18705950494254
2024-09-14,-0.36789596860050255,-0.2630129592692458,-1.5743974063168247,64.00392490227384
2024-09-15,-0.5494351768750196,-1.1997831333262714,-0.6046721541714469,64.30168017086
2024-09-16,-0.6785610121497118,-0.267076436892025,0.22446884171171505,64.06221533929353
2024-09-17,1.4222729004389236,0.5507481561585549,0.47778485213376276,64.15701255284301
2024-09-18,0.8828594049850517,0.3476856569978622,-0.24654618150489427,64.17244053784543
2024-09-19,0.8486986020452502,1.1599014575047915,0.7680210903035836,64.21131733904188
2024-09-20,0.1623794751438452,1.1114658244433722,-0.7503100394289446,64.13057030607385
2024-09-21,0.13139429386616788,0.614557011131207,1.3937015363814864,64.17512339685841
2024-09-22,0.17042159865960044,-0.35800280099294657,-0.6939788328841274,64.06174966706212
2024-09-23,-0.23437563683666449,0.7444866361725969,1.0773287703661327,64.20577630944231
2024-09-24,0.6977477211810816,0.07577192566478436,-0.2700436475573297,64.1040124047392
2024-09-25,-0.8633202523739752,-0.843934667305457,-1.1533032195923822,64.21367080863834
2024-09-26,1.4632697838777893,0.5657955362501329,0.3817582079606536,64.16835528840434
2024-09-27,0.42592166282104316,0.6931996175621454,1.2754867828277936,64.06036558050131
2024-09-28,0.06290555696771218,-0.1869570518600328,0.05641702681401159,64.2208331361539
2024-09-29,-0.19304619202837842,-0.18987773088031581,-0.918641999984936,64.11728464340409
2024-09-30,-1.771581189864579,-0.6263953424635469,0.021326831997508015,64.1914749656087
2024-10-01,-1.7525360653164759,-1.7290888869381116,0.2827026025396913,64.1414562472684
2024-10-02,-0.13544458355997024,-0.7280428937884745,1.9129095336197754,64.15198568394561
2024-10-03,0.07692145451494124,-0.13780929931136604,-2.3432202977435472,64.1778689617054
2024-10-04,0.8627642099315439,0.7042043020455022,1.0055595651627622,64.13566433713014
2024-10-05,0.008945543559780531,0.02011234877068909,-1.350801674587312,64.10525330395978
2024-10-06,0.4925835182389686,0.298689706437782,0.007264702713609479,64.17244651823775
2024-10-07,-0.4137790193944488,-0.20846147252705644,-0.08547389899409592,64.2283375892262
2024-10-08,-0.0813005728494988,0.23247701032265133,-0.8041077474213874,64.0291042271397
2024-10-09,-1.1551202840900046,-0.8824578413378107,-0.6255712247046273,64.1863726574168
2024-10-10,-0.22771489590961905,0.18938778698890002,-1.0253412660714558,64.23893935133098
2024-10-11,1.5655308111628008,0.6382751712333613,1.8160617867962376,64.05363047252348
2024-10-12,0.5243494014366488,0.486818860804285,0.1503882166722358,64.21126611941341
2024-10-13,-0.2536413860831245,-0.09426349967376703,-0.18315455630458166,64.09442900426754
2024-10-14,2.2956537312118446,1.9085771880746134,0.005223426688382235,64.18433811194768
2024-10-15,0.673581749876997,-0.22935757490429495,0.7137133081327242,64.21165062923887
2024-10-16,0.38685262246899627,0.06697103001710697,1.0440623333867458,64.08290697433833
2024-10-17,-0.1562605860841881,-0.06562943055945439,-0.8059987415370153,64.18123267380082
2024-10-18,0.7174731867445625,0.4372630468350258,2.078134029685061,64.164624688819
2024-10-19,-0.047434730648957216,0.09244352649227808,0.8202022686085818,64.15299475620179
2024-10-20,0.45803922377923056,1.1067577847389074,0.3585367077073531,64.11009807058977
2024-10-21,-1.2265705134740659,-0.8627103301423475,0.8122340110945473,64.17681836878484
2024-10-22,-0.011668167087460431,-0.45408174872671964,0.3596774827845741,64.13189566908001
2024-10-23,-0.6884791790407424,-1.1870860591641756,-1.7356723469660553,64.21983117602397
2024-10-24,1.2461438166510561,0.2514786758048353,0.28229094577290614,64.11046202040511
2024-10-25,-1.1140533467953013,-1.046181019876208,-2.239571470441323,64.08684274911214
2024-10-26,0.2551475584993439,0.4412621360034491,0.6279907874713088,64.21575750109906
2024-10-27,0.6440829642099387,0.29258688649500986,0.4136170498882371,64.19428585348135
2024-10-28,1.3955431913400351,0.6747520706514422,1.9227049884368395,64.07432754078026
2024-10-29,1.9271606523478613,0.8190404978482317,1.0320157803711731,64.21436316429956
2024-10-30,-0.26197264844555296,0.2247782103079056,0.25533417436182126,64.09101046857106
2024-10-31,-1.4772123431916446,-1.6146163451701006,-2.6421270748204804,64.24882539275629
2024-11-01,-0.4813019517617307,-0.026222885143153834,1.0378380839382797,64.03556131049669
2024-11-02,-0.13406147957956432,-0.20326429958437886,0.9003798187771188,64.25152458187685
2024-11-03,-0.3780468455627231,-0.37505973862196934,-0.22629743744073133,64.0866460973132
2024-11-04,-0.6522474062607861,-0.6808471676116845,-0.24521382467419076,64.26990664052222
2024-11-05,1.0613226566212848,0.30186084872282876,0.774798841604846,64.0094471735067
2024-11-06,4.143351596308067,3.3798286830303774,1.2073836476939095,64.18159580831163
2024-11-07,0.1447391836905683,1.3994678973943184,-1.6891895313278886,64.17277620667024
2024-11-08,0.36456473193350164,0.5600074573143642,0.15446184717253347,64.04326963329335
2024-11-09,0.1308806022707613,1.4797132324236253,0.6572335321993555,64.35266941630093
2024-11-10,2.1660301809416715,0.5146706138608931,1.2816803029597905,64.08879416981925
2024-11-11,4.421909256059209,1.5782025689185013,1.341721476126193,64.05314142057009
2024-11-12,-0.34670104180255334,-1.0449175225415628,-2.189056815422301,64.32289009450388
2024-11-13,1.2073079739011545,-0.40096813518915675,1.5365044932045184,64.05031725108961
2024-11-14,-1.5735715293655228,-1.1170616135764682,-1.522006854035664,64.11987065300448
2024-11-15,1.623977851156032,0.3482729005004818,0.27208771344950367,64.1570687249222
2024-11-16,-0.21991203363712394,0.2658335761508846,0.12471796061347787,64.15642226789758
2024-11-17,-0.31671178351134205,-0.5109118222291541,-0.18641398097247439,64.28770602183575
2024-11-18,0.3050500140602657,1.1930990118520015,0.41074238200835544,64.02310895760077
2024-11-19,0.8080995479237869,-0.844394021502035,1.6148482894097353,64.20029454316584
2024-11-20,0.8962397246810283,-0.3235402516824807,-1.8497150676280845,64.08458571890569
2024-11-21,1.8520522355912556,2.5002372122281082,0.6032741795736114,64.21500696075422
2024-11-22,0.2077098010453658,-0.2070448978615327,1.189506043268495,64.16293644228723
2024-11-23,-0.5516161700570845,0.52719085980992,-1.0425265893475009,64.10223306232007
2024-11-24,0.10052068760503982,-0.2612297021991113,0.041727585161077246,64.12775313519039
2024-11-25,-2.338979404278407,0.4382084968937285,-1.4110644563680306,64.26041833187635
2024-11-26,-0.4493754740523942,-0.7509754116079291,-1.05075472798449,64.13027869619015
2024-11-27,1.5813267596723586,2.637841389756652,0.899855018817911,64.07463445457932
2024-11-28,-0.12792656885314385,-0.5094945263138903,0.3529995583316183,64.21501275630703
2024-11-29,0.723021925348757,0.10806036249930824,-0.23283311472831286,64.07673361060912
2024-11-30,-0.4218715380390622,0.864667713427534,0.30387465491924276,64.27236509386773
2024-12-01,0.3418912858722167,0.05292785851442546,0.817064947155021,64.06588524815344
2024-12-02,-0.615903118754225,-0.5230731919217402,-0.42128391682810756,64.16284845513384
2024-12-03,0.0535810323673077,-0.17442452514430293,0.9495151231839196,64.26822007518048
2024-12-04,1.214620300399351,1.7512503087515296,1.1025570597879353,63.917282804674784
2024-12-05,-0.9756249060875849,-0.2075468034150499,0.2193958167095272,64.41169572716595
2024-12-06,1.431900784166948,1.4421844166380013,-0.35250800044253994,63.891985348496064
2024-12-07,-0.005176398540652761,-0.01074421296511531,-0.6000358543134738,64.32767576388999
2024-12-08,0.5667042770966008,0.03329700411187302,-0.5434166805442027,64.17286354123112
2024-12-09,-1.7248454676193785,-2.199301882918701,-1.0994519052201812,64.03386099308547
2024-12-10,-0.317527116548861,-0.446924806993779,0.8452108786756125,64.22862493122443
2024-12-11,1.8507404988337655,1.2002382819555848,0.0707616881802215,64.05223905092672
2024-12-12,-0.46395539939240105,0.3233912127464429,-0.9900591272711807,64.2884020717967
2024-12-13,0.5758627571676542,0.20257974254259656,-0.10268257736979944,64.09144394032647
2024-12-14,-0.04230028176260743,-0.3005668636558342,-0.8673062331614291,64.10558292398342
2024-12-15,1.2306507550339214,0.6294140879378821,0.22521548508618303,64.21198960150589
2024-12-16,0.7178003953838484,0.2740138844336556,0.43116662373410963,64.16600762594562
2024-12-17,0.04030690078191141,-0.7507179848626908,-0.2814187141000108,64.1857159865282
2024-12-18,-2.725569282274942,-1.9796718233083648,-0.8643145737781113,64.13327411470982
2024-12-19,-0.9085823097578974,-1.0998697129839952,-3.522254155323164,64.1632056329168
2024-12-20,0.08871010569208822,0.3068775501741225,-0.023249981581940114,64.08215280695323
2024-12-21,-0.19956318272979243,-0.8913559914588599,0.8923341715330365,64.1713938224523
2024-12-22,-0.8143547035222846,-0.3983450888573812,-1.7070333889828402,64.16527039516997
2024-12-23,-0.16645726958012524,1.0396520239742173,-0.43165123294169633,64.15575830494092
2024-12-24,1.5451590145708523,0.5921845184775136,0.8239240806232636,64.14514976533971
2024-12-25,0.23314935356243566,0.02041835444813132,0.2592325157712965,64.15607086317017
2024-12-26,-1.4076757290768434,-1.369679527764697,-2.4935416733470808,64.11244343816216
2024-12-27,-0.6301694016775807,-0.007120168923790514,-0.8767309297752591,64.24776451373957
2024-12-28,0.38211250596280943,0.5534910236366354,-0.7574623443764378,64.09487967854163
2024-12-29,-0.6599372097602992,-0.39051314435465817,0.3058641673468453,64.13351142714649
2024-12-30,-0.3678160447475665,0.06959864739161255,-0.36668757814823477,64.14141087989572
2024-12-31,0.32246745897050316,-0.19825729992542745,1.2611272787088952,64.22153625563584
2025-01-01,0.41524359404194405,0.1982559760778632,-0.8512183788588901,64.10467002500555
2025-01-02,1.0511412210965694,0.8764764306419431,0.7127947043689965,64.19696477164884
2025-01-03,0.5159704661194823,1.3007926186106757,1.5901587570380187,64.0709093580106
2025-01-04,0.049751195810710115,0.4269606057175825,0.6343192461001929,64.31121186787162
2025-01-05,0.028648285961401607,-0.17846999409481162,0.1185846832386791,63.99458253004675
2025-01-06,1.6792443288326893,0.4544599869235222,1.1979110675083702,64.16995763451368
2025-01-07,-2.332858553775792,-2.5876435880724293,-1.1167183876650502,64.23412626946724
2025-01-08,-0.7187984009134624,-0.28046064646059005,-0.2870547218519483,64.06150176369886
2025-01-09,-1.0027206204818884,-0.680285296278053,0.37490996193748,64.20679291100843
2025-01-10,0.8413140446622009,0.34314070968924054,0.08353869805056648,64.16090101192027
2025-01-11,-0.05758132263180526,0.12495097979591883,0.5421540839300235,64.09063331964951
2025-01-12,-0.036753579118735065,-0.12664772087575793,0.16682561547618482,64.20002357253608
2025-01-13,0.00583021801091969,-1.1666318636367954,0.39779502145461987,64.14657867787557
2025-01-14,0.8384028670865815,0.7000894295439828,-0.020455994680687317,64.21128029159739
2025-01-15,1.6403257457604243,1.8350043039412616,2.0951131167728216,64.01240751356747
2025-01-16,-0.3123546454032658,-1.0775812493479433,-0.6530214652722414,64.27643932789113
2025-01-17,1.9255370623424202,1.1633418561147155,0.7842750375643907,64.08428663030583
2025-01-18,-0.027700162246502368,-1.2430268404763472,-3.4661225636427697,64.21569931266806
2025-01-19,-1.389496770800571,-0.6505653922141966,-1.1073974930091546,64.2827703229281
2025-01-20,0.3585639185095102,0.5106241993058772,-0.42960908209448034,63.847590826284005
2025-01-21,1.6206245424446801,0.4007685544728452,2.202079630307525,64.21422778457904
2025-01-22,-0.9851411901535939,-0.729952319595845,-0.98517689841439,64.26496760851285
2025-01-23,0.1130794002615759,0.7840807167069749,1.4009438964300351,64.11628842519954
2025-01-24,0.3341662247533333,-0.20094757679957573,0.2819829024934039,64.14002439128066
2025-01-25,-0.04866629923153725,0.0788111116027081,0.5295646814076855,64.19219521400878
2025-01-26,-0.8586914354094429,-0.7231209612390302,0.5107688734040652,64.12612765520633
2025-01-27,-0.2554705785513897,-0.4874265878605198,0.18353797596642982,64.18468040512433
2025-01-28,-0.33184247095629504,-0.9029628019961705,-0.1843358841618432,64.16155233753658
2025-01-29,1.0256719317819105,0.3120967543479591,1.3138823047755221,64.06989246375201
2025-01-30,0.44195024858588927,1.1938753870980945,0.07260464523239081,64.1812257931281
2025-01-31,-1.0480879630858362,0.4414572738535466,-0.4053823998646988,64.21273705821314
2025-02-01,-0.7771948105401817,-1.6115703381661557,-0.09345139921625316,64.07362227840207
2025-02-02,-1.3338718949246842,-1.8368813816789369,-4.364475064442004,64.15880820944354
2025-02-03,1.5469792760063428,0.09886617692235604,1.7730045051360412,64.18093446464395
2025-02-04,-1.4907794141602966,-1.0969609195840149,-1.0582036369839682,64.14043077691156
2025-02-05,-0.5036711108072619,0.3889145859844778,0.6750749404740113,64.21943897042011
2025-02-06,-0.014727055848868915,-0.8437252235406619,0.2972051617756795,64.0979060760347
2025-02-07,-0.032682096569269244,-0.5752276596960019,0.5872538301495994,64.17070595097087
2025-02-08,-0.026068055937804185,0.10516952625444953,-0.3052321449160749,64.12948545969726
2025-02-09,0.0015148170727069417,-0.02641982386345633,-0.1744632196929432,64.13761594469652
2025-02-10,0.4146669570169413,0.3633947696421417,-0.5660541590919853,64.14385288638088
2025-02-11,-0.7864763972702303,-0.6411897138106945,0.439773203864458,64.18501057631727
2025-02-12,0.9693720610973116,1.4290599953651142,-0.4256602983449004,64.18235932677675
2025-02-13,-0.589220199120665,-0.6116059736107421,0.08174000513692778,64.11723354549203
2025-02-14,0.4047742940342022,0.5187963884332968,0.07556171444361423,64.1219658030465
2025-02-15,0.026959341870938954,-0.3314024808557579,-0.2089214530386482,64.19798633341202
2025-02-16,-0.6909100473721663,-0.31562736951740006,-0.6750824274762074,64.13601667780136
2025-02-17,-0.2034794703130352,0.8754584510298826,-0.24553668303921036,64.16218038918417
2025-02-18,-0.12409705933723754,-0.7848522347067286,-1.0282482431545683,64.10155961709357
2025-02-19,0.5499331479724348,0.48215017335005034,0.4753029622046403,64.23856528816775
2025-02-20,0.858322632632768,0.26900239376226176,1.4365057901670946,64.12991578348847
2025-02-21,-1.1504879979118279,-0.8676741909100063,-4.629654717724886,64.1826002024839
2025-02-22,0.21803230360255318,1.0497167895113408,2.4297730361266106,64.11220943180744
2025-02-23,-0.16139545141360645,0.577620566153884,0.8771893910660638,64.11681227094306
2025-02-24,-2.586467228976776,-3.294929918635069,-0.06334057042637212,64.10117429051267
2025-02-25,-1.159052163264935,-0.10853150422894527,-1.2242521390055903,64.29901992737767
2025-02-26,-1.8930314568182567,-1.2102920142702847,-0.3183412850945096,64.06183727728217
2025-02-27,0.13244099251237224,-0.18635150774070974,0.45841312562499664,64.146140049283
2025-02-28,-0.13640082259796107,-0.6193379270920805,-0.8342676533120803,64.2061769895499
2025-03-01,0.6689585225130567,-0.2094032541410511,0.4290535041231193,64.09922124138104
2025-03-02,3.2412095919172312,3.300950974921485,1.0162097507433405,64.26992846439052
2025-03-03,-3.073880296469184,-3.3975514633671913,-1.0991349184226684,64.01352253390253
2025-03-04,0.32229991465062147,0.12241155950285722,0.1513505569818802,64.2034025781717
2025-03-05,0.9652150788341476,0.46232621517647327,0.8794427713749092,64.2062066811422
2025-03-06,-0.1949832159434739,-0.31041043448178374,-0.49214993089501397,64.1397423439113
2025-03-07,-0.9877123770333578,-0.6169015779230177,-0.36505575270615953,64.0225624753696
2025-03-08,-0.1847887175051264,0.6748049415453932,0.7659592802917037,64.28123379282617
2025-03-09,-1.838114798093596,-2.253208885540679,-0.16540567262819753,64.09280526465169
2025-03-10,-0.6362360353505568,-1.3293827788804833,-0.3383274690535818,64.24297809645374
2025-03-11,1.3226344087553823,0.4882621738454107,0.3441782624729081,64.05021993857078
2025-03-12,0.257275528496397,-0.1024487503130267,0.22783241657492048,64.13419584654126
2025-03-13,-0.8488955604513915,-0.5550782003430267,-0.19542217223413183,64.28772466531085
2025-03-14,0.9165981894901695,0.6184055278760532,0.9486979644448726,64.0744685372177
2025-03-15,0.11580601522365583,0.3995658319538222,-0.20211688211977233,64.1427215367063
2025-03-16,-0.594534149472907,-0.7285755509256034,-0.05580928463127661,64.21232225084421
2025-03-17,0.5058442739460977,0.5740266049252774,0.30932121607914015,64.07742388500958
2025-03-18,-0.4822787090585349,0.09262462221323782,-0.5801805083324998,64.1331854646187
2025-03-19,1.4605802844602995,1.8542967950008855,0.9226572125239927,64.25700961184786
2025-03-20,-0.9637931190082853,-1.0108263269500628,-0.6315243849052747,64.01961931315874
2025-03-21,-0.04875531709064889,-0.20791933646617256,-1.4364512404614913,64.2835875234057
2025-03-22,-0.08274490178612198,0.2191507135350983,1.1375217006514304,64.08903817768073
2025-03-23,0.8373064102572944,0.37354579662647214,0.2808330863683854,64.16115499320468
2025-03-24,0.5457527937258096,1.0494336204442887,-0.10131593442644268,64.17793495461696
2025-03-25,-0.015616750285200865,-0.12439310430244836,0.052926346601846835,64.08655217959455
2025-03-26,-0.23556409582476284,-0.839312472130363,0.16475766817391338,64.15806394328555
2025-03-27,0.10952697583500014,-0.08217426916710024,-2.268456033096363,64.19906698585761
2025-03-28,-1.2339108976803064,-1.5630234231755094,0.8628536510620546,64.16971056679665
2025-03-29,-0.7532709943001941,-0.8077912214935192,1.353746946270045,64.08727524523947
2025-03-30,-0.11875884536904337,-0.2556739831863532,0.1827236751762971,64.23684593290962
2025-03-31,0.08997437704974842,0.25267433262770905,-0.2275919328739619,64.04477238508777
2025-04-01,1.1753256753508616,1.2255893456963425,0.06964632832822511,64.2634457296414
2025-04-02,-1.2369219097658746,-1.63752759697556,0.1625193652686168,64.08906093064127
2025-04-03,0.2676235984876781,0.24752259744840302,-1.110590988171156,64.14445466990983
2025-04-04,0.32931842896970026,0.00557935339982606,-0.8484566255933935,64.16661685695749
2025-04-05,-0.16294354660049162,-0.12941846438676602,0.2680289842991317,64.18336885506082
2025-04-06,-2.615326875315436,-3.864851750329874,-1.1541953379795364,64.1114411893751
2025-04-07,0.39744490010452227,-0.1651907971435949,0.24687800961631703,64.27126640358378
2025-04-08,-1.225498787251111,-0.8768923684837732,-0.5405401173118947,63.91455595368253
2025-04-09,2.429735354253423,2.175916849338488,1.0247162453676653,64.32054945607977
2025-04-10,-1.1031944746048963,-1.6421148596322281,-0.8316259348519641,64.12823870461585
2025-04-11,1.3571721428310473,0.4375516219551139,0.4423409277580583,64.15331799160201
2025-04-12,0.6636899468495256,0.9043339989392157,0.8306218356793392,64.1547350926638
2025-04-13,-0.5900100082638314,-0.6268735211136554,-0.5908053105923945,64.1137892361085
2025-04-14,0.3148788720934505,0.3902480869481143,0.3639305144992972,64.13013349352632
2025-04-15,-0.341115731691499,-0.5467442517032568,0.25317411561755837,64.26523085728182
2025-04-16,0.13985157774322804,-0.1675527851711691,0.3146067838132036,64.10471010260189
2025-04-17,0.34551222302561907,0.09075279030626436,-0.13576776905024718,64.11449005550902
2025-04-18,-0.1913718846320302,0.12943926294002395,-0.06850828945936385,64.14578677275605
2025-04-19,0.25820927826074885,0.4592959915716872,-0.03358700890777667,64.24065033407419
2025-04-20,0.043409527364248184,-0.46403076586486797,0.33268498656241663,64.11084261973016
2025-04-21,1.0447555883897952,-0.13233563192576675,0.09439709011279625,64.11106302882857
2025-04-22,2.576767999293477,3.183263393302618,0.9505429361482316,64.14751171104874
2025-04-23,0.10001087920361099,0.5313823821294854,-0.5311934067408496,64.21847637497723
2025-04-24,0.0973423588607556,-0.37810944177828976,0.8856301406815085,64.10194065646918
2025-04-25,0.3288825243903213,0.271124823140112,0.23776310619120494,64.20479520628396
2025-04-26,-0.03857702047316427,0.5745682236047253,-0.6530870685917999,64.14315115727817
2025-04-27,-0.4120262375537746,-0.45924396917640536,-0.40049556798200237,64.09169874107731
2025-04-28,0.5582160556063502,0.10791812521811758,0.4211161254912286,64.22457638293137
2025-04-29,-0.3328694214625488,0.01700032025533848,0.0722929139351745,64.11795015175979
2025-04-30,-0.04390040866719394,-0.07851881926119508,2.3436790348216463,64.1652349375239
2025-05-01,1.1038577795192286,0.767899221293761,0.6956586437052662,64.08045011831405
2025-05-02,0.19569611804582512,0.06822314217755235,1.6332275367654314,64.22050787150623
2025-05-03,-0.5130687149046705,-0.1335154235663247,-0.9400748769738981,64.17313858432605
2025-05-04,-0.8061359018602443,-0.4068524341761631,-0.12986955722166346,64.1240663686741
2025-05-05,0.21044702017279945,0.1928634849655751,-0.3999355168273013,64.12197041470564
2025-05-06,1.0345575846026074,-0.06428083412195994,0.3318836532813467,64.21709040000191
2025-05-07,0.10922390384837267,-0.046093797068863594,0.8987057653346167,64.09818923796955
2025-05-08,3.097826876031968,5.988751924552738,-2.30546282414021,64.18231666237932
2025-05-09,-0.131217385033738,1.0728429613518207,0.766571094666137,64.16082589740662
2025-05-10,0.7956744174130288,1.977905886621464,-0.09093511243503058,64.14588515274298
2025-05-11,-0.2843098520542832,-0.5888938846890273,0.12358798536582956,64.12572854281198
2025-05-12,-0.6297297492659689,-0.11811245589740217,2.461720176715608,64.20242425422047
2025-05-13,0.6440816355383127,1.8502430661966305,-1.033204949849851,64.11927792242183
2025-05-14,-0.3136912409036158,-0.6586129037072005,-0.4199843486328982,64.11723726086005
2025-05-15,0.09368468714660337,-0.6182979930074654,-0.22331145733082738,64.15568517640668
2025-05-16,-0.13581899119090043,-0.09814235528648511,1.2850665458208999,64.19632214276274
2025-05-17,-0.16020662166130403,-0.6651524602036686,-0.38137160193599,64.14791705392953
2025-05-18,1.6563590235803156,0.25742547761258266,-0.1937062161689899,64.15196939733895
2025-05-19,-0.42921354128724387,0.3643467688917955,-0.423816335731438,64.1547140616879
2025-05-20,0.589040662720523,-0.04657813020494969,-0.32445488061008776,64.12201378674683
2025-05-21,1.4365789670159157,0.3437521117636093,0.6473310196906233,64.176826044475
2025-05-22,0.9659215640508515,1.3011407684133984,-0.7153672260821234,63.99518310748472
2025-05-23,-2.1869869038760945,-1.5221700705364931,0.7362782036559803,64.42802107343428
2025-05-24,0.2035773096072469,0.046557550989804845,0.3223831944032789,64.08544261034186
2025-05-25,0.5205969255980755,0.2238667676145938,-0.362923884193291,64.07871197404641
2025-05-26,0.16691473225474804,0.14519003178396622,0.5072622642462583,64.15739068798156
2025-05-27,-0.20250989807983624,1.1091600664481522,-0.11183411236158024,64.15845663055373
2025-05-28,-0.5437792605879174,0.21665169508322435,0.6930295809455344,64.17961197231602
2025-05-29,-0.9989279027173529,-0.5382567797553983,-5.339935914335371,64.06746324521491
2025-05-30,-0.7511425219553663,-1.1318215506461593,1.4288709213545792,64.2689815273258
2025-05-31,0.281612051567516,0.001363790646574504,1.8240781425281178,64.13809308346401
2025-06-01,0.45633400867996377,0.08826338617625912,-0.0032739243975075027,64.09406752964455
2025-06-02,0.09899841764287164,0.8038833186008905,-0.16461222301209674,64.23138706350215
2025-06-03,-0.219532850553152,-0.14283141095952015,0.5170583571828475,64.0382583851404
2025-06-04,-0.34565636380035897,0.1865996695446394,-0.07902195896371403,64.2338169968323
2025-06-05,-1.5778161269665016,-2.2858082724775546,-0.1932910244956076,64.23415119711245
2025-06-06,1.2611280073099542,0.47846432437226716,0.44008119521933703,63.97878752968129
2025-06-07,0.5392702986700002,0.4534092590626583,-0.12562844916672258,64.21844565719474
2025-06-08,0.07333165600355558,-0.14892098506091386,-0.504927330350942,64.19529252964594
2025-06-09,2.0221012459886007,1.8223551640443254,-0.406524601563941,64.13157191289916
2025-06-10,-0.023142005923123127,1.2744992604499992,-0.41413766243162425,64.0960823999755
2025-06-11,-0.711068784044368,-0.3730243087192126,0.17635415396403575,64.20515871939709
2025-06-12,-1.2591380054677455,-1.2379925920479202,-0.8657255598466612,64.11111153518594
2025-06-13,0.06338854262570583,-0.6490065192419888,-0.07064901703079349,64.18026162214916
2025-06-14,-0.2815553964092984,-0.4355770164325055,-0.24649801170955546,64.23994778683281
2025-06-15,0.02902503650317853,0.14898152703418877,-0.6118555900514384,64.02267849539498
2025-06-16,0.5647347064991457,-0.05787831095624231,0.30782654422002137,64.24571655909457
2025-06-17,-1.0381645693114787,-0.33371909455894583,-0.9715225478798677,64.10365323909345
2025-06-18,0.12195211484132971,0.1692165959933161,1.0352002843608954,64.12843431629842
2025-06-19,-0.10001810198815914,-0.019592957512332726,0.7484163239040179,64.20449559624991
2025-06-20,-0.6658001336965585,-1.3868008290381573,0.365264203167046,64.14483564520776
2025-06-21,-0.5149553103470579,-1.0882443882821737,0.27641947720642507,64.06304461106595
2025-06-22,-0.6302773561714742,-0.7079606453410187,-0.7341989521402559,64.28638300080667
2025-06-23,2.203345468681671,1.962965760321653,1.1356447626383843,64.27763859093544
2025-06-24,0.2083135880512318,0.25977990772682424,-0.8840455549542479,63.80689281401527
2025-06-25,0.605376622850577,-0.2979036963013225,-1.049205307453915,64.13697900062373
2025-06-26,-0.19646425231488843,-0.025310349753893218,-0.9710350565284507,64.44698914597751
2025-06-27,0.05401236791621126,0.10373678341371251,1.0761212298647547,64.07184389681933
2025-06-28,0.10880990083218693,0.17328247135236277,0.04348980213143878,64.10798111400962
2025-06-29,0.5125291466268184,0.788221501837874,0.329232082730516,64.17581912067021
2025-06-30,-0.631675918036509,-0.16101286313978178,-0.3200101319962002,64.19116428508998
2025-07-01,-0.7295078569480177,-0.9761896083142063,-0.07453406838940267,64.04987889482291
2025-07-02,1.5473912139432011,1.7843821116064218,0.21880157667727687,64.19077671918564
2025-07-03,0.37180609846581564,0.20731093998466316,0.23087219727800926,64.21439728588533
2025-07-04,-0.7990336458102104,-0.8902675171386482,-0.5306989451027879,64.13260263291093
2025-07-05,0.08772069509804702,0.10078178437295143,0.724859086220384,64.0845099344911
2025-07-06,0.482574524396903,0.6037920595316253,-1.022499205108398,64.21504106202222
2025-07-07,-0.4706996591604815,-0.30662666266178334,0.006780752052932031,64.11214972143101
2025-07-08,0.3162480126565675,0.8315363067831977,2.9633453289318936,64.17275354502549
2025-07-09,1.1761126980541707,1.695775302385822,0.3214989139193742,64.23379840097876
2025-07-10,2.247898624287786,1.7842268896124869,-0.438583981831559,63.96243266771235
2025-07-11,0.6938950491029,0.03756350733027636,-0.35802743842772067,64.11563926695344
2025-07-12,-0.04565765822451491,-0.13219921403471085,-0.7273272562149522,64.47414532431723
2025-07-13,0.7725399548599727,0.3120558113905817,0.8037489840821717,63.97880247737425
2025-07-14,0.3320044580625814,0.4087848559528007,-0.5170978898233313,64.11166104782104
2025-07-15,-0.9864715622105795,1.2430920738099724,0.7953085710825584,64.22425011881485
2025-07-16,0.4314333166785523,2.070535671451365,-0.42605622602232884,64.11114438640236
2025-07-17,0.24559417083094925,0.8249250409665425,1.4273571509843355,64.19627740206538
2025-07-18,-0.6098330370676827,0.5799877192515444,1.72093317181591,64.09170127672296
2025-07-19,-0.037668057321872436,0.38259436235017985,-0.9743405708095131,64.17140125169931
2025-07-20,-0.3117955229780797,1.3243495886453953,-0.711360324036288,64.1298158795602
2025-07-21,0.05824771853520221,0.040731917961181016,0.8360343323633929,64.18539239720327
2025-07-22,1.2179490149395402,-0.09986227708414605,-0.7189126562243213,64.14620256911466
2025-07-23,-0.5998154795842289,-0.9555786093227271,0.6748350378883803,64.1710668799954
2025-07-24,-0.1927259978853571,0.5811884586710411,0.3576050517402612,64.21843450113415
2025-07-25,-0.3624293030667063,0.1567605763682566,-1.504157062048418,64.0124731803219
2025-07-26,0.14311389793466614,0.12195754387756806,0.5672641575038815,64.24878778034724
2025-07-27,0.7241023965165537,1.0589401648625307,0.3765697176142793,64.04505417190647
2025-07-28,-0.7568906848386897,-0.6575648611408298,-1.1336478148437321,64.2389296222462
2025-07-29,-0.009537820106168327,0.055560721148938244,-0.3908870575083703,64.13021094259464
2025-07-30,-0.05309790290208364,0.12458115089575884,0.98421680434773,64.18131904036478
2025-07-31,-1.0449094368069154,-0.8728653157493899,-1.062016197056939,64.19045139980086
2025-08-01,-1.1966636605922705,-1.565198901606302,-0.8111543112213712,64.01244119155487
2025-08-02,-0.37774066248233473,-0.5859731420692041,0.6950388124068811,64.2470782198107
2025-08-03,0.7843320175166588,0.7156678958805227,0.7526403250419292,64.14559204494688
2025-08-04,0.39198644645725,1.5889344513874089,-0.039823003665808154,64.14036804278409
2025-08-05,-0.4496799122931592,-0.741652427964286,-0.22237524562830271,64.1795773427665
2025-08-06,0.4143441787482525,0.5137744275101744,0.3821095610502808,64.1489423785999
2025-08-07,1.1657254073534125,1.6750164346979195,0.5075198298453935,64.11415249879956
2025-08-08,-0.3904460110057805,0.6518342701481683,-1.422009413421772,64.16798154057614
2025-08-09,-0.09812567537748527,1.7269182272706998,1.3086001561733194,64.20346696143187
2025-08-10,1.3330927155159173,-0.04848723577308447,-0.3369132392512569,64.10127209064397
2025-08-11,-0.2799973665543353,-0.17161615859463336,-0.7845051378424273,64.21499979246747
2025-08-12,0.6754709070198534,2.428738842683036,-0.5883486936030802,64.00183821748188
2025-08-13,1.479230276271045,0.9203299417968014,1.2046693213640969,64.27376312107668
2025-08-14,-2.3490013670659753,-1.2000549390734916,1.325840866699177,64.12751551488434
2025-08-15,-0.3785940824084981,-0.5586753563480398,0.05962927327283524,64.16796523556788
2025-08-16,0.029847643567315233,-0.06806657027045802,-0.11197723961144439,64.15066160827337
2025-08-17,-0.02239104938859763,0.299919608762253,0.13901456488708966,64.13933817538978
2025-08-18,-0.5038458362412749,-1.0387433483139987,0.27795413823460907,64.14552402180463
2025-08-19,-1.4607875765429523,-1.4478357579066403,-2.722470219985826,64.258315208229
2025-08-20,0.5625055199199068,1.3204463036643235,0.740873114331043,63.92778717287692
2025-08-21,-0.7550496817026449,-0.5915024359101564,-0.6520204684288408,64.24371294389923
2025-08-22,1.7567255583785535,3.3052334934907135,-0.2557365076329097,64.22840531856966
2025-08-23,-0.5912485568358273,-0.22695963874198527,-0.24898141826614606,64.16703970484166
2025-08-24,-0.768016832516094,0.0270463386768806,0.7030852516325337,64.03415076213713
2025-08-25,-1.3517336232512323,-2.3480325254467607,0.29741847796822835,64.247782066296
2025-08-26,0.6315994101758,0.858674427726359,0.8281067835803234,64.1738161645982
2025-08-27,-0.2308600209834314,-0.4229342860732081,-0.5684776396329871,64.09208826151551
2025-08-28,0.5146770289513396,0.028390611331766808,0.6477716044054794,64.16524107216618
2025-08-29,-1.692756065465578,-0.8518995609889871,-1.40710614076287,64.12232323805097
2025-08-30,0.14139914626997444,0.09019709742745557,0.25626160848013535,64.14684826424927
2025-08-31,-0.2239926380368596,0.10987377834757739,0.4047118308174722,64.17790325596296
2025-09-01,0.3888822042245535,-0.4884004886050308,-0.10038855498220753,64.20038716607631
2025-09-02,0.7617497785888734,0.08323516163813943,0.18136289961451693,64.0999048315027
2025-09-03,0.20113198106359062,0.8508125646631781,2.158214455850268,64.22386618733896
2025-09-04,-0.41417694881461864,-1.0051782512118101,-1.435546548371834,64.0475167525122
2025-09-05,-0.036922849866534664,0.060345220497398495,-0.4094277443441654,64.18156250194971
2025-09-06,-0.18836491242150463,-0.203093503449764,0.716568958611349,64.17655844471179
2025-09-07,0.4012597925546213,0.22164242135211373,-0.6460730724904417,64.22082436016488
2025-09-08,0.3884835256453694,0.03041511246369009,-0.26929131912353504,63.99133482908651
2025-09-09,-0.24812393686088888,0.01856518893838852,1.2197200025829604,64.26725065884965
2025-09-10,1.0798372190486305,0.29203401852812577,-0.8065695726193155,64.11356170400589
2025-09-11,0.6821767074326236,0.7820831427151544,0.4310792669447222,64.13455165801228
2025-09-12,0.25751414573536835,1.664238708039981,1.315450972193319,64.19188168348511
2025-09-13,-0.07613356451788558,-0.2698213558327168,-0.5968936588657554,64.09915516283877
2025-09-14,-0.25829716438184713,-0.3526123908986501,0.10850340208065237,64.32900102248122
2025-09-15,0.009465058905191233,-0.5150002697586108,-0.33120443266009136,64.00615125587343
2025-09-16,0.6515016086100637,-0.136010820604386,0.9480171782620821,64.23099295942302
2025-09-17,-0.18589822470010595,0.5878469174573846,-0.7838959079828768,63.99983258656462
2025-09-18,0.31219326433591776,-0.006513482427007607,-0.4425076412455045,64.17541222177334
2025-09-19,-0.7128175941527375,-0.7767894084826417,0.8835737375854663,64.28507876826251
2025-09-20,0.007753976388711726,0.08152298511493333,-0.9745067611333341,64.0318608946471
2025-09-21,-0.21177671821924388,-0.18983310031564282,-2.387309566641444,64.23378333133036
2025-09-22,-1.2880802624725796,-1.6865615545982964,3.311864570460741,64.19052331563357
2025-09-23,-0.3553845151796704,-0.1880154255613648,-1.347837633644291,63.98822851561584
2025-09-24,0.6181401095458174,-0.06273212086929215,0.3263597079940345,64.25906301458377
2025-09-25,-2.0983448068708856,-1.9366292302733399,-2.9170894234808764,64.2583847450545
2025-09-26,0.2690358450827071,0.828468780928958,1.366063135006677,63.95199097111965
2025-09-27,-0.01992223764865251,-0.08751458918525568,-0.08810835680504134,64.27199856922705
2025-09-28,1.0385033625398714,0.780673997870905,0.9846352024717276,64.14863387394057
2025-09-29,0.9598201283811009,0.5041222404575689,0.5896488503226516,64.1022562239403
2025-09-30,-0.15393841043347195,-0.47466308322742307,-0.678623423109698,64.17000739696607
2025-10-01,1.9511693733542115,1.3840396845380478,0.648499535098972,64.23618043175964
2025-10-02,0.8253496004671097,0.8724282499439969,-0.4557694988865151,64.06660137580276
2025-10-03,0.6413628478102915,0.1811706053379157,-1.3272854586092366,64.05919456181101
2025-10-04,0.05813222079334898,-0.15581430507834207,0.49190059591885377,64.29940966662782
2025-10-05,0.4472311200665814,0.18512693718668138,-1.4571187676763178,64.11697689284064
2025-10-06,0.5134078927353114,1.1383516033597911,0.5524887135694733,64.07663459265426
2025-10-07,-1.4278077718564055,-1.5007843149547448,-0.07190230387497405,64.30415508777814
2025-10-08,0.7508045778690662,0.40010306283964,0.5655761742956656,64.08668283646468
2025-10-09,-0.6733326726660335,-0.9091086030920739,0.39967815643856,64.12059127104114
2025-10-10,-3.5691069193851255,-3.146653943459147,-3.198339739687199,64.24026278020186
2025-10-11,-0.7055506617231643,-0.3053468804951354,1.9564060521884934,64.0145099285169
2025-10-12,1.262160060801837,1.7126563749403032,0.43455587911495774,64.3756795345094
2025-10-13,0.02449258231233715,0.35711851946919865,-0.07017378535251474,63.92945676861485
2025-10-14,-0.6563603785487212,-0.6218195092709888,-0.6538940499953766,64.21152037037082
2025-10-15,-0.7320375737627675,-0.7912830776944807,0.13009363914214975,64.11216697961379
2025-10-16,-0.8339265345320762,-0.5498129750139847,-0.9720832497246321,64.23619093877157
2025-10-17,-0.5613195948892361,-0.39530300682162506,0.026098073137674392,64.07537905191714
2025-10-18,0.23580287810467343,0.4106175655063786,-0.0781432616038595,64.22492198233111
2025-10-19,0.4890790429790687,0.688236762247241,0.1565487558812373,64.13055460772425
2025-10-20,0.6499713351647396,-0.016860365670250562,-0.38560121469635456,64.17310222291195
2025-10-21,-0.7454093381722435,-0.7730053544391527,0.46830749556390905,64.06036775732488
2025-10-22,-0.285233205966869,-0.48321083926667957,-0.5786400575401921,64.26040100967806
2025-10-23,0.8532847621862852,0.3601645319710433,0.38901912154358403,64.16326061658428
2025-10-24,0.34426555691176713,0.5961561875070037,-0.348339620796228,64.09517382539657
2025-10-25,0.21897289029070824,0.15243113884855763,-0.4803434748707816,64.08579066387051
2025-10-26,1.053251124009176,1.5191640876086359,0.2694063553999895,64.18059384286103
2025-10-27,-0.1391990722852229,-0.24816741799897274,-0.4096638713116578,64.23353443499013
2025-10-28,-0.45776620097540865,-0.9777236761997271,0.6042597578925215,64.15167502058841
2025-10-29,-1.1674389056355035,-0.513156944166177,0.2860454281369074,64.10395565436659
2025-10-30,-0.6896912341234275,-0.6803896045248382,-0.3926415388347912,64.22453449433455
2025-10-31,0.48334253088828727,0.30705181208919574,-0.7207018807284457,63.96988718648473
2025-11-01,0.19546526724547011,0.20938104906413155,-0.1715600868356919,64.37278067236518
2025-11-02,0.22668280040327082,0.2885608777697631,1.6411354263832634,63.99492357367056
2025-11-03,-1.7314439872817295,-2.435452580844992,-0.9316454128141558,64.24022562304673
2025-11-04,-1.9436559943497467,-1.6174298461588228,-0.08340658074637408,64.03788862280093
2025-11-05,0.7823383966191912,0.6006858856723762,0.522405708390025,64.30756845674922
2025-11-06,-0.9163772963578648,-0.6238556431616646,-0.7892354231358056,64.06456748455007
2025-11-07,0.7150685802368296,0.7748475080357863,-0.3391561574986031,64.29100317962438
2025-11-08,-0.39287305613144435,-0.23530282364688024,0.20880270889180377,63.954798915858234
2025-11-09,0.8741251458530217,1.3875638530559202,0.7252905728336909,64.33506643055465
2025-11-10,0.45760991490946423,-0.09491829757029481,-0.3325955436994906,63.959856852789756
2025-11-11,-1.1329281278204961,-1.230613805938329,-0.37475590104883166,64.2296773249744
2025-11-12,-0.4986947145853588,-0.0059826646938585205,0.46815254711477966,64.22769530225037
2025-11-13,-0.7557784600140942,-1.4427680390813309,-0.19574934062842614,64.06316162895266
2025-11-14,-2.100817657820259,-0.8829482913992978,-1.3743712581488345,64.15943301778454
2025-11-15,0.38813463445820695,0.4509971356223672,0.5443415215796643,64.23176634090767
2025-11-16,-0.48880294060492946,-0.5820666270810082,-1.0546179494261663,64.04714166166652
2025-11-17,-0.7679286944661203,-0.5687783241504466,-0.43618826839462377,64.2361805040102
2025-11-18,0.3102845075812914,0.8595308784950374,1.8358943828314085,64.09240709437123
2025-11-19,-0.5712073116921335,-0.8878375074309534,-1.4754860727960453,64.23207334804609
2025-11-20,-1.9422638102139502,-1.6805155850439555,-0.267523375221178,64.23677696934725
2025-11-21,-0.5596738582448182,-0.4625099314368272,0.9578749641619498,63.84501237033894
2025-11-22,-0.1685575086653027,0.024507723694190246,0.4185372479410495,64.28297646757278
2025-11-23,0.812325451633836,0.32471997840315914,0.8952354507500567,64.23425103298143
2025-11-24,0.5539164052042557,1.4654499459946944,-0.047366748912100264,64.08389957761597
2025-11-25,-0.3687422003782511,0.05884048978701051,-0.28182716539447444,64.13966592961589
2025-11-26,1.253326150663989,0.6817269449802507,1.436736329558121,64.32457776582133
2025-11-27,0.29732949757590865,-0.11655838043556423,0.3011492089656671,63.98369122826967
2025-11-28,-0.15393206300712836,0.18625179345653575,0.012743359384485184,64.17369476541391
2025-11-29,-0.0338361502166072,-0.393366429967304,0.3116383513274374,64.19734493406472
2025-11-30,-0.20332729908560276,0.015845129653751483,-0.2358190241063909,64.10023427182963
2025-12-01,-1.8577008477128807,-1.97698175494035,-0.37392741361887255,64.18159297736746
2025-12-02,1.9866091178216856,1.411260066736088,0.689093551749691,64.23517786023518
2025-12-03,0.8222243629065303,1.4144497163997265,-0.1678564701541004,64.01349993767397
2025-12-04,-0.5432262157796199,-0.42321172965513837,-0.2682248254203354,64.19964116534587
2025-12-05,-1.1145203202325837,-0.9100053833137759,0.6127633088084331,64.2021053131929
2025-12-06,-0.05084277396163849,0.13756323776836463,0.22150415913111726,64.14146475014415
2025-12-07,0.45438079239893797,0.19768712756307702,0.5340577966184836,64.13190588660036
2025-12-08,0.09164591486456389,0.6015159829389383,-1.3885763477132975,64.10932947471613
2025-12-09,0.8585712667790634,1.7842436895973888,-0.06691460832638209,64.18846554021331
2025-12-10,-0.29260170782686673,0.045906172739062216,0.8253481892690171,64.08621385699679
2025-12-11,0.2088637645206844,-0.7633061922078345,-0.6355831106288927,64.27099838762794
2025-12-12,-1.0240842045979202,-1.306601456593399,0.10205689939915434,64.08260484019752
2025-12-13,0.006712932257315171,0.2505645328198906,0.6649282572929479,64.20953492730051
2025-12-14,-0.9933675235066916,-0.46093399491665615,-0.16081125075875585,64.10673643928052
2025-12-15,-0.819742131275892,-0.8530167142196676,-0.8658866610498307,64.13420681927276
2025-12-16,0.6501251320813384,0.01006982541568256,0.14256593757665242,64.15640890632541
2025-12-17,-0.8093727842797587,-1.2617391964181646,-0.7326294312597077,64.1898344963698
2025-12-18,-0.32976309964522366,-0.02691550679030505,-0.8325440299230573,64.13972817243905
2025-12-19,1.2611622767032558,1.384243040263786,-0.17863654674168772,64.14107567221964
2025-12-20,0.10883289551261054,0.006996734258021777,0.45958735945748863,64.17549300259641
2025-12-21,0.12947108217681058,0.23914698062972353,0.28855037199853323,64.10904925096202
2025-12-22,-0.07250613520955136,0.055027575205467166,-1.3753451570601751,64.16663786455912
2025-12-23,-0.5622510105271724,-0.41542609247662066,-0.11254517316590283,64.1622021021968
2025-12-24,0.09662537684764523,-0.16541187307453878,-0.04431726534432934,64.14242710534396
2025-12-25,-0.20851061229607687,-0.41619723868477365,0.09497752260809665,64.19291682049415
2025-12-26,0.029397259359547963,0.23483271891876276,-0.4164414024187079,64.09132961282077
2025-12-27,0.2710645588582105,0.2378459654622025,0.3116585678140447,64.18980795296375
2025-12-28,0.011722472792499083,0.017641886462850986,0.027963124645820982,64.1840584729414
2025-12-29,-0.4105226493130933,-0.13245568552396805,-1.5385200644154524,64.08692275259878
2025-12-30,0.7432032308781163,0.3899975854105286,0.6329025101355948,64.20411695550872
2025-12-31,-0.5487820647541578,-0.03270173713251777,-0.7059770990229648,64.11247324261844
2026-01-01,0.7104074104491159,0.3510005348907283,0.8098553458312513,64.21812987465759
2026-01-02,0.7034294316989521,1.2384296796297853,3.4223156090293703,64.18607459152611
2026-01-03,0.37898160492638017,0.025375580965854797,0.5227234492521428,64.06143505013706
2026-01-04,0.47102040979674303,0.15221915718592596,-0.4100573737645559,64.14886571345392
2026-01-05,1.4441959793788666,0.8189754228730767,0.8191685892871939,64.11890092853825
2026-01-06,-0.0969050576980444,0.6474872004794776,-0.38889543447078045,64.18299656603519
2026-01-07,-1.449343527040877,-1.1753674299274122,-0.332846956175848,64.2253269852965
2026-01-08,-0.16293664730116653,-0.49382350420410526,0.458527702973043,64.11863970899039
2026-01-09,-0.29815250222113887,-0.17191027332811995,-1.0731431586546987,64.10255224627869
2026-01-10,-0.08029420540825317,0.005109217741647671,-0.3336284705266105,64.17956511934611
2026-01-11,0.2491875062730728,0.35524441842900734,-0.6520377261780491,64.20041160579706
2026-01-12,0.20749725756641677,-0.2423447516451,1.9314779444564738,64.17891737330429
2026-01-13,2.401435313508388,2.1479822044975605,1.4028698084027607,63.934405668824326
2026-01-14,0.8739731613143452,0.27220604335633547,0.44290914544322596,64.36129428458474
2026-01-15,-0.7700621083433375,-0.3089008555053554,-0.7972960642216234,64.10784398286273
2026-01-16,-0.0220164890847564,-0.17782583596396934,-0.07152379658989443,64.1342304092453
2026-01-17,-0.24547942955368768,0.13123916739188202,0.7245687040659273,64.15606493402592
2026-01-18,-0.8452662910250366,-0.24014201378490607,-0.4774866492922718,64.21776306509197
2026-01-19,-0.6200856528887605,-0.8636328573876371,-0.6893376217976898,64.06758043805597
2026-01-20,-2.47190487249929,-2.2303160092536896,-1.7687349587088215,64.08438958024492
2026-01-21,0.49195895979086235,0.26749804247784076,0.7773146975521303,64.30146674252612
2026-01-22,0.03440035847166961,-0.20572403241311957,0.0031671274133710592,64.08021871282155
2026-01-23,0.013773339732923452,0.04021638414008734,-1.8211575921554235,64.1539781983712
2026-01-24,-0.2033568497697739,-0.030955127413730694,-0.8872597117350516,64.19119798864465
2026-01-25,-1.3264274078803877,-1.3118352274079932,1.2286293928317555,64.1591443874812
2026-01-26,0.8237537096577783,0.9281656198549127,0.008318365806419913,64.01910968069662
2026-01-27,0.40479089847096766,0.841258489134257,-0.1366321163515041,64.30384228038331
2026-01-28,0.03451806603170724,-0.13027281508292318,-0.6395884542143067,64.21438407990647
2026-01-29,-2.4411318977378857,-1.8416636579300347,-0.5474802977109101,63.982254678163514
2026-01-30,-0.19257836672226578,-0.8563674122562315,-0.08860311577540503,64.20882099175255
2026-01-31,-2.5455610408824034,-2.1152813299009168,1.0311505309499678,64.15850914934592
2026-02-01,-0.6295252690497263,-1.1090975218600887,0.8436882294669868,64.17720927814092
2026-02-02,0.6548970217323784,0.5032061924402172,0.018735218698009547,64.07497434100976
2026-02-03,-1.2270439953517955,-0.9568250844173204,-1.800530930093806,64.26931154850342
2026-02-04,-1.0442931357296956,-0.7340995265700567,-1.313380124555287,64.09994279453011
2026-02-05,-4.40925182508489,-3.382357202194222,-0.8477375688953229,64.14751152781562
2026-02-06,1.9863571479194648,1.2899032767784544,2.7518706451991717,64.15129883102777
2026-02-07,-0.3117723777171157,0.17272896968784685,0.7513499432144736,64.12913934269177
2026-02-08,0.24519457129664576,-0.00772743791534166,-0.45570897303953095,64.14618404830105
2026-02-09,-0.040243660326354805,0.15491715996393499,0.11038870506987304,64.20107071831578
2026-02-10,-0.3669446906262758,-0.9807798695538114,0.14250095964959328,64.21027789983674
2026-02-11,-0.5255826683645026,-0.9140583830733574,-0.19461316503031179,64.00360747573541
2026-02-12,-0.23630689717627829,0.08310117100234365,-0.2964458275985131,64.20952359626945
2026-02-13,0.8138922089868339,1.3240140445034199,1.179085813414014,64.20522107380661
2026-02-14,0.2809015969590959,0.48896572862638904,-0.09753070018915438,64.12372554459847
2026-02-15,-0.32123186832284967,-1.6476109663261842,-0.30249803935745534,64.15946819166072
2026-02-16,0.015142416743319198,0.3521580224957433,0.023786203538422653,64.11587298962995
2026-02-17,-0.4813038868424349,-0.06103998852481682,1.2493506890159587,64.13798788894347
2026-02-18,-0.39880345100353404,-0.5142864582822225,-0.04525639770140819,64.16389032092339
2026-02-19,0.1995367170588734,-0.07049718143799544,-0.1024992629867012,64.24575934254517
2026-02-20,0.40650435072960955,0.3178381581067925,-0.30726254034471273,64.08497035716206
2026-02-21,-0.004694492687882019,0.0822069918555826,0.07553881964944273,64.13421927417521
2026-02-22,-0.1482527741457039,-0.2310943829102728,-0.7333096590757687,64.10796856070901
2026-02-23,-1.3556525307039835,-1.5964940569963486,0.406428627001176,64.28398255231579
2026-02-24,-0.23525684869117514,-0.02217438627062053,1.1660465664948405,64.10917763901143
2026-02-25,1.6796067458162514,2.6776668387719216,0.22751757594478883,64.06135628975399
2026-02-26,-0.22095289184617492,-0.3044041034991203,0.09418135920794697,64.21671031648438
2026-02-27,-0.7101729799932741,-1.228991229252716,-0.5014870744034825,64.15203256638061
2026-02-28,0.501172908559101,0.40411734533903443,0.6288394995946996,64.1628801020572
2026-03-01,-0.5947814188263141,-0.328548236519061,-0.09793580643782597,64.16564652758468
2026-03-02,1.42287015812368,1.2170391131622018,-0.5823522063706732,64.05928450598026
2026-03-03,-0.23074218876045846,-0.5974182168771726,1.127628499955744,64.29048033216364
2026-03-04,2.0701652957889802,1.9200640239365148,-0.33788239222209154,64.03832296628158
2026-03-05,-0.8647142472054573,-0.6675451911896904,-0.7870807601347056,64.15906956158379
2026-03-06,-1.2808267513209795,-1.1830566003519671,0.07779155215136853,64.2420298224166
2026-03-07,-0.402253491188235,-0.09951130489398038,-0.15422504522667366,64.08938432545831
2026-03-08,-0.629567280364505,-0.42665944535512895,0.5830779204501026,64.1996608483327
2026-03-09,1.1660808887271685,0.7886975641626445,0.4877684936050654,64.12644002900302
2026-03-10,0.7233697771105281,0.6274952999149368,1.3818064451134933,64.14791424810375
2026-03-11,0.12980054901875138,0.21546638743156743,-0.049144093305781726,64.20546713063509
2026-03-12,0.13873178540074246,0.32101924998201314,0.31742464061072956,64.00115734507199
2026-03-13,0.2375739921353705,0.2908392826796175,1.3664724208587846,64.27716972691537
2026-03-14,0.12371548623897,0.0768389604656104,-0.32763204299703286,64.09718440302859
2026-03-15,0.8344791063701976,1.1505162558273079,-0.20028227815533814,64.18402731368076
2026-03-16,1.0964592541806806,2.258455768102974,-0.5060328835797905,64.16866932362241
2026-03-17,-0.510532966299831,-0.361280524058333,0.8274322598980292,64.09989066658557
2026-03-18,-1.5011879207178227,-1.3805312771916862,-2.490629610877679,64.19352472768549
2026-03-19,-0.7100760341650263,-0.6845583760644733,0.6155905511474132,64.20141588747138
2026-03-20,0.31937809290130964,0.11001218862973546,1.09125827965892,64.14286451436523
2026-03-21,-1.0071950923546926,-0.8659043764677886,-0.4374179240535313,64.06611426541498
2026-03-22,-0.48238527705540085,-0.279747392688984,-0.9915727480002987,64.17136445252683
2026-03-23,1.685586718172691,1.2915028846097787,-0.3253705132870825,64.22188106268192
2026-03-24,-0.2213324215941598,0.05580120775753269,-0.1678806004340514,64.06723700606003
2026-03-25,0.4346182944616874,0.1750612799007494,0.2953349391431213,64.13829346380223
2026-03-26,-1.461520892725264,-1.503942042101901,-0.9407241200459748,64.2853301565441
2026-03-27,-1.3656988803456596,-0.7706995601746893,0.11690907258306055,64.02509544862541
2026-03-28,-0.015069909370269736,0.026118917615933802,-0.49869392209043123,64.12597959650213
2026-03-29,-0.205319080106035,-0.12421175929188763,-0.18658124850014238,64.3171313584698
2026-03-30,0.4086300812971118,0.5865463399548317,0.5623628387550993,63.96248944553727
2026-03-31,0.8710271245546701,1.1496191568693033,-0.3979797169610361,64.24744371153434
2026-04-01,-0.09483306057784015,0.46939895685480204,1.1714656478632015,64.23180521746826
2026-04-02,-0.7169707360200754,-1.1312901294804576,0.48097358409947333,64.09040932701961
2026-04-03,0.01969576582761317,-0.03277086332026775,0.06602166327491342,64.14240755414113
2026-04-04,0.21579310236760618,0.170881346999659,0.3128798663640436,64.15673970236699
2026-04-05,1.0493088428770136,0.615043811997035,-0.31033657068691195,64.10665440726724
2026-04-06,-0.08289799434964534,-0.005635639068308204,0.7569995897478589,64.07553926649449
2026-04-07,1.9317662038628705,1.8527463695408157,-0.015206301070104815,64.36366569818931
2026-04-08,-0.5091130693562649,-0.6291689238464955,0.9302959629602109,64.08881079922536
2026-04-09,0.3943672213816192,-0.004111858782912919,-0.8234480344871382,64.12673008215926
2026-04-10,0.7540196277173149,0.7364582410223941,0.007966323748344228,64.15331718066143
2026-04-11,0.04087354290018889,0.5279555756847566,-0.023109003093752873,64.13561838774804
2026-04-12,-1.5212015744871752,-1.216445867755351,-0.973906204108958,64.15437874476221
2026-04-13,2.215341004883781,1.960098299856088,2.740779966328605,64.15059030789135
2026-04-14,-0.17986155111589688,-0.4815031431189726,-0.8118833087461322,64.15097372036836
2026-04-15,0.3584971697310582,0.4088413873655014,0.06966772226427455,64.1785753344214
2026-04-16,0.20002719587841777,-0.11620016762138694,-0.6710249652058716,64.16767171511594
2026-04-17,1.1781824074322709,0.8901684526085554,0.9750284679753886,64.08893691623192
2026-04-18,-0.8533941626576814,-0.8388526863751722,-1.1076483764767409,64.2044879295629
2026-04-19,-1.1436067573316027,-0.9951469929700237,-0.21623318478284148,64.13495997626683
2026-04-20,1.1662796331719507,0.5542208518033758,0.6216563091447245,64.1724443379772
2026-04-21,0.2718871201185017,0.15855320707835474,-1.1220210414978955,64.15537667557702
2026-04-22,1.0748164981230242,0.5945410332250262,0.06910657575180654,64.134972625519
2026-04-23,0.03179485789111449,-0.5401919368942967,0.4186341746444946,64.23442165174177
2026-04-24,-0.49616818316968325,-0.18304109963392207,-0.35106599681831674,64.01862401801414
2026-04-25,0.08848958706121243,0.0511883536662861,-0.3538402526257726,64.16790239409661
2026-04-26,0.6382995435548668,0.6598972715384547,0.9485091445493721,64.26592065610701
2026-04-27,-0.8189444014267924,-0.837895597481347,-0.9724586931552588,64.03118738383861
2026-04-28,-0.6456572925803314,-0.1518687628810205,-0.45178180246124144,64.24398824174762
2026-04-29,-0.37134165585484485,-0.4434501520764886,0.23279971090013288,64.05022085121108
2026-04-30,0.33213196297647835,0.04732179345425807,-0.6152029761108537,64.19796060108385
2026-05-01,1.2008095154001381,0.5154928411065205,0.516192116316594,64.1956291766273
