date,logret_BTC,logret_ETH,logret_USDe,logret_USDC
2024-02-21,-0.0085609043152299,-0.014421777074224,4.783817844552867e-05,0.0001000184957563
2024-02-22,-0.0103585476400152,0.0002194296137369,-0.0008528623726456,-1.0013320099940312e-05
2024-02-23,-0.0112318061155125,-0.0167497288331501,0.0006203140297482,-2.026517457763152e-06
2024-02-24,0.0164055941302176,0.0239197250362117,-0.0001218893082326,0.0001050158791291
2024-02-25,0.0031390133682371,0.0394185803791824,6.392231999963953e-05,-0.0002489687286502
2024-02-26,0.052511187656945,0.0210750468838973,0.0008773582538853,7.49892046893836e-05
2024-02-27,0.0459362164404737,0.0204025144361796,-0.0003532779171792,-2.8969725684951577e-05
2024-02-28,0.0906952929770419,0.0425946193780362,0.0010972511798713,3.099638290342246e-05
2024-02-29,-0.0211224142700192,-0.0130164233010781,-0.0013217724089277,-0.0001980357388847
2024-03-01,0.0200954657884242,0.027487237303692,0.0005757773718443,0.0001880216279293
2024-03-02,-0.0066005473120913,-0.0037929033703285,-4.091207769108202e-05,-0.0001470043835706
2024-03-03,0.0181722046590131,0.0199466802026186,-0.0003342572822483,9.502476791359624e-05
2024-03-04,0.0785670808490071,0.0391657458763159,0.0007960859727052,4.494583491161952e-05
2024-03-05,-0.0685829818149201,-0.0210070504160473,-0.0001127026732293,6.300422192957908e-05
2024-03-06,0.0354997002008659,0.071702762354878,-0.0003880178289539,-0.0001970131560193
2024-03-07,0.0123081400525162,0.0143294342144955,0.0006104388559926,-9.30060799818016e-05
2024-03-08,0.020331312236987,0.0045615445502829,0.0006299045886815,0.0001890436652677
2024-03-09,0.0029062966320196,0.0059834876050164,0.0001943216973297,0.0001419828086358
2024-03-10,0.0075758256572058,-0.0087797237225828,-0.0012820799495477,-4.398748062175626e-05
2024-03-11,0.0439922985827472,0.0466265599074269,-0.0007713706260206,-3.796906963748077e-05
2024-03-12,-0.0089498360493482,-0.0214187117111475,0.00019266046972,-3.039972146704604e-06
2024-03-13,0.022166899064075,0.0065568589305069,0.000439089069151,-0.0001850384496577
2024-03-14,-0.0233524614583817,-0.0312631146419182,-0.0013947829484526,0.0001630430817383
2024-03-15,-0.0283089232920001,-0.0388374261325505,0.0004374849661994,0.0001049654093447
2024-03-16,-0.0607177252062971,-0.0585335864408769,-0.0005593337156049,7.90297153929055e-05
2024-03-17,0.0460122407046093,0.0333732074975969,0.0001478126441102,3.802263014433307e-05
2024-03-18,-0.0123885075543679,-0.0347579846458714,0.0004275926770454,-0.0002480074852442
2024-03-19,-0.0871207318570075,-0.1080704152151135,-0.0005314523008525,0.000192939758482
2024-03-20,0.0925108529687737,0.1067642582840093,0.0008099857644611,7.604511075916206e-05
2024-03-21,-0.036318674226214,-0.0058238064955578,-0.0003244870371737,-6.698614211791204e-05
2024-03-22,-0.0264984466521589,-0.0466792544778229,5.892971847050216e-05,-5.805033943496749e-05
2024-03-23,0.0044342886654007,0.0008713292933908,4.785551919687502e-05,0.000148039584291
2024-03-24,0.0483270931506787,0.0347667100501585,-8.58320510143144e-05,-4.9940051091065866e-05
2024-03-25,0.0397250476948798,0.038681118505865,0.0002177204840661,-0.0002330468139607
2024-03-26,0.0004147786065633,-0.0009414108524907,-0.0002117679543005,0.0001419802528238
2024-03-27,-0.0076374445429507,-0.0246610500870065,-0.0002995752745163,2.0979419428713173e-05
2024-03-28,0.0183971899718802,0.0173280545494112,0.0002715980765261,-5.101889989100525e-05
2024-03-29,-0.0121181580122033,-0.0139934681623028,0.0005990171798783,-0.0001469322851349
2024-03-30,-0.0035477570486825,-0.0011002718123069,-1.3921023416754502e-05,7.796919112165968e-05
2024-03-31,0.0239528586963029,0.039109513188567,-0.0005300949189198,3.999559750930826e-05
2024-04-01,-0.0231370023332591,-0.0399406318143036,0.0003793309098228,5.006674971640569e-05
2024-04-02,-0.0629909043698848,-0.0671991251460806,0.0017862877949649,-5.203370891460938e-05
2024-04-03,0.0081237430733196,0.0103837493547835,-0.0017652246850674,1.966959198203692e-06
2024-04-04,0.0375988627118619,0.0056007620735005,-0.0002087466769075,4.208007911198982e-05
2024-04-05,-0.0098456304182885,-0.0033555146414272,0.0001368684756785,-0.0001850821360161
2024-04-06,0.0154824963625639,0.0105795137842221,-0.0001698387256252,0.0002010554134385
2024-04-07,0.0067474553636266,0.0291781808501276,0.0003494055559374,-0.0001350060696666
2024-04-08,0.0321857940970211,0.0676731187933672,-0.000391304337296,0.0002890039845627
2024-04-09,-0.0354137612037881,-0.0528226545108658,-0.0004683859795579,-0.00021699847921
2024-04-10,0.0207393012425356,0.0109447185752458,0.0003045829880014,0.0001709922984026
2024-04-11,-0.0074977825845117,-0.0109206193734578,0.0001269020427455,0.0001499294512041
2024-04-12,-0.0417489701814357,-0.0777516251273091,-0.0014520019154551,-0.0003519764682918
2024-04-13,-0.0515220497152348,-0.0762651730824632,-0.0003140497213969,-2.199519223335316e-05
2024-04-14,0.0295985014949593,0.0493593845673103,-0.0001250392687243,0.0003509712251247
2024-04-15,-0.0358109994965083,-0.0176855865517868,0.0007150231855599,-0.0001349147601773
2024-04-16,0.0060619201772293,-0.0053924386671191,0.0003448404914558,-0.0001550791124119
2024-04-17,-0.0405395853499452,-0.0330173129250219,0.0005096552017222,2.0265539362270675e-06
2024-04-18,0.0358412020861464,0.0268743124339057,-0.0001169392730448,0.0001590120752399
2024-04-19,0.0051951428769125,-0.0022036534993663,-6.585878699426871e-05,-7.199333945525594e-05
2024-04-20,0.0178658718865047,0.0316417336836067,-0.0007325992379151,-3.099210619383334e-05
2024-04-21,-0.001043662476567,-0.0032795465278034,-0.0002890054314574,-5.197353403916556e-05
2024-04-22,0.0290089017592762,0.0171256456334063,8.100623457379754e-05,4.291412157776255e-05
2024-04-23,-0.0064603984899154,0.0056869546079862,-0.0004521451753954,-5.197400490321655e-05
2024-04-24,-0.0326063013162709,-0.0251931602486532,-0.0010609945734758,0.0004539660459164
2024-04-25,0.0031812827691908,0.0053060832242906,0.0011300457889328,-0.0004509858120789
2024-04-26,-0.0113289352190157,-0.0083811819891099,-0.0010579964216542,7.509896079680383e-05
2024-04-27,-0.0052869179563561,0.0382362630280717,-0.0001221347945818,-4.207856426175576e-05
2024-04-28,-0.004835296290155,0.0032560391987992,-0.0001352252734215,3.003926919452078e-05
2024-04-29,0.0114670917875567,-0.0146171836968189,-0.0001513068158784,-5.30461450924536e-05
2024-04-30,-0.0514946297165419,-0.065261225646731,0.0006840422247756,-7.498463205997422e-05
2024-05-01,-0.0400899234806573,-0.0142100983654369,-0.0010537475147449,3.0042212887817632e-05
2024-05-02,0.014814392549697,0.0061711957178101,0.0011648549727773,0.0001360131704805
2024-05-03,0.0617572064982478,0.0378833938339244,0.0003703485888726,6.889356578538301e-05
2024-05-04,0.0158013443890485,0.0045118728548345,0.0001771318071031,-7.890617452060956e-05
2024-05-05,0.0021835110569643,0.0062903985031184,-0.0002021236348066,0.0001339699370604
2024-05-06,-0.0136673647637231,-0.0240400385809635,0.0001120706436297,-0.0002079948334192
2024-05-07,-0.0131819299956479,-0.0185039984312442,0.0001120580852079,-0.0001680365864725
2024-05-08,-0.0185699862584929,-0.0110096870247753,0.0003731183591641,6.104245128827098e-05
2024-05-09,0.0299773086041792,0.0207550296980576,0.0011145309866156,0.0001569406810661
2024-05-10,-0.0364564546354895,-0.0424662678182912,-0.000208906019254,3.409095921203861e-05
2024-05-11,1.535686675779857e-05,0.0006221160390404,-0.0011157179569367,-0.0001370264843821
2024-05-12,0.0107113641527938,0.0058558261730734,0.0009218989481412,6.192947510311837e-05
2024-05-13,0.0233714942378764,0.007028779746073,0.0005245468757159,-3.93380831089037e-06
2024-05-14,-0.0216740381115805,-0.0233957860978843,-0.0004156605221063,8.093796979209907e-05
2024-05-15,0.0738042976614998,0.0526965536474968,0.0004026811880043,2.4077483727704465e-05
2024-05-16,-0.0157557243971524,-0.0307355026435542,-6.096940159587452e-05,-0.0001570504650476
2024-05-17,0.0275228349050475,0.0493497671538909,0.0006691500027158,4.70283240238064e-05
2024-05-18,-0.0016578568052914,0.0092746389964055,-4.593692099907291e-05,6.401218737015296e-05
2024-05-19,-0.0099451595532187,-0.0165000266548371,-0.0004423400957948,-0.0001290417986653
2024-05-20,0.0751090888252985,0.1762382868010661,0.0004492426694194,-4.9952289017402125e-05
2024-05-21,-0.0185288571822948,0.0336686689194998,-0.0003384012010005,0.0001359621375259
2024-05-22,-0.0145658695101857,-0.0138432449096264,-0.0004784563740974,-0.0001779883706644
2024-05-23,-0.0174065965877581,0.0105693574501959,3.78752237720644e-05,0.0002210203208212
2024-05-24,0.0087433946680484,-0.0133247164400085,0.0002517504049757,-2.026393778971789e-06
2024-05-25,0.0107386583854296,0.0059661737757199,3.5959170390093e-05,-0.0001659994357446
2024-05-26,-0.0108555230580389,0.0202408315397875,-0.00046447289415,3.898403085835365e-05
2024-05-27,0.0127105489937591,0.0171318506620199,-0.0002179002112627,8.004959860712239e-05
2024-05-28,-0.0159539990459567,-0.0133857991559693,-0.0002079370347937,-3.50469880010668e-05
2024-05-29,-0.0105705290938473,-0.0202703835283433,5.958682969005324e-06,5.006674971640569e-05
2024-05-30,0.0115770099062721,-0.0043533553148957,0.0007664672289391,-5.704053160461043e-05
2024-05-31,-0.0128604927708071,0.0035106521272609,-0.0007774312330411,9.899930544665764e-05
2024-06-01,0.0031882581048563,0.0140424278740614,0.0002958667860833,-5.900502861637984e-05
2024-06-02,0.0006594499605228,-0.0085074451851649,0.0016816668924562,-0.0001220143697723
2024-06-03,0.015425138658129,-0.0038442575052393,-0.0010851949206259,5.501858130283405e-05
2024-06-04,0.0253002252489249,0.0121725442811087,0.0001098940154884,0.0001519857658421
2024-06-05,0.0072722178166024,0.0134811527925151,4.190656289532364e-05,-8.403633306863662e-05
2024-06-06,-0.0045918902720174,-0.0137198457553093,-0.0002556335388691,-0.0002079755873127
2024-06-07,-0.0201945570798915,-0.0355104420599659,-2.5959924784362248e-05,0.000269006931218
2024-06-08,-0.0005310196389043,0.0006306884744766,8.931242827155085e-06,-7.70050059594507e-05
2024-06-09,0.004925659126588,0.0067563141649671,-0.0004845458210356,-6.395680742076331e-05
2024-06-10,-0.0019504270460224,-0.0106303162786201,3.097602967846633e-05,-1.7047891700760073e-05
2024-06-11,-0.0318673749178799,-0.0470109819835258,0.0001767832809553,0.0001470434099888
2024-06-12,0.0134122341743001,0.0173672709763277,0.0003137014678704,-0.0001080005908896
2024-06-13,-0.0219981554211603,-0.0257057047142605,-0.0001457624743521,1.0013790420033438e-05
2024-06-14,-0.0112273344053885,0.0031630038557182,-0.000977598105384,-5.8057536704170605e-05
2024-06-15,0.0027216870164856,0.0242077526220558,0.0004859694520082,0.0001560443371738
2024-06-16,0.0067461931212005,0.0153114738166522,3.097962089294165e-05,-0.0001119942138486
2024-06-17,-0.0022346697987334,-0.0306208591178549,0.0003307072161005,8.89884431540573e-05
2024-06-18,-0.0205057718831529,-0.0079192039290827,-0.0002828098451446,-3.00394195882227e-05
2024-06-19,-0.0027739875153258,0.021487609668652,-2.001653270351268e-05,7.104415480648647e-05
2024-06-20,-0.0020285342777128,-0.0136515651867323,8.602059328774946e-05,-5.197140286647763e-05
2024-06-21,-0.0113626640759907,0.001419853404565,1.2032761755453455e-05,-1.4066119343863876e-05
2024-06-22,0.0024367818200783,-0.0060654994630162,-0.0001979037106613,-3.1947514527809706e-05
2024-06-23,-0.0168214413620013,-0.022045438571423,-9.700022637019632e-05,-5.400315687316141e-05
2024-06-24,-0.0470429339934117,-0.0201977024407753,-0.0005379619406943,0.0001039505005818
2024-06-25,0.0250209785898576,0.0132754538827146,0.0004259352295956,-3.492711646909334e-05
2024-06-26,-0.0162031982640602,-0.0075546915107267,-3.1941829640252315e-05,-0.0001940882490069
2024-06-27,0.0129645478634579,0.0221083765770746,-0.0005280223005549,-1.5977000750066567e-05
2024-06-28,-0.0210738120086126,-0.0208749131129266,-0.0004353004710957,0.0002299726635944
2024-06-29,0.0093599200646927,-0.0001980886729402,-0.0002031334883635,-0.0002209706653594
2024-06-30,0.0289892727317244,0.0176092256091084,9.307068474644736e-05,0.000117018603379
2024-07-01,0.0027672625269055,0.0021685276720191,-0.0003063306711372,1.1981264521279453e-05
2024-07-02,-0.0131801760562915,-0.0069966389780358,-0.0003174083841202,-6.497474809370484e-05
2024-07-03,-0.0303632025066171,-0.0368003944814052,1.969937735342821e-06,2.3963655362293365e-05
2024-07-04,-0.0545790489543485,-0.0751506149646665,0.0001442127790421,2.1995984154121487e-05
2024-07-05,-0.0055496078407522,-0.0241634959767367,0.0002913466370012,8.201869959419642e-05
2024-07-06,0.0285523856250886,0.0290153016595855,7.112295329844177e-05,-7.200442806500857e-05
2024-07-07,-0.0430092171893203,-0.0466816555035265,-0.0002112356487701,-3.3977399786779125e-05
2024-07-08,0.015210533790654,0.0300435968726784,-2.1066340562880988e-05,2.098267093741005e-05
2024-07-09,0.0227379641121494,0.0148951549991878,2.1066340562880988e-05,4.899759096158084e-05
2024-07-10,-0.0046086733698462,0.0123855726188093,0.0001271047625419,-3.296283524075621e-05
2024-07-11,-0.0069092459782691,-0.0006087624106836,-0.0001581971660943,5.495732344674095e-05
2024-07-12,0.0096239845581038,0.0108519591945874,0.0003393979466305,3.0398505633328444e-06
2024-07-13,0.0227530032425828,0.0136391281293803,6.705446101404442e-05,0.0001180105848519
2024-07-14,0.0259278502630042,0.0208316137134598,0.0001101170552567,-0.0001710602839087
2024-07-15,0.0649986203949808,0.07294205174734,0.0001150551927708,0.0001209968881434
2024-07-16,0.0034931297826741,-0.013281276223358,7.204441231008208e-05,7.604769409892258e-05
2024-07-17,-0.0151432424548243,-0.0160304531637471,-0.000476376654599,-5.602203503056936e-05
2024-07-18,-0.0022597141603526,0.0110070203142811,1.1992730257655944e-05,-0.0001459700221651
2024-07-19,0.0418794201096357,0.0229312973426072,0.0011074842779376,5.698389151570599e-05
2024-07-20,0.0067749463483313,0.0038606420727038,0.0002170357325493,5.5967418751660525e-05
2024-07-21,0.0146453753701436,0.004906557962796,-7.400854033330756e-05,-2.69402621160752e-05
2024-07-22,-0.0083877666901113,-0.0275738257195197,-0.0002659873347185,2.980153192989e-06
2024-07-23,-0.0248315035462844,0.012012115141502,-0.0002700527924907,-7.599668085918965e-05
2024-07-24,-0.008462196557577,-0.0427314448060816,-0.0002190765211921,-8.601732887877588e-05
2024-07-25,0.0061776136799451,-0.049746983442823,-0.0009048996602226,0.0001479476086955
2024-07-26,0.0319399921931982,0.0314811144643627,0.0002443385709182,0.0001650889353337
2024-07-27,-0.0014547988961393,-0.0086896379087093,5.203509123605861e-05,-0.0001240823524602
2024-07-28,0.0065045256396718,0.0073190767291855,1.0024798248035784e-05,-0.0001489549152466
2024-07-29,-0.0212622456640865,0.0148894370701189,-3.001502332699961e-05,5.799908925769277e-05
2024-07-30,-0.0093053462306738,-0.0126900531349267,9.207106162021436e-05,3.802840937218419e-05
2024-07-31,-0.0241834505774871,-0.0145539701963102,0.000478418217746,3.397400154759481e-05
2024-08-01,0.0113598461110431,-0.0092436062254712,-0.0011683518311722,-3.194744978561763e-05
2024-08-02,-0.0622170138648705,-0.0697004676962134,-3.606464289079999e-05,-0.0001200504737981
2024-08-03,-0.0120394867920854,-0.0280615609389949,0.0010042483703608,0.0001729777831577
2024-08-04,-0.0431578827242091,-0.0776759458353835,-0.0004494505851111,-8.600830030102254e-05
2024-08-05,-0.0736319858212013,-0.1055891561296604,0.0006576102664062,4.607466641907237e-05
2024-08-06,0.0371384650991171,0.0170300148028772,0.0003131122160184,0.000139939528234
2024-08-07,-0.0181319456214232,-0.0509501404149448,0.000521000314485,-0.0001050124117649
2024-08-08,0.1146158574329572,0.1383747254084131,0.0006036893860204,-0.000126005608668
2024-08-09,-0.0135416335526663,-0.0317099900191122,6.288568848859648e-05,0.0002460359203396
2024-08-10,0.0010785754296183,0.004001952984403,-0.0004226487871797,-0.0002130130477055
2024-08-11,-0.0372135465234375,-0.0219910960483815,-0.0001958989677599,-0.0001149886859016
2024-08-12,0.010756599640608,0.0648920056731787,-0.0005670005652935,7.701824924993097e-05
2024-08-13,0.0209245392771162,-0.0076491209103668,-0.0002921191271712,-2.300947477816006e-05
2024-08-14,-0.0313783013916655,-0.0151894923932367,-0.0001420654905214,8.297468543674677e-05
2024-08-15,-0.0202448620971349,-0.0354813084052283,1.3956949729142631e-05,0.000111992985625
2024-08-16,0.0229114301013417,0.0089474354040479,8.206769563646142e-05,-0.000129994092634
2024-08-17,0.0098818406372629,0.0082033659235412,-0.0003522348892532,3.9041725327347664e-05
2024-08-18,-0.0168702379264722,-0.0004551335579847,0.0001621448655172,0.0004748161040897
2024-08-19,0.0171136635560067,0.0091224221457926,-4.90940697653754e-05,-0.0003098443902853
2024-08-20,-0.0081120246047579,-0.0246439996066589,-0.0003022530403587,-0.0002090204271584
2024-08-21,0.0359874877747525,0.0224002244760406,0.0001971967577458,6.002259819840577e-05
2024-08-22,-0.0130521141055446,-0.0032141383843615,-9.11054392755071e-05,-3.701450316275228e-05
2024-08-23,0.0596666777899255,0.0525404443268566,0.0007064911017573,1.9014062449489324e-05
2024-08-24,0.0013196308130858,0.0017863296523747,-0.0004362418067726,-5.298993314703136e-05
2024-08-25,0.0024052261605422,-0.0073323731435488,9.203512909234074e-05,8.994413009302666e-05
2024-08-26,-0.0228425120791335,-0.0249776948056714,-0.0003302444333927,-0.0001179601900926
2024-08-27,-0.0551928775609074,-0.0866733260534218,0.0002252056024803,0.0001079469296748
2024-08-28,-0.0080402145092683,0.0279492743778799,-0.0002402410009994,-0.0001079469296748
2024-08-29,0.0060896567427395,0.0001491721311568,3.705110992214362e-05,4.399082368817721e-05
2024-08-30,-0.0045347886200275,-0.0011754420925305,-0.0001852096054136,9.000594009462087e-06
2024-08-31,-0.0025333050495834,-0.004932611857999,-0.0001371392644216,0.0
2024-09-01,-0.0282817712577205,-0.0346062994239622,0.0001431662767149,2.10408076936055e-05
2024-09-02,0.0306967310826493,0.0444224959173986,-0.0001021060736187,-6.002409727899457e-05
2024-09-03,-0.0288574422367045,-0.0474331508867607,0.0001241252453962,6.497130505854254e-05
2024-09-04,0.0093675489668374,0.0116534105150059,0.0004194054610318,1.7046817654597847e-05
2024-09-05,-0.0317387301454914,-0.033735528614387,-0.0001421486029135,2.6940531876868072e-05
2024-09-06,-0.0401788599055397,-0.0626830499964654,-0.0003693348315775,1.406600700295774e-05
2024-09-07,0.0035329178561696,0.0223356975646149,0.0002392180415822,-8.80350030601501e-05
2024-09-08,0.0128809053957024,0.0101439336261535,0.0003353101511592,-5.597211934228335e-05
2024-09-09,0.0389455136654461,0.0262868074500888,0.0001050260074523,0.0
2024-09-10,0.010973955159395,0.013099792549208,-0.000460323502149,-5.007243215762202e-06
2024-09-11,-0.0053141104233809,-0.0210348450820996,0.0002882563879159,4.899837370490101e-05
2024-09-12,0.0135766976294,0.0093330934657727,-0.0003083037964578,5.698292349688954e-05
2024-09-13,0.0411907229072507,0.0332401938342696,0.0005304049759086,0.0001579377834504
2024-09-14,-0.0093912862885421,-0.0094694180988845,-0.0005564194742196,-0.0002789409607361
2024-09-15,-0.0137983437794186,-0.0412332414766183,-0.0002362497819829,0.0001579568940709
2024-09-16,-0.016874951656181,-0.0110973936086224,7.805990349600794e-05,-0.0001079444460873
2024-09-17,0.0357170886607089,0.0200240280339487,0.0001671995634508,-9.50198284563833e-05
2024-09-18,0.0219943305683933,0.0118951275456691,-9.308410191124376e-05,-3.702083394054113e-05
2024-09-19,0.0207211190539169,0.0393156696828063,0.0002572132259008,0.0001350210630438
2024-09-20,0.0040040116474049,0.0383346552803001,-0.0002592420784516,7.003685819186094e-05
2024-09-21,0.0031893030164784,0.0211659072082879,0.000463426207433,0.000136006507066
2024-09-22,0.0039966047880302,-0.0126935375110015,-0.0002442145939006,-0.0001309998046412
2024-09-23,-0.00502306764308,0.0251126572587496,0.0003612899863226,2.4913932199989093e-05
2024-09-24,0.0152342441721859,0.0021907237834088,-9.804896289169194e-05,-0.0001179592479287
2024-09-25,-0.0181859645588886,-0.0286492579973796,-0.0003883540138396,6.103775025807931e-05
2024-09-26,0.0317640306556246,0.0202675578967319,0.0001251129904087,0.0001069858959934
2024-09-27,0.009309629648678,0.0239123559621248,0.0004203294324424,-0.0001640298514165
2024-09-28,0.0014730503557611,-0.0068342234275542,1.3000137038324906e-05,3.600304238018516e-05
2024-09-29,-0.0038372626776137,-0.0068175371109076,-0.0003072181528002,-6.795384768029907e-05
2024-09-30,-0.0357624770495679,-0.0213918450206831,1.0140765456592704e-06,4.595876557710571e-05
2024-10-01,-0.0401529704172496,-0.0610411526647522,8.505946592317207e-05,1.2994443027954836e-05
2024-10-02,-0.0033625289659386,-0.0347715945183324,0.0005942599885159,1.102726186512512e-05
2024-10-03,0.0020860853737758,-0.0065494845084828,-0.0007874138710799,8.499524574137013e-05
2024-10-04,0.0213002835593876,0.0272874620331791,0.0004032662773649,3.504502451603176e-05
2024-10-05,0.0003620026164998,0.0003469220608485,-0.0005503936777878,-0.0001040658579276
2024-10-06,0.0116727017835174,0.0100198465115317,-2.9833423291071408e-06,-4.595692739945148e-05
2024-10-07,-0.0093126115930708,-0.0074710550197005,-4.105169429212711e-05,0.000176007758862
2024-10-08,-0.0016835665376202,0.0074231254351557,-0.0003234006860301,-0.000187035351359
2024-10-09,-0.0252611554684634,-0.0297673907275992,-0.0002523956105636,-8.798666137428628e-05
2024-10-10,-0.0050903669759527,0.0065547371097363,-0.0004037385612115,0.0001649984421881
2024-10-11,0.0353784793604461,0.0218479483789542,0.0007111656253685,-0.0001260115273006
2024-10-12,0.0119062983322582,0.0162875440193115,5.610270281613812e-05,4.601929520711686e-05
2024-10-13,-0.0054210941293586,-0.0035784153134814,-7.908184608127465e-05,-0.000125008126138
2024-10-14,0.0495805492882901,0.0632882475334613,-4.05870874449943e-06,-3.201460868003476e-05
2024-10-15,0.0149526424220383,-0.0087405603692989,0.0002593661263999,0.0001409877544783
2024-10-16,0.0084901085474502,0.001947463663023,0.0003743091522257,-6.396365102289442e-05
2024-10-17,-0.0031535287872266,-0.0026186483403769,-0.0002982308383064,1.9970451482198483e-05
2024-10-18,0.0150048970496641,0.0142129908216865,0.0007474673718743,5.502100173291421e-05
2024-10-19,-0.0008196237215276,0.0026859960703635,0.0003130878993019,5.597167226846206e-05
2024-10-20,0.0093033301819396,0.0362251475388788,0.0001310004604769,-6.89666087141662e-05
2024-10-21,-0.0239632629213026,-0.0298066117230177,0.0002948372517356,1.9671342534858545e-06
2024-10-22,-9.567799317800052e-05,-0.0172215479234489,0.0001249876160823,-5.901571095316905e-05
2024-10-23,-0.0138904382136981,-0.0433260248214439,-0.0006198488522903,0.0001380555403922
2024-10-24,0.0256915479674528,0.0100721254515194,0.000105023540688,1.400716123591694e-05
2024-10-25,-0.0225321334727954,-0.0396655114084367,-0.0008583333495087,-0.0001790680217673
2024-10-26,0.0055707057332501,0.0177682866444479,0.0002801498799294,6.021116891567134e-06
2024-10-27,0.0135554840575675,0.0105656063371837,0.0001771034573256,0.0001280444766742
2024-10-28,0.0287092151025554,0.0234300157328242,0.0008168935411942,-0.0001020527445473
2024-10-29,0.0394465905777625,0.0279107526048667,0.0004597082595373,7.904409818316608e-05
2024-10-30,-0.0052523634181866,0.0073329238307717,0.0001078977716107,-0.0001020550927897
2024-10-31,-0.0298062208969245,-0.0547473020077582,-0.0011424492836037,0.0001800796772492
2024-11-01,-0.0104901612367793,-0.0015569071230174,0.0005629278163057,-0.0001640434618708
2024-11-02,-0.0027843627855297,-0.0083218891263054,0.0004806751702319,0.0001260154333018
2024-11-03,-0.0079425861102482,-0.0140046162699034,-0.0001258943098089,-6.801297995472893e-05
2024-11-04,-0.0136156113622654,-0.0244782047131737,-0.0001309135414417,0.0002760169619843
2024-11-05,0.0225721124909306,0.0106332889134206,0.0003736359784518,-0.0001450618222773
2024-11-06,0.0866690312684639,0.1173012526406989,0.0005712013717468,-5.9961854503419375e-05
2024-11-07,0.0035076496874797,0.0610238212650147,-0.000811898893123,-1.013302788016277e-06
2024-11-08,0.0084043233393167,0.0227775380045951,7.491899610381997e-05,-0.0003220438761043
2024-11-09,0.0030444063813348,0.0554337463553356,0.000324623827429,0.0002640454817434
2024-11-10,0.0470070453718438,0.0190395621435044,0.0006200172444145,7.599926746324955e-05
2024-11-11,0.0973401431249616,0.055901747117085,0.0006506700405933,-0.0002160318662556
2024-11-12,-0.0084420662691062,-0.0388371717082609,-0.0010838917745335,0.0002830852471793
2024-11-13,0.0294448504877617,-0.0166683777689424,0.0008893298972967,-1.7999666112639746e-05
2024-11-14,-0.0374969223188124,-0.042763057630081,-0.0009083769177243,-0.0001140252793431
2024-11-15,0.0428021182914264,0.0143111412759218,0.0001667681543826,-0.0001010421500125
2024-11-16,-0.0055888122441185,0.0096959944927981,6.986532835945801e-05,-9.002255041157064e-05
2024-11-17,-0.0079003504403178,-0.0185584011251567,-0.0001147388205298,0.0003060436125898
2024-11-18,0.0077254654060752,0.0420829005896745,0.0002236333042036,-7.498215601053249e-05
2024-11-19,0.0196975431836516,-0.0305352860860548,0.0008631195955211,6.496896601672495e-05
2024-11-20,0.0213814449984326,-0.01267764643441,-0.0010259301632863,-0.0001349494364869
2024-11-21,0.0432046373822121,0.0898645943802058,0.0003673573251717,4.7985432943172e-05
2024-11-22,0.0049917220950614,-0.0088016836633038,0.0007054188194751,7.802357060857844e-05
2024-11-23,-0.0124040025297933,0.0192111279923956,-0.0006255867309425,-7.003615686515345e-05
2024-11-24,0.0024162403264789,-0.0096344055056807,1.903502647175332e-05,-0.0001430082031262
2024-11-25,-0.0514096372932897,0.0147213910492585,-0.0008187144356277,0.0001729902392395
2024-11-26,-0.0120698525342817,-0.0258251207041482,-0.0006454226876031,0.0001070458203622
2024-11-27,0.042328813304957,0.0947853875464588,0.000548617975317,-0.0001220069228372
2024-11-28,-0.0032363100031336,-0.0214011466680936,0.0002066958754981,6.097552073151079e-05
2024-11-29,0.0187361629072082,0.0038149433742304,-0.0001408486005483,-0.0001620135268744
2024-11-30,-0.0104427304650975,0.0307485156955582,0.0001628730039454,0.0001890728307975
2024-12-01,0.0085763116202901,0.0014722430127669,0.0004302714281591,-6.604029318568452e-05
2024-12-02,-0.0146471197983615,-0.0182094067558615,-0.0002256462435844,-3.6002141058369946e-05
2024-12-03,0.0014266034685608,-0.0064658468521976,0.0004731320920482,0.000302997436018
2024-12-04,0.0284083108720061,0.0591483349459114,0.0005408051396375,-0.0003890144213557
2024-12-05,-0.0222668653122219,-0.0079251353622016,0.0001017771044246,0.000369945692771
2024-12-06,0.0338648017678089,0.0498521437821608,-0.0001726467198201,-0.0003969504719926
2024-12-07,2.6270484823953663e-05,-0.0007786523927713,-0.000280317141968,0.0001160021234577
2024-12-08,0.0130513278197401,0.0007522012085825,-0.0002494615088299,0.0001749911018867
2024-12-09,-0.0382925034662129,-0.0743479213224471,-0.0004872063217557,-0.0001739777818847
2024-12-10,-0.0078027935539886,-0.0236338879518474,0.0003723879111101,4.893617320281029e-05
2024-12-11,0.0454729495707635,0.0538636687806128,2.498751219461113e-05,-0.000245956810485
2024-12-12,-0.0112321381496034,0.0130328539813735,-0.0004242774597786,0.0001520163179031
2024-12-13,0.0140572234722959,0.0072113869709227,-4.999685735081064e-05,-2.8016956817866455e-05
2024-12-14,-0.0008508417934169,-0.0110032449883075,-0.0003635046820268,-0.0001660314798903
2024-12-15,0.0284523776965297,0.0213645435758831,8.692928843729718e-05,7.989219561801595e-06
2024-12-16,0.0164605674430298,0.0089528007888404,0.000165740113928,4.7039707453888055e-05
2024-12-17,0.0010452246330352,-0.0255822138989838,-0.0001147768668723,0.0001440267129119
2024-12-18,-0.0591791546537692,-0.071437414597911,-0.0003297591198482,8.702595596352184e-05
2024-12-19,-0.0258259051251439,-0.057105550701042,-0.0013307397496726,0.0001180094032215
2024-12-20,0.0027142735531846,0.0158556794980722,-1.8963768409065098e-05,-8.904216915467806e-05
2024-12-21,-0.005448791172121,-0.0397513448678825,0.0004680852658851,-3.397400154759481e-05
2024-12-22,-0.0220441803820143,-0.0180471847228549,-0.0008943878744781,2.980221758303241e-06
2024-12-23,-0.0044121754491204,0.0413157889104329,-0.0002532908355286,1.204000548132814e-05
2024-12-24,0.0412739940682787,0.0220814483331412,0.0004504493024485,-1.0013459758909492e-05
2024-12-25,0.0062947615627368,0.0003394412281991,0.0001340813420067,0.0
2024-12-26,-0.0359215932968037,-0.0474879882201459,-0.0013006554823132,-0.0001180233310844
2024-12-27,-0.0171688048649549,-0.000693329871364,-0.0005712497050223,0.0001609374526621
2024-12-28,0.0105539109069123,0.0205112599817223,-0.0004923022809075,-8.940290126778625e-06
2024-12-29,-0.0173163173686017,-0.01434319366939,0.0001875182267143,-6.502811514604372e-05
2024-12-30,-0.0095289891917289,0.0020516699153478,-0.0002286490173734,-9.79971914216974e-05
2024-12-31,0.0084482900528719,-0.0071344628600389,0.0007319110887764,0.0001040173870321
2025-01-01,0.0105463864569461,0.0062735172957015,-0.0005032620714029,-3.7015835778136285e-05
2025-01-02,0.0257937106935468,0.0287719812471198,0.0004080309973717,9.30436408427338e-05
2025-01-03,0.0125190387534921,0.0435466842109395,0.0008907193166314,-0.0001470498783974
2025-01-04,0.0013119537033574,0.0145119104984097,0.0003594669888752,0.0003179748906496
2025-01-05,0.0008011590284731,-0.006473868081855,6.008755301274986e-05,-0.0001469651432435
2025-01-06,0.0375618565168185,0.0148875313185889,0.000634487944288,-9.596213401162696e-05
2025-01-07,-0.0518242829786963,-0.086907768553182,-0.0006004777220052,0.0001429265799083
2025-01-08,-0.0195788576965654,-0.0164728873996491,-0.0001621854535137,-0.0001249255276211
2025-01-09,-0.0272988491790346,-0.0326648659065789,0.0001902281000564,3.3974613099479995e-05
2025-01-10,0.0236932656291593,0.0148175715588578,3.60366294478308e-05,5.805219394520006e-05
2025-01-11,-0.001425062497864,0.0044972412685257,0.0002562164033854,-0.0001240355248631
2025-01-12,-0.0008268095689984,-0.0049683003473948,7.205090089109874e-05,1.4961371794749293e-05
2025-01-13,0.0002971978890649,-0.0407624708626439,0.00017306795495,-2.9803350933823653e-06
2025-01-14,0.0211210930715601,0.0277364087279767,-1.4967823205599452e-05,0.0001690305719296
2025-01-15,0.0403066614062268,0.0680050624458257,0.0008709810221122,-0.0002430053352433
2025-01-16,-0.0074661359209997,-0.0420819150241236,-0.0002989044245568,0.0001199901470037
2025-01-17,0.0460874538869582,0.0488893894473712,0.000339895512814,-8.100518196187626e-05
2025-01-18,-0.0005167685444558,-0.0496621781129338,-0.001501441175213,0.0001040120798004
2025-01-19,-0.0322996292772472,-0.0297270862313219,-0.0007030211275266,0.0004858821654384
2025-01-20,0.0091288280745658,0.0212960252599856,-0.0002815141322381,-0.0004118583808832
2025-01-21,0.0396818342587632,0.0149488169348561,0.0013578702232928,-0.0002310295595787
2025-01-22,-0.0237685469930415,-0.0265504453025702,-0.0006627087559503,9.7997384192049e-05
2025-01-23,0.0029584026842144,0.0287443006707821,0.0009328690843289,-9.000575768680873e-06
2025-01-24,0.0082318111627817,-0.0075732333452158,0.0001840608277636,-4.601745457169598e-05
2025-01-25,-0.0010006574570038,0.0023282955924432,0.0003360159101796,6.997907306692031e-05
2025-01-26,-0.0195973135639242,-0.0247625210124464,0.0003118924297933,-7.987142369782301e-06
2025-01-27,-0.0058095778514477,-0.0178378476986758,0.0001040219621922,8.600743907065969e-05
2025-01-28,-0.0074251676153966,-0.0325499723638387,-0.0001120057672225,0.0001120429483247
2025-01-29,0.0231261207465305,0.0115949046291259,0.0007184063671679,-0.0001309961352053
2025-01-30,0.0099031811077274,0.0423851172810216,3.405520444228001e-05,-4.708651587891194e-05
2025-01-31,-0.022500491172309,0.0154249190535988,-0.0002207840701473,0.0001290952043162
2025-02-01,-0.0172279369718282,-0.0560994566783978,-5.395303336160062e-05,-0.0001031079416497
2025-02-02,-0.029919108206549,-0.0834406769982782,-0.0021524548477073,-8.493793768820072e-05
2025-02-03,0.0373378366646459,0.0055182004281233,0.0014598586704771,-2.026677513763324e-06
2025-02-04,-0.035467893340618,-0.0532244994273538,-0.0009102904340389,-3.797115867420189e-05
2025-02-05,-0.0129200487537541,0.0190950589664549,0.0005772255125066,0.0001579553123268
2025-02-06,-0.0002292695179963,-0.0362986923409431,0.0002420016384473,-2.980057988354592e-06
2025-02-07,-0.0006649766736614,-0.0249286237438282,0.0004628586969338,5.006379558996648e-05
2025-02-08,-0.0004832126994465,0.0038432364127753,-0.0002409362637531,-1.7998837943061387e-05
2025-02-09,0.0001828209372796,-0.0013636717798481,-0.0001349115282755,-6.210443810919717e-05
2025-02-10,0.0096677282279937,0.0122671647820382,-0.0004060361876223,-8.791834721793125e-05
2025-02-11,-0.0174979243693833,-0.0221837874782941,0.0002960197643121,6.974144373102311e-06
2025-02-12,0.0220883159193476,0.0502457939539775,-0.0002870174687565,9.40567854527972e-05
2025-02-13,-0.0129763165895191,-0.0225399207159826,4.602371497920319e-05,-1.0013229383380788e-05
2025-02-14,0.0091185779172295,0.0185821782494581,4.000075709864969e-05,-0.0001000185911433
2025-02-15,0.0007317962415491,-0.0120052478650745,-0.0001279961313173,3.296313193207871e-05
2025-02-16,-0.0145063836274559,-0.0112917377009376,-0.000384206007362,-1.5974763688581245e-05
2025-02-17,-0.0041849684006614,0.029553083215088,-0.0001410656350914,1.1981096690723009e-05
2025-02-18,-0.0024445399934851,-0.0272941889035429,-0.0005496001425974,-0.0001379999329179
2025-02-19,0.011407035189924,0.0172450630691498,0.0002483151389062,0.0001139779874688
2025-02-20,0.0174219113580331,0.0090230700469939,0.0007355126314879,4.703001717045228e-05
2025-02-21,-0.022714094704245,-0.0299023498437192,-0.0024237904866499,0.0001349382403311
2025-02-22,0.0046933473021955,0.0384928955602372,0.0022147215825383,1.60912428301341e-05
2025-02-23,-0.0031509830703413,0.0205119180975232,0.0008740299983501,-8.904145803582074e-05
2025-02-24,-0.0517532055364906,-0.115397402045497,-6.793020829179831e-05,-0.0002399865390157
2025-02-25,-0.0297766693549981,-0.0080795678339216,-0.0011463923632343,0.0001890255108698
2025-02-26,-0.0507280862209693,-0.06723293096623,-0.0003112856836795,-7.802606807801896e-05
2025-02-27,0.0042259806609497,-0.0112007271794718,0.0004153839613765,-9.698970375758396e-05
2025-02-28,-0.0039179629938974,-0.0297505128114048,-0.0007418696337343,5.99713878238477e-05
2025-03-01,0.0194707833624168,-0.0095462532097627,0.0003684972938287,-9.6993294393667e-05
2025-03-02,0.0912150149568642,0.1281436664477695,0.000844631925523,0.0002470252368153
2025-03-03,-0.0908227048294563,-0.160730591981137,-0.0009087242260963,-0.0001620140097379
2025-03-04,0.0133482006343736,0.0113270391590871,0.0001201846118239,-1.299563829437064e-05
2025-03-05,0.0382554190530353,0.0326240544707303,0.0006945082028819,0.0001440156206981
2025-03-06,-0.0073299315153256,-0.0177756491420835,-0.0003882042150808,0.0001059717590426
2025-03-07,-0.0364383782693096,-0.029249939244508,-0.000280287771104,-0.0002759791630003
2025-03-08,-0.0068026569501213,0.0288109948349966,0.0005474366314188,0.0001009826374506
2025-03-09,-0.0666317432215333,-0.0882717578959724,-0.0001220839596225,-7.499085419110612e-05
2025-03-10,-0.0260053559872766,-0.0796765351661061,-0.0002331758546917,0.0001900294849457
2025-03-11,0.0536729340651245,0.0310491275227029,0.0002161771501417,-0.0001110448399667
2025-03-12,0.0103269598158153,-0.0056739737903308,0.0001350869913073,-0.0001650104914767
2025-03-13,-0.0322337677609105,-0.0243986884333198,-0.0001220844474608,0.0002309951438997
2025-03-14,0.0351765814759232,0.0246526465886214,0.0005342106464297,1.013280501285448e-06
2025-03-15,0.0044442221512728,0.0145196855680911,-0.0001189935389581,-2.801460383599433e-05
2025-03-16,-0.0211293785421951,-0.0261253127811951,-3.601085572675579e-05,0.0001470381164843
2025-03-17,0.0179536985740842,0.0207471142609936,0.000153037181746,-7.402297278327378e-05
2025-03-18,-0.0162741576821936,0.0028710789271713,-0.0002930983527522,-0.0001310138284645
2025-03-19,0.0487878794530605,0.0627756895984283,0.0004400325472114,0.000174999154061
2025-03-20,-0.0314259156183105,-0.037455863474503,-0.000305993185589,-0.0002159519473289
2025-03-21,-0.0014737866362892,-0.0087421632555289,-0.0006754478319194,0.000168032880478
2025-03-22,-0.0025108802510374,0.0077013049797791,0.000557389195158,-1.907290426985708e-05
2025-03-23,0.0261587898176749,0.0126773171909873,0.0001320697214375,5.960321661888837e-06
2025-03-24,0.0166470186737477,0.0353618675399891,-5.401828359231047e-05,8.010327605225856e-05
2025-03-25,-0.0003110343685897,-0.0046872336082017,1.8006418752156367e-05,-0.0001140179803358
2025-03-26,-0.00654715703687,-0.0287365848319982,6.600088844242177e-05,-9.805513168062232e-05
2025-03-27,0.0031735085032362,-0.0034061254701009,-0.0009617063819709,3.803103440162776e-05
2025-03-28,-0.0329295655003285,-0.054840995788628,0.0004304754099005,8.797847990067529e-05
2025-03-29,-0.0210316800081269,-0.0366336179802351,0.0006642926895939,-0.000104013332159
2025-03-30,-0.0031899515997135,-0.0116150794867202,8.500238440978892e-05,0.0001429931922716
2025-03-31,0.0026005128116164,0.0095112484691091,-0.0001150470311147,-0.0001739906616287
2025-04-01,0.0312485205315677,0.0439932043987862,2.60506683128889e-05,0.0001509843835959
2025-04-02,-0.0320144583229851,-0.059560447517021,6.598801542007557e-05,-3.600052308433611e-05
2025-04-03,0.0074536564920411,0.0112569748989947,-0.0004801368872866,-5.996401326512684e-05
2025-04-04,0.0088768658065063,-0.0001663476994835,-0.0003772715782428,-1.901518451954228e-05
2025-04-05,-0.0040515220690728,-0.005170484318878,0.0001110787646224,7.10517561676274e-05
2025-04-06,-0.0654492252250964,-0.1357478212835792,-0.0004924913958301,-5.000989618803058e-05
2025-04-07,0.0129675075607984,-0.0137213348593796,0.0001010956767002,0.0002979958016564
2025-04-08,-0.0381170762617486,-0.0546327987842083,-0.0002322846416403,-0.0004020172438778
2025-04-09,0.0793890094423801,0.1246516104707033,0.0004135031975916,9.001345438967925e-05
2025-04-10,-0.0363518545774042,-0.0912832400149294,-0.0003434301532784,1.8001718628140013e-05
2025-04-11,0.0463638537952739,0.0288924750311867,0.0001732515333409,1.9968414737127083e-05
2025-04-12,0.0223170294885672,0.0475869513297277,0.0003202841057157,2.604775065452175e-05
2025-04-13,-0.0189638521368706,-0.0289153938739925,-0.0002341767874803,-8.804054973389704e-05
2025-04-14,0.0101936028754447,0.016204402070608,0.0001321003492019,-0.0001540449010547
2025-04-15,-0.0103846276257755,-0.0212609529619483,8.710269765544419e-05,0.0001760408629189
2025-04-16,0.0043514532442241,-0.0066485696482914,0.0001060641365697,3.498986918467484e-05
2025-04-17,0.0102041347801549,0.0028114412594666,-5.30306620847344e-05,-7.695548373463736e-05
2025-04-18,-0.0052548613958869,0.0040210661228101,-2.905173496777793e-05,-9.70522293772128e-05
2025-04-19,0.0072278543535038,0.0149904816405124,-1.700192017341153e-05,0.0001610133219796
2025-04-20,0.0013027740444115,-0.0158785204153319,9.908431722592384e-05,3.80289805912654e-05
2025-04-21,0.0271550412785437,-0.0049126553327036,2.3024811203530308e-05,-8.398756261794338e-05
2025-04-22,0.0654849109954955,0.1065397661091056,0.0002791783847823,-9.901781902595558e-05
2025-04-23,0.0027489316822659,0.0218234535662258,-0.0001650761984267,9.401053073901176e-05
2025-04-24,0.0026080137382393,-0.0147355751997029,0.0002561307777791,-5.502221202781744e-05
2025-04-25,0.0082337519699073,0.0094492569809281,6.39777279020076e-05,9.800062051058588e-05
2025-04-26,-0.0007770112983305,0.0195358461335111,-0.0001940326788363,6.997753390224209e-05
2025-04-27,-0.0094701083571386,-0.0160546471436955,-0.0001211255300611,-0.0001089620318467
2025-04-28,0.01296985218646,0.0033336826310854,0.0001130748052468,0.0001020479449788
2025-04-29,-0.0073333094254444,0.0001800167136094,1.4014182890027143e-05,0.0
2025-04-30,-0.0008220669855223,-0.0030060374028755,0.0006310906099875,3.695404716972863e-05
2025-05-01,0.0239657788961871,0.0250198601127333,0.0002040385577977,-0.000175007373884
2025-05-02,0.0043198534363249,0.0018937512087333,0.0004806132116507,2.4023602266396297e-05
2025-05-03,-0.0105629983809016,-0.004824189543207,-0.0002977051529446,8.398865401078269e-05
2025-05-04,-0.0165698419005675,-0.0138620976711001,-4.706434930622829e-05,0.0
2025-05-05,0.0045707147400868,0.006120404264867,-0.000128931917215,-9.000940336101448e-05
2025-05-06,0.0214512655294729,-0.0025365944781068,9.401946257464822e-05,9.900989812006032e-05
2025-05-07,0.0023715438242231,-0.0019195641123834,0.0002587759862701,-6.103805587580529e-05
2025-05-08,0.0620264035337463,0.1972000632121604,-0.000682708047645,2.6048922918746064e-05
2025-05-09,-0.0026245719962858,0.061087532978334,0.0002679431008822,4.9950041028429306e-05
2025-05-10,0.0166180931818686,0.0962262320282336,-3.801780413554128e-05,3.004035063037064e-05
2025-05-11,-0.0056509839700762,-0.0283504665872706,3.5991813415650647e-05,-4.899484571627001e-05
2025-05-12,-0.0125017146072696,-0.0055287121060736,0.0008064965217551,9.703368972019696e-05
2025-05-13,0.013111031807524,0.0710163912068093,-0.0003866083030778,-1.07280258888731e-06
2025-05-14,-0.0060700276394065,-0.0264907179689117,-0.0001639308329927,-0.0001049614178348
2025-05-15,0.0019801487371218,-0.0245144241590455,-8.793327847736904e-05,-9.603057248843532e-05
2025-05-16,-0.0024643811186511,-0.0041546410896682,0.0004506656686851,3.2011215492728224e-05
2025-05-17,-0.0028856472892222,-0.0241602273259875,-0.00014293301671,1.80021328359592e-05
2025-05-18,0.0310554149584074,0.0090387837382968,-7.385673060338591e-05,1.5975131251243186e-05
2025-05-19,-0.0079209983726471,0.0123059607079047,-0.0001499935996409,2.199519223335316e-05
2025-05-20,0.0111575687100771,-0.0019763776526477,-0.0001139100902694,-6.79541879354545e-05
2025-05-21,0.0266750544968754,0.0110998715940295,0.0002038612956732,2.980543666665833e-06
2025-05-22,0.0180279639423641,0.0428742844419574,-0.0002338899659058,-0.0004591680529288
2025-05-23,-0.0400625623389938,-0.0530757311965883,0.0002279331826069,0.0003471531154201
2025-05-24,0.0046807024740758,0.0016627539642373,9.49469009872084e-05,0.0001490325495211
2025-05-25,0.0114768975511854,0.0083101507598364,-0.0001169873077253,-6.801570038659971e-05
2025-05-26,0.0037072948540295,0.0048376747720171,0.0001459341932301,-5.401050344646291e-05
2025-05-27,-0.004081096575204,0.037857000045733,-3.895341118909318e-05,-3.702212949028907e-05
2025-05-28,-0.0109994574937921,0.0071626326498703,0.0001928462389554,4.202984853150733e-05
2025-05-29,-0.020245528009255,-0.0186493981950164,-0.0015218040283319,-0.0002080799291998
2025-05-30,-0.0156765748876122,-0.0397957496871885,0.0007852385109997,0.0001330211303731
2025-05-31,0.0061305182703161,-0.0003384842587674,0.0010142749876165,9.0022190828906e-05
2025-06-01,0.0096439652838231,0.002834534457123,-7.977712414821304e-06,-8.197351937983433e-05
2025-06-02,0.0021692037754323,0.0275444382607288,-9.788099560169925e-05,0.0001490377647761
2025-06-03,-0.0042501980559297,-0.005313910650714,0.0002706378168748,-0.000187075760207
2025-06-04,-0.0066660841880299,0.005906599013369,-4.6906895060256585e-05,5.103497256070074e-05
2025-06-05,-0.0305977318470382,-0.0765986847759245,-0.0001019169798975,0.0002900628805841
2025-06-06,0.0273303530644604,0.0248952972758047,0.0002038235737828,-0.0002210863383341
2025-06-07,0.0116691459869944,0.0197102709384413,-6.392850676078328e-05,-2.795966713870532e-05
2025-06-08,0.0016841596083665,-0.0062407782732494,-0.0002297954176047,9.69910625016468e-05
2025-06-09,0.041659964564868,0.0657864192835449,-0.0001817305541102,3.4990778562401264e-05
2025-06-10,-0.0003343184269262,0.0480527949894558,-0.0001798576366147,-0.0001310279802647
2025-06-11,-0.0143473886097247,-0.0143148840506457,6.5872146951345e-05,2.3011616038251824e-05
2025-06-12,-0.0256991668453334,-0.044883791809628,-0.0003468006424896,-9.902525119205532e-05
2025-06-13,0.0015273471943917,-0.0276466449519769,-3.395980839130064e-05,-1.8005644710481698e-05
2025-06-14,-0.0058475552546646,-0.018010508723397,-9.997960495887898e-05,0.0002380418201176
2025-06-15,0.0007545779547495,0.0052725810932736,-0.0002319339716074,-0.0001440225402533
2025-06-16,0.0117236239769891,-0.0024500252511776,0.0001059621215609,0.0001290608991291
2025-06-17,-0.0207733363618132,-0.0118161504839022,-0.000348918793377,-1.5021474449797582e-05
2025-06-18,0.0026943395038614,0.0053783127371165,0.0003650087972836,-8.6020169606963e-05
2025-06-19,-0.0018995217392721,-0.0010495335058742,0.0002608603078059,6.605079666338697e-05
2025-06-20,-0.0132187297709389,-0.0464073308254686,0.0001218862633486,4.297836493018966e-05
2025-06-21,-0.0102370950736485,-0.0453829515174941,8.803958427414441e-05,-0.0002200377101408
2025-06-22,-0.0125000368718648,-0.0319246009478151,-0.0002488896929326,0.0001720520369249
2025-06-23,0.0444546821160773,0.083321388610206,0.0003687254394836,0.0005388571103654
2025-06-24,0.0044216293985872,0.0107535869234798,-0.0002987822501254,-0.0004788902804689
2025-06-25,0.0123298892885532,-0.0117924542683374,-0.0003569163726826,-0.0005241458848191
2025-06-26,-0.0037444562002875,-0.0013084904486504,-0.0003389799323498,0.0003371400254229
2025-06-27,0.0012000060276005,0.0031901651171342,0.0003690158682039,9.902148479212184e-05
2025-06-28,0.0022318613220377,0.0054484792900888,9.058279780289018e-06,-3.201249596428596e-05
2025-06-29,0.0098081648032657,0.0258619879088435,0.000104879369752,3.600653435528636e-05
2025-06-30,-0.0116021078522052,-0.0058128786988183,-0.00011095794318,0.0001489602781009
2025-07-01,-0.0135042249937296,-0.0329822993784487,-2.9916654705215825e-05,-0.0001529543164919
2025-07-02,0.029467777201356,0.0665459295236381,6.197773332726909e-05,-4.101433213027277e-05
2025-07-03,0.0072186117892432,0.0076213343758464,6.388072041509519e-05,0.0001400260126387
2025-07-04,-0.014825919147368,-0.0323544640519219,-0.0001629277415496,8.100226569375384e-05
2025-07-05,0.0018203901235924,0.0034867008319645,0.0002059495838409,-0.0001190320827439
2025-07-06,0.0092052123069699,0.0212079745637536,-0.0003019070164822,6.40180137610594e-05
2025-07-07,-0.0085709209824802,-0.011037269017402,-4.0530631799888506e-06,-5.501709569716049e-05
2025-07-08,0.0059877877476886,0.0281078533818162,0.0008536415286135,3.993758887422765e-06
2025-07-09,0.0215762452748826,0.057670474379015,0.0001039743635648,0.0002420396978971
2025-07-10,0.041012050718427,0.0643182702671403,-0.0001519753402688,-0.0003170296535701
2025-07-11,0.0131030703572978,0.0010286331862907,-0.000122811994586,-0.0004251288538339
2025-07-12,-0.0006960192054012,-0.0050754633178708,-0.0002379241445433,0.000516153292826
2025-07-13,0.0142118737528846,0.0102928134837734,0.0002498367347217,3.993678900413182e-06
2025-07-14,0.0061396917849236,0.013360440086175,-0.0001688146457921,-0.0001160020059037
2025-07-15,-0.0174438858577925,0.0411349633319169,0.0002407636735107,9.400677040463984e-05
2025-07-16,0.0081290639509514,0.0711721212631779,-0.0001368743650925,-2.8016312171743e-05
2025-07-17,0.0046325315439847,0.0307480737228971,0.0004246187205117,0.0001000205943118
2025-07-18,-0.0108442256179852,0.02056263219756,0.0005263245424744,-7.903809097679432e-05
2025-07-19,-0.0005361459934203,0.0129496340107202,-0.0003215238711555,-2.396300826951711e-05
2025-07-20,-0.0054343393360749,0.0446582551804475,-0.0002407641881213,-9.102889935386628e-05
2025-07-21,0.0011821574696337,0.0010368162171037,0.0002687424186786,5.007699039205903e-06
2025-07-22,0.0215298859239876,-0.0037872386508901,-0.0002396857021093,-1.400969727421926e-05
2025-07-23,-0.0103913075480228,-0.0323769537244427,0.0002126599348244,4.00016370320892e-05
2025-07-24,-0.0032638027078917,0.0213431663496255,0.0001078605970689,0.0002330030639208
2025-07-25,-0.0062043007703422,0.0051810538635148,-0.0004734350179806,-0.000178994450428
2025-07-26,0.0026443692962843,0.0037835868469162,0.0001848282674372,0.0001030613237544
2025-07-27,0.0126467665567666,0.0351504920838081,0.0001178816314992,-0.000213048830298
2025-07-28,-0.0128408603045233,-0.0229227199194106,-0.0003696471174484,4.000227614080795e-05
2025-07-29,-1.974270354665464e-05,0.0015905946318106,-0.000135913012546,-2.6051971299593437e-05
2025-07-30,-0.000771661971628,0.003879902935024,0.0003137274732127,5.806456268314872e-05
2025-07-31,-0.01774942596737,-0.0297144425540807,-0.0003497040355584,0.000168928434413
2025-08-01,-0.0212871264623775,-0.0580092077304161,-0.0002758235987969,-0.0002429702855003
2025-08-02,-0.0070240041801152,-0.0277952107826013,0.0002259069530327,3.3981240331657474e-05
2025-08-03,0.0149136010719246,0.0303756623862341,0.0002407444291532,1.305564318123046e-05
2025-08-04,0.0074509708093248,0.0614371992457485,-1.8938208497258765e-05,-2.301143083986197e-05
2025-08-05,-0.008118573366822,-0.0292172856111392,-7.587553913836068e-05,5.5977661648848337e-05
2025-08-06,0.0077371493304791,0.0197437927850305,0.0001108930770921,4.500639046795901e-05
2025-08-07,0.021236359971132,0.0606655575551915,0.0001457741227789,-6.801706271145674e-05
2025-08-08,-0.0069020041967338,0.0241104162682468,-0.0004235659984144,-2.3011201746719103e-05
2025-08-09,-0.0016155749975492,0.061360113628039,0.0004066553842288,0.0001260185883258
2025-08-10,0.0238036152710883,-0.0022027595957307,-0.0001139754711014,-2.4975932352405923e-05
2025-08-11,-0.0048337923295864,-0.0064262415509368,-0.0002516971854352,0.0001580114380084
2025-08-12,0.0120674104129605,0.082596819735965,-0.0001909890695839,-0.0002850466582022
2025-08-13,0.0260461153103026,0.0353834973642896,0.0003688394121465,7.004722527175354e-05
2025-08-14,-0.0412504432416689,-0.0447407980688723,0.0004104955198176,-3.994050295769207e-06
2025-08-15,-0.0081543970979058,-0.0240723385196393,1.297781811106062e-05,4.095316189831183e-05
2025-08-16,0.0007918610617849,-0.0031148977647728,-4.083902406254013e-05,3.505028255476488e-05
2025-08-17,-0.000325941461444,0.010583067342857,3.595747921312869e-05,-4.0533712156694e-06
2025-08-18,-0.0102758489477459,-0.0366011020309517,7.583984747086547e-05,-2.497628221969653e-05
2025-08-19,-0.0298702202052201,-0.0570251441525559,-0.0007902309999657,0.0002850144466545
2025-08-20,0.012712851606869,0.0621126055258525,0.0002717384037228,-0.0003760430746843
2025-08-21,-0.0163723278465059,-0.0260108828288228,-0.0002457645974709,-0.0001089829560201
2025-08-22,0.0388639264247778,0.1345301555861269,-9.901385898280704e-05,0.0001129771822766
2025-08-23,-0.0129152973185426,-0.0115033590804891,-9.389945496359192e-05,0.0001550471101022
2025-08-24,-0.0167453578315033,0.0007445011882118,0.0002348512467651,-0.0001930227124217
2025-08-25,-0.0298263155288314,-0.0889203098693158,9.39965343490826e-05,8.602429771428861e-05
2025-08-26,0.0151251233395282,0.0507025916571386,0.0002647868365314,0.0001479468679121
2025-08-27,-0.0052065534692697,-0.0213179452224547,-0.0001898580322618,-2.998101748824205e-05
2025-08-28,0.0118226403333174,0.0008400507082164,0.000200814861165,7.033400905668769e-06
2025-08-29,-0.037423359714662,-0.0331640681503522,-0.0004476603745359,-8.201968226620554e-05
2025-08-30,0.003657460804634,0.0032058643303685,7.994554175911044e-05,-9.901673292514e-05
2025-08-31,-0.0052649106927589,0.0036205905886266,0.0001259221160868,-2.4979279569664056e-05
2025-09-01,0.0093236720989757,-0.0173590254426443,-3.800131432589264e-05,0.0001149948964457
2025-09-02,0.0176913822811819,0.0025221575194489,5.0032777435933865e-05,-3.9999316857537056e-05
2025-09-03,0.0046888305764056,0.0284948471144055,0.0006442461304887,0.0001689877047435
2025-09-04,-0.0089874616977692,-0.0346686243531468,-0.0004764163578436,-0.0001399567447725
2025-09-05,-0.0006560571512483,0.0019160788545811,-0.0001498424096605,-5.5022431788972256e-05
2025-09-06,-0.0038599957441807,-0.0076321779830461,0.0002397608977185,1.502267619347199e-05
2025-09-07,0.0085181600553791,0.0072510704136306,-0.0002237988730425,0.0002150022267003
2025-09-08,0.0080973060130382,0.0006326428969174,-9.601423019271e-05,-0.0002590574602858
2025-09-09,-0.0048379166927006,0.0002249565948098,0.0003906703213855,7.702087090567018e-05
2025-09-10,0.0215082708918217,0.0092640125909717,-0.0002707135318929,-3.797317097566543e-05
2025-09-11,0.0135290138245718,0.0254457714451454,0.0001359018750059,-9.103417964146954e-05
2025-09-12,0.0051296803193494,0.0553758339849288,0.0004165236340927,2.402619749918204e-05
2025-09-13,-0.001302038145722,-0.0100319013701586,-0.0002007384466941,-0.0001330754263582
2025-09-14,-0.0046927460797974,-0.0126286302513669,2.8934539179295383e-05,0.0003840938001526
2025-09-15,0.0003224461098252,-0.0181208016333336,-0.0001099080696909,-4.702761764767156e-05
2025-09-16,0.0120396147406811,-0.0051505913403815,0.0002846882227779,0.0001830316767619
2025-09-17,-0.0032118407874524,0.0196061745433908,-0.0002456295836093,-0.0002660059467388
2025-09-18,0.0057250067751226,-0.0006129935246956,-0.0001419521133122,-0.0001990590220148
2025-09-19,-0.0124415833621789,-0.0262688336907217,0.0002607857859615,0.0001890444203678
2025-09-20,0.0002860848311332,0.0025351072072705,-0.0002986589663115,-0.0001660304801793
2025-09-21,-0.0036001483649776,-0.0069259123675458,-0.0007386946696187,7.201947867687688e-05
2025-09-22,-0.0224305333197474,-0.0574333302835388,0.0012460523490239,0.0001830062980137
2025-09-23,-0.0065314166152443,-0.0089321416137249,-0.0006263459646784,-0.0003000405849305
2025-09-24,0.0116635256971235,-0.0028933081415409,0.0001518594296755,1.198427269922793e-05
2025-09-25,-0.0384918796436153,-0.0711200266948424,-0.0013655980107459,0.0003220309941824
2025-09-26,0.0060663254305577,0.0424024174978505,0.000842032331947,-0.0002680141147887
2025-09-27,-0.000281527332854,-0.0042782702597108,-6.1011147780418086e-05,8.203330031959869e-05
2025-09-28,0.0220085064418888,0.0301043152619957,0.0005815994123504,6.99853013269119e-05
2025-09-29,0.0201111474090787,0.0181526417613095,0.0003396062481607,-7.797371359841947e-05
2025-09-30,-0.0030141158842393,-0.0170712557922474,-0.000390580954832,-2.700607520604917e-05
2025-10-01,0.0394786527677943,0.0482977468135867,0.0003546253036237,0.0002179951128728
2025-10-02,0.0169838748585959,0.0309586810920876,-0.0002517257636153,-3.49880839383733e-05
2025-10-03,0.013050507216425,0.0059863319139203,-0.0006995444073632,-0.0003090450241313
2025-10-04,0.0012987632223548,-0.0057026245883218,0.000262982216256,0.0001210301659924
2025-10-05,0.0088481646940845,0.0058249342556795,-0.000774905543719,1.5977272211386298e-05
2025-10-06,0.0099817529287129,0.0374584689713621,0.0003040624428553,-0.0002070685383688
2025-10-07,-0.0268179837651985,-0.0517943996766874,-4.505811424686939e-05,0.0002371146573753
2025-10-08,0.0155512593053881,0.0170396815379714,0.0002879555119099,4.298107304371043e-05
2025-10-09,-0.0134604023670501,-0.0356355811560735,0.0001949426682886,-5.102905211423912e-05
2025-10-10,-0.0723218218469909,-0.1283114083795933,-0.0015564298269804,0.0002060078721844
2025-10-11,-0.0214851600334071,-0.0243366859889526,0.0013165591629477,-0.0001999867854444
2025-10-12,0.0386093463438985,0.1046599548465003,0.000302778035451,0.0004539808917867
2025-10-13,0.0008792929662888,0.0192731402013546,-5.397142410988847e-05,-0.0002029755652636
2025-10-14,-0.0188491634455925,-0.0286860875711365,-0.0004328298655345,-3.0038638989670488e-05
2025-10-15,-0.0208625782908988,-0.034011615637338,7.69983057177397e-05,-0.0001489549152466
2025-10-16,-0.02372248478318,-0.0235236837305912,-0.000600052369085,9.602749862987697e-05
2025-10-17,-0.0160098398053492,-0.0160979367331446,9.958108266006852e-06,-0.0001310193263725
2025-10-18,0.0068375803497069,0.0149654648922314,-5.1997921764503833e-05,8.100988029900301e-05
2025-10-19,0.0136054304642669,0.0239512443558265,8.205053351462973e-05,1.5974683703092574e-05
2025-10-20,0.0175344907383401,-0.0009765736224256,-0.0002141445685577,7.599546689207579e-05
2025-10-21,-0.0192828301734966,-0.0264719932842645,0.0002381144566553,-0.0001949772240174
2025-10-22,-0.007293562270819,-0.017864589534394,-0.0002971598712443,0.0001210083778616
2025-10-23,0.0218704444247777,0.0125009778831106,0.0001851165798414,0.0001519252535444
2025-10-24,0.0087217142852633,0.020163720301495,-0.0001711004335388,-1.6925798254424548e-05
2025-10-25,0.0054591168926183,0.0047929789006655,-0.0002261312604667,-0.0002130273186682
2025-10-26,0.0250392677448036,0.0504376920431628,0.0001140562384391,-0.0001310337449536
2025-10-27,-0.0030895028553832,-0.0091488142946669,-0.0001821263322873,0.0001060563892501
2025-10-28,-0.0102448240868113,-0.0340326787838609,0.0002461877816738,0.0001030052190817
2025-10-29,-0.0260168054657672,-0.0200141784925662,0.0001100997560965,-3.999671562525653e-05
2025-10-30,-0.016026638954619,-0.0256841499230144,-0.0001601436847152,0.0001709434724856
2025-10-31,0.0114809611962858,0.0111627183081317,-0.0002812230704492,-0.0003660025410674
2025-11-01,0.0046248251724918,0.0070215866872249,-7.106399661955089e-05,0.0002789847595845
2025-11-02,0.0052161412333209,0.0094731740475317,0.000595444870434,-0.000184967738619
2025-11-03,-0.0376871829010099,-0.0822344830552399,-0.000359240728938,7.201213288325144e-05
2025-11-04,-0.0476408575376083,-0.0899050101356717,-3.80012953297308e-05,-0.0002650636156269
2025-11-05,0.0224000613217487,0.0394816688100725,0.0001871290029077,0.0001890572805368
2025-11-06,-0.0252511824918499,-0.0335213636698554,-0.0002902826559734,-6.999055011196721e-05
2025-11-07,0.0202389259687336,0.0364744811598161,-0.0001281067109769,0.0003359576529441
2025-11-08,-0.0106032122141996,-0.0102185497413458,6.706862495244829e-05,-0.0002459366374475
2025-11-09,0.0235518396996798,0.0522087429098387,0.0002402525389684,0.0002889663512594
2025-11-10,0.0121202693364619,-0.0039606305321751,-0.0001171062073206,-0.0002779974568977
2025-11-11,-0.0287025464768415,-0.0438739864099311,-0.0001281584221228,-5.198408715802102e-05
2025-11-12,-0.0130391466426775,-0.0006408517068141,0.0001431330319562,0.0001679847031762
2025-11-13,-0.0195247429765856,-0.0542839228098479,-6.705936169995336e-05,-9.501697943879356e-05
2025-11-14,-0.0546228711365905,-0.0407128161836016,-0.000423520497588,-7.49946809569252e-05
2025-11-15,0.0121231064987465,0.0200458143866448,0.0001702771585662,0.0001570173993883
2025-11-16,-0.0144639384619225,-0.0235761973164407,-0.0003405236175884,-0.0001530231052673
2025-11-17,-0.0223683827163441,-0.0223335360686434,-0.0001482430853778,9.204319383742548e-05
2025-11-18,0.0092411735633071,0.0320287321061965,0.0005808463358609,-8.500850567081505e-05
2025-11-19,-0.01608237769981,-0.0325142190008236,-0.0005037070383121,0.0001480150560779
2025-11-20,-0.0542991431316117,-0.0653684988267082,-0.0001031721681095,0.0003948777977248
2025-11-21,-0.0179504904722893,-0.02361115238579,0.0003315102093326,-0.0005099258643974
2025-11-22,-0.00521187239368,0.0006897153274083,0.0001402005837541,-0.0001279990768167
2025-11-23,0.0251585865789998,0.0122346182602885,0.0002983606714506,0.0001110089919615
2025-11-24,0.0167423578108394,0.0525067184643921,-2.201597542509444e-05,-9.1036003192436e-05
2025-11-25,-0.0105764769567535,0.0017672851723711,-9.809332597344534e-05,-0.0001290265804892
2025-11-26,0.0357225879133356,0.0233484280950939,0.0004513643647095,0.0003751087603023
2025-11-27,0.0084378061084962,-0.0043922604267123,9.208528201004595e-05,-0.0001220201010406
2025-11-28,-0.0040186667744208,0.0058748829132131,-2.027693401546399e-06,-6.003196241787057e-05
2025-11-29,-0.0007427786269449,-0.0134859978052368,9.004947896956267e-05,7.100067042280654e-05
2025-11-30,-0.0050477925731335,0.000142800978601,-7.70484573157009e-05,-8.29836485131476e-05
2025-12-01,-0.046101838054076,-0.0662927736435055,-0.0001160609718612,1.9673644640150016e-06
2025-12-02,0.0566209938703039,0.068238382808925,0.0001931094291769,0.0002440424068875
2025-12-03,0.0235582620118322,0.062588230463378,-5.402871430685669e-05,-0.0001649933279201
2025-12-04,-0.0149319728659325,-0.0181024175452986,-8.104854517079784e-05,-2.7004751854350413e-05
2025-12-05,-0.0303430599756762,-0.0356875080281469,0.0001620905220072,0.0001179690359175
2025-12-06,-0.0012916460625564,0.0052022663489115,5.402433600873197e-05,8.499584353984722e-05
2025-12-07,0.0126145722260151,0.0069143801565516,0.000136061609288,2.4078855630901155e-05
2025-12-08,0.0025911959798126,0.0206574040037441,-0.00037120205938,-0.0001030544192318
2025-12-09,0.022381192698198,0.0608029264224185,-2.499027750103584e-05,2.0266207362886985e-06
2025-12-10,-0.007262832846635,0.0012864345975209,0.0002220874042333,-0.0001930242542935
2025-12-11,0.0053149701081469,-0.0269224534884866,-0.0001810535784585,0.0001539812792686
2025-12-12,-0.024521421452146,-0.0483811252686674,2.2007273911858467e-05,-5.19801888833893e-05
2025-12-13,0.000313418755633,0.0104898229476884,0.0001730592957824,0.0001149846624304
2025-12-14,-0.0237976710179168,-0.0181639936011475,-4.901651231322692e-05,-1.9967875563247176e-05
2025-12-15,-0.0201089147130879,-0.0320077701658814,-0.0002331296575546,-7.40336331199103e-05
2025-12-16,0.0163457369350776,-7.412721689803448e-07,3.202947427649453e-05,-6.301039652762749e-05
2025-12-17,-0.0195448330408538,-0.0458281928487585,-0.0001981578248253,4.602122926734709e-05
2025-12-18,-0.0079397284977691,-0.0015320294953644,-0.0002262414022107,7.987925118609516e-06
2025-12-19,0.0304331549684082,0.0520015780613913,-5.406208871091482e-05,-2.599079627898497e-05
2025-12-20,0.0027273551221504,-0.0001303602133289,0.0001151618583288,4.1012691585837216e-05
2025-12-21,0.0031390280669274,0.0080383309849247,6.903108785264681e-05,-8.703474939396873e-05
2025-12-22,-0.0014875849588893,0.0014847515809783,-0.0003583929997175,-4.596455775705976e-05
2025-12-23,-0.012234274952954,-0.0143063268401748,-3.706394692127007e-05,-1.8004851413661537e-05
2025-12-24,0.0022620761040634,-0.0060191597554606,-1.802515344557533e-05,-4.805427009320454e-05
2025-12-25,-0.0043148578556273,-0.0143650150568221,1.903980474170729e-05,7.005353136009082e-05
2025-12-26,0.0007641682813233,0.0076050389079913,-0.0001141248822311,-0.0001100607708274
2025-12-27,0.0057192195658757,0.0075770385642641,7.407521705978296e-05,-1.0136170204901604e-06
2025-12-28,0.0003835125589102,0.0001932732309839,1.0146909038123797e-06,9.104255989586823e-05
2025-12-29,-0.0079748888825808,-0.0047695250401753,-0.0003895976173381,-0.0001020135392705
2025-12-30,0.0147180978087906,0.0124887158133866,0.0001672363263647,4.901072566726526e-05
2025-12-31,-0.0104730993492996,-0.0014748454494988,-0.0001973310872453,-6.904499858481817e-05
2026-01-01,0.0138807336605513,0.0111796958966712,0.0002144054113606,0.0001230613369305
2026-01-02,0.0135745701301939,0.0405057914235644,0.0009219983592207,0.0002210430882066
2026-01-03,0.0072944096271481,0.0004783333560602,0.0001701524413122,-4.703015733706238e-05
2026-01-04,0.0089036899476067,0.0047211981925698,-0.0001411057937362,-5.800094585491132e-05
2026-01-05,0.0266514983813639,0.0268343594600324,0.0002581023456915,-0.0001570307480042
2026-01-06,-0.0016366097114985,0.0214100727655335,-0.0001300566493652,-6.80304658694736e-05
2026-01-07,-0.0261689672501521,-0.0399579577460702,-0.0001100336200039,0.0001450585001771
2026-01-08,-0.0030814668927554,-0.0199206616781406,0.0001340664527905,4.500976578542185e-05
2026-01-09,-0.0056629301495068,-0.0068964125191364,-0.0003272062218653,-0.0001020051707549
2026-01-10,-0.0013980466595047,-0.0002112169513619,-0.0001091124236374,-2.3013709673290407e-05
2026-01-11,0.0048651109011004,0.0117684321917188,-0.0002032230490332,0.0001170305400667
2026-01-12,0.00401638096268,-0.0085523492401957,0.0005754926155059,0.0001940270839879
2026-01-13,0.044280285031478,0.0716724478508048,0.000444144248107,-0.0004471235899033
2026-01-14,0.0167237978218786,0.0097733550354135,0.0001390638241114,0.0001640281501263
2026-01-15,-0.0143200382747554,-0.0112777965317096,-0.0002610362725585,3.201544277377431e-05
2026-01-16,-0.0002728785518897,-0.0065388112427804,-2.9034734875412388e-05,-2.199932815690622e-05
2026-01-17,-0.00446107205798,0.0040525125455044,0.0002200348505688,-1.1983577490918824e-05
2026-01-18,-0.0155299936581254,-0.0084086840180539,-0.0001530237164411,0.0001790232720428
2026-01-19,-0.0116102857616073,-0.029235184793821,-0.000215059656034,-7.099740296151465e-05
2026-01-20,-0.0469242550548223,-0.0820473294090176,-0.0005413417689626,-0.0002711002635937
2026-01-21,0.0119993277601491,0.0146406740972171,0.0002581819009621,0.0001650418573864
2026-01-22,0.0009560777691035,-0.0098736240513312,-5.010289882857364e-06,-4.7995274650844335e-05
2026-01-23,0.0004629013309216,0.0012275504187737,-0.0005975974446313,-4.400266091597675e-05
2026-01-24,-0.0044021176235578,-0.0015302026847265,-0.0003314697022543,6.90439611760692e-05
2026-01-25,-0.0289008383617943,-0.0460954469109644,0.0004476043498261,8.799731005771421e-05
2026-01-26,0.0193889405513125,0.0385097283715554,-2.983763552256384e-06,-0.0003040885987346
2026-01-27,0.0094202765645814,0.0321961750433521,-5.5081874326577945e-05,0.0001390574767578
2026-01-28,0.0009198645005419,-0.0051763213071964,-0.0002282968832708,0.0003200211021849
2026-01-29,-0.0532279495040839,-0.0647023664323782,-0.0001943172276335,-0.0001809829597203
2026-01-30,-0.0051328474295484,-0.0419788679682717,-3.606178985084249e-05,-1.6037289978542828e-05
2026-01-31,-0.0677069192719859,-0.1000484393792717,0.0003325072816597,1.0135166455056048e-06
2026-02-01,-0.0211668421472115,-0.0751997822029002,0.0002703418372603,7.303011332899134e-05
2026-02-02,0.0220269081578212,0.0331281466529906,0.0,-0.0001550686664867
2026-02-03,-0.039600469374978,-0.051104737075537,-0.0005727577342485,0.0001870810021479
2026-02-04,-0.0351706159417588,-0.0384643510086561,-0.0004718941501571,3.201131090436432e-05
2026-02-05,-0.1523344080304465,-0.1626810863573631,-0.000322786305157,1.6988826985389857e-05
2026-02-06,0.1180031814334761,0.1245879324337773,0.0010249928507985,1.2994767579525309e-05
2026-02-07,-0.0182134028127496,0.013078072860627,0.0003164288612625,-5.603368985340449e-05
2026-02-08,0.014085235884746,-0.000854866519921,-0.0001972340747264,-7.49946809569252e-05
2026-02-09,-0.0020507154219693,0.0070627775205602,3.9032159998137394e-05,6.700664393650399e-05
2026-02-10,-0.0191032375898974,-0.0407860866012557,5.007113653365206e-05,0.0002360374614329
2026-02-11,-0.0265432212123748,-0.0398404875978917,-8.009114878323596e-05,-0.000201999329124
2026-02-12,-0.0115623682748342,0.0032510563095318,-0.0001151944940931,-3.50515445516876e-05
2026-02-13,0.0390337693571556,0.0508619107271357,0.0004155330649818,0.0001190391071696
2026-02-14,0.0131259330678492,0.0181318719779941,-4.105029813653818e-05,3.397451184764707e-05
2026-02-15,-0.0141380400688788,-0.059230160663418,-0.0001111067884168,5.399921720327752e-05
2026-02-16,0.0007987824782489,0.0160826230924273,1.969239582611448e-06,-5.399921720327752e-05
2026-02-17,-0.0197888733002855,-0.0028687878988318,0.0004034333051857,-9.69794247913184e-05
2026-02-18,-0.015963632260215,-0.0193714031392415,-2.105660053073027e-05,-6.402230315090162e-05
2026-02-19,0.0079801259947043,-0.0029589012528692,-3.901255059301145e-05,0.0002090409098048
2026-02-20,0.0155289956566324,0.0106307366647904,-0.0001020721451699,1.0012839082197168e-05
2026-02-21,-2.4354972344653447e-05,0.0023916477643179,1.7002804657782148e-05,-4.398571883356947e-05
2026-02-22,-0.0050769235983025,-0.0081043810251788,-0.0002242216154257,-0.0001750680300534
2026-02-23,-0.0460126731356425,-0.0536686969675086,0.0001151003449239,0.0002099945178464
2026-02-24,-0.0083405104387441,-0.0013662367634115,0.000334306587784,8.200688981666026e-05
2026-02-25,0.0587881628108721,0.1033052975560533,6.101499792888208e-05,-0.0001859555192605
2026-02-26,-0.0074786108124005,-0.0136402306523084,2.1053187180460195e-05,1.967018171821161e-06
2026-02-27,-0.0235803453997576,-0.0485398835848203,-0.0001471430234331,0.0
2026-02-28,0.0167686372009843,0.0176033024159378,0.0001691499889069,2.9981646525726435e-05
2026-03-01,-0.018952127255245,-0.013311214361674,-3.304045022148425e-05,6.806632571363457e-05
2026-03-02,0.0451739987422588,0.044482778822652,-0.0001631308578816,-0.0002060608788137
2026-03-03,-0.007035921401254,-0.0221952153909645,0.0002971943604091,0.0001980743519652
2026-03-04,0.0626701105436229,0.0699856488077346,-9.804111592239913e-05,-0.0001380458715032
2026-03-05,-0.0260471840906877,-0.0261560660671298,-0.0002171678629325,-0.0001190470833812
2026-03-06,-0.0389267622298543,-0.0458579463127648,1.5032088139858152e-05,0.0001430097802587
2026-03-07,-0.012760002816373,-0.004708868776353,-4.70655059767465e-05,-4.297828038720045e-05
2026-03-08,-0.0195561512724626,-0.016820776457914,0.0001461404024146,9.50146969495628e-05
2026-03-09,0.0362108831336733,0.0286737446035898,0.0001200577459517,1.7940908786188963e-05
2026-03-10,0.0220430630536832,0.0219272344781238,0.0003471499897512,4.053051101112245e-06
2026-03-11,0.0039671408310244,0.0070696510693721,-1.901798006990896e-05,0.0001590096870525
2026-03-12,0.0041020885103577,0.010455613837732,7.601013674842787e-05,-0.0002860329658336
2026-03-13,0.0067128612385438,0.0093273103225435,0.0003420039329813,7.904125230255936e-05
2026-03-14,0.0034653905327104,0.0021592233043721,-9.201604661455532e-05,-8.404860088467052e-05
2026-03-15,0.0218791978790235,0.0376174725748983,-5.793154352708223e-05,8.047512274064449e-06
2026-03-16,0.0280568061089265,0.076749085240551,-0.000135067434082,5.495979680326408e-05
2026-03-17,-0.0126172785632778,-0.0141878287469072,0.0002040842608051,-9.99670860543191e-05
2026-03-18,-0.0368841742334176,-0.0506029181915632,-0.0006392136494989,1.997037171873057e-05
2026-03-19,-0.0188841610476284,-0.0305236071486403,0.0001911153548578,0.0001629671711784
2026-03-20,0.008684431647449,0.004235958585431,0.0003370015142116,0.0001340971748807
2026-03-21,-0.026016105631017,-0.0330619920061083,-0.0001439554409431,-0.0001200310270321
2026-03-22,-0.0126881200860857,-0.0114495680945259,-0.0003130777539053,-6.502778956831183e-05
2026-03-23,0.0442511930346984,0.0471397983356824,-0.0001090725752045,0.0001379778569483
2026-03-24,-0.0056139915316961,0.0016520306586045,-5.802978850188013e-05,-0.0001130033477848
2026-03-25,0.0111689244808133,0.0056974805873908,8.301794074949144e-05,-0.0001549831619857
2026-03-26,-0.0359529188074159,-0.0513137066171509,-0.0002831958587874,0.0002340153267471
2026-03-27,-0.0363134696852078,-0.0337276698924533,2.905094990994354e-05,-0.0001410225472117
2026-03-28,-0.0002816215791394,0.0007141663784118,-0.0001521241909031,-0.0002190237190458
2026-03-29,-0.0055154098337002,-0.005098999439741,-6.008051566521366e-05,0.0002630730494152
2026-03-30,0.0111051817312102,0.0204472613935484,0.0001531474747247,-0.0002960440289046
2026-03-31,0.0228562101625779,0.039340814763852,-0.0001171106646706,-1.8006310317899622e-05
2026-04-01,-0.0022706442540201,0.0160386363168276,0.0003162806472453,0.0002140275449099
2026-04-02,-0.0176341492288756,-0.0390385754759661,0.0001280467196338,3.099740653293212e-05
2026-04-03,0.0006356502125015,-0.001687146171756,1.2046402264583012e-05,1.013360532724916e-06
2026-04-04,0.0053555444955293,0.0058106855555006,7.79999245442061e-05,1.2994767579525309e-05
2026-04-05,0.0248248287948484,0.020911357684259,-8.801870438929584e-05,-0.0001220263274954
2026-04-06,-0.0017711667933326,-0.00058534597615,0.0001910551491506,-0.0003480982767018
2026-04-07,0.0437692500886512,0.0616556049703289,-1.001696623664696e-05,0.0002700580020976
2026-04-08,-0.0114263865929018,-0.0232273715270308,0.0002310801774433,8.203453276872202e-05
2026-04-09,0.0090204739879133,-0.0005440857898824,-0.0002170683776593,6.021164991116868e-06
2026-04-10,0.0167360714535274,0.0252611274355674,-3.994833547365303e-06,7.98842036741444e-06
2026-04-11,0.0010302658186933,0.0177650010386667,-1.1984596395158992e-05,-4.202934489478817e-05
2026-04-12,-0.0320019564160105,-0.0416306075771206,-0.0002511133065827,-3.69634369647362e-05
2026-04-13,0.0513922577822327,0.078285391138686,0.0007051158690991,-4.304624055249712e-05
2026-04-14,-0.0040766706589963,-0.0201992437703371,-0.0002499858896759,-4.799695443849099e-05
2026-04-15,0.0083695046837277,0.015430748489015,1.5022376187288685e-05,2.802334643061614e-05
2026-04-16,0.0046287244870715,-0.0045844617903414,-0.0002040136077355,7.202235987356382e-05
2026-04-17,0.0259372965784034,0.0303717508925753,0.0002810295476887,-0.0001150713133374
2026-04-18,-0.0183274450765047,-0.0293267723614629,-0.0003320692673343,3.7026981434424026e-05
2026-04-19,-0.0250023364949232,-0.0373454427406088,-7.203244802526899e-05,-1.5025276450463323e-05
2026-04-20,0.0269325972722587,0.0219633235792402,0.0001790578360698,4.3048006344363686e-05
2026-04-21,0.0063097475019464,0.0054954065471362,-0.0003351260621154,5.097550574394941e-05
2026-04-22,0.023944952373343,0.0204586542200395,1.4969770159736534e-05,-9.539037347776488e-07
2026-04-23,0.0008417038623189,-0.0189376886242058,0.0001180803711242,0.0002389840595773
2026-04-24,-0.0104498554007008,-0.0068100265350663,-0.0001080608891957,-0.0001549843999382
2026-04-25,0.0020210985800428,0.0013545812633983,-0.0001070585874817,-0.00011005350722
2026-04-26,0.013381225028139,0.0217132435927283,0.0002601414010206,0.0002220619477304
2026-04-27,-0.016547994707933,-0.0285352092391057,-0.0002791686113336,-0.0001350197108474
2026-04-28,-0.0132186544907373,-0.005942025412355,-0.0001361237064757,0.0001329930596691
2026-04-29,-0.0075534590417412,-0.0158511839185901,6.007089620275964e-05,-0.000167987897636
2026-04-30,0.006946186875135,0.001257498434942,-0.0001771210813347,-3.4996062648431664e-05
2026-05-01,0.0242715098940351,0.0170690082206217,0.0001370941027879,9.0975292759058e-05

