date,logret,residual
2024-02-21,4.783817844552867e-05,4.94881852007069e-05
2024-02-22,-0.0008528623726456,-0.0008378321181156808
2024-02-23,0.0006203140297482,0.0003693951744925748
2024-02-24,-0.0001218893082326,-4.042011454505642e-05
2024-02-25,6.392231999963953e-05,8.165539298318009e-05
2024-02-26,0.0008773582538853,0.0008673194316675152
2024-02-27,-0.0003532779171792,-5.44659498217485e-05
2024-02-28,0.0010972511798713,0.0010875763963060455
2024-02-29,-0.0013217724089277,-0.0009723551533187618
2024-03-01,0.0005757773718443,0.00033322170672864053
2024-03-02,-4.091207769108202e-05,1.32097137500382e-05
2024-03-03,-0.0003342572822483,-0.00024862884826618763
2024-03-04,0.0007960859727052,0.0006725991901009569
2024-03-05,-0.0001127026732293,0.00015579581788426034
2024-03-06,-0.0003880178289539,-0.0003431918476205935
2024-03-07,0.0006104388559926,0.0005557950341198025
2024-03-08,0.0006299045886815,0.000780711836332395
2024-03-09,0.0001943216973297,0.0005158816165971237
2024-03-10,-0.0012820799495477,-0.001107961153994405
2024-03-11,-0.0007713706260206,-0.00102924576230763
2024-03-12,0.00019266046972,-0.0001779096098562112
2024-03-13,0.000439089069151,0.0004235113622302903
2024-03-14,-0.0013947829484526,-0.001301871294985088
2024-03-15,0.0004374849661994,9.225209393884848e-05
2024-03-16,-0.0005593337156049,-0.0006392683039721505
2024-03-17,0.0001478126441102,2.4606633205850832e-05
2024-03-18,0.0004275926770454,0.0003038644794749754
2024-03-19,-0.0005314523008525,-0.0003602596796603957
2024-03-20,0.0008099857644611,0.0005973340551062954
2024-03-21,-0.0003244870371737,-9.50599560374334e-05
2024-03-22,5.892971847050216e-05,-2.216891881048578e-05
2024-03-23,4.785551919687502e-05,6.495677552699792e-05
2024-03-24,-8.58320510143144e-05,-0.00011093286557930889
2024-03-25,0.0002177204840661,0.00020777473833353622
2024-03-26,-0.0002117679543005,-0.00019395525285684622
2024-03-27,-0.0002995752745163,-0.00032578428971275945
2024-03-28,0.0002715980765261,0.00011449451424770858
2024-03-29,0.0005990171798783,0.0006496225912171842
2024-03-30,-1.3921023416754502e-05,0.00015135407735336056
2024-03-31,-0.0005300949189198,-0.0004355123406632266
2024-04-01,0.0003793309098228,0.00020904202302620718
2024-04-02,0.0017862877949649,0.0018672118415610625
2024-04-03,-0.0017652246850674,-0.0011918629391521325
2024-04-04,-0.0002087466769075,-0.0004670468197623309
2024-04-05,0.0001368684756785,-0.00011115807276772997
2024-04-06,-0.0001698387256252,-0.00011272308141492058
2024-04-07,0.0003494055559374,0.00022492400837793232
2024-04-08,-0.000391304337296,-0.0002444806896685863
2024-04-09,-0.0004683859795579,-0.0006092802314074439
2024-04-10,0.0003045829880014,0.0001634307609975535
2024-04-11,0.0001269020427455,9.048123618153814e-05
2024-04-12,-0.0014520019154551,-0.0013623575760926933
2024-04-13,-0.0003140497213969,-0.0008171907594732746
2024-04-14,-0.0001250392687243,-0.00040763304782222336
2024-04-15,0.0007150231855599,0.000490759691064135
2024-04-16,0.0003448404914558,0.00046241561458238334
2024-04-17,0.0005096552017222,0.0006022943618575185
2024-04-18,-0.0001169392730448,5.899723758507941e-05
2024-04-19,-6.585878699426871e-05,-6.626473999941777e-05
2024-04-20,-0.0007325992379151,-0.0007705512246373586
2024-04-21,-0.0002890054314574,-0.0005538144862147558
2024-04-22,8.100623457379754e-05,-0.00015292540064100373
2024-04-23,-0.0004521451753954,-0.0005430693450099292
2024-04-24,-0.0010609945734758,-0.0012879252722485393
2024-04-25,0.0011300457889328,0.0006547352902088789
2024-04-26,-0.0010579964216542,-0.0009700364604827636
2024-04-27,-0.0001221347945818,-0.00043781070983945876
2024-04-28,-0.0001352252734215,-0.0004448288419246879
2024-04-29,-0.0001513068158784,-0.00031652590036369
2024-04-30,0.0006840422247756,0.0004096085346622133
2024-05-01,-0.0010537475147449,-0.0009623398833801325
2024-05-02,0.0011648549727773,0.0007314368865062172
2024-05-03,0.0003703485888726,0.0005039293982836337
2024-05-04,0.0001771318071031,0.0002738436175911866
2024-05-05,-0.0002021236348066,-0.00018364388211439966
2024-05-06,0.0001120706436297,6.448112695000484e-06
2024-05-07,0.0001120580852079,3.8086324891647386e-05
2024-05-08,0.0003731183591641,0.00034394537168322013
2024-05-09,0.0011145309866156,0.0011568343793454663
2024-05-10,-0.000208906019254,0.00013927387108950856
2024-05-11,-0.0011157179569367,-0.0010675503626568568
2024-05-12,0.0009218989481412,0.0005616636176452991
2024-05-13,0.0005245468757159,0.0006412804327894551
2024-05-14,-0.0004156605221063,-0.000187057192741397
2024-05-15,0.0004026811880043,0.00032018285694436065
2024-05-16,-6.096940159587452e-05,4.4290333516814356e-05
2024-05-17,0.0006691500027158,0.0006837795573376275
2024-05-18,-4.593692099907291e-05,0.00017332091563819314
2024-05-19,-0.0004423400957948,-0.00034664131340430383
2024-05-20,0.0004492426694194,0.0003444183662703507
2024-05-21,-0.0003384012010005,-0.0002149313877909512
2024-05-22,-0.0004784563740974,-0.0005171387327117556
2024-05-23,3.78752237720644e-05,-0.0001297644845512844
2024-05-24,0.0002517504049757,0.0002088853563464455
2024-05-25,3.5959170390093e-05,9.762814335743808e-05
2024-05-26,-0.00046447289415,-0.00042095091210154686
2024-05-27,-0.0002179002112627,-0.0003520863681012286
2024-05-28,-0.0002079370347937,-0.0003346903167291381
2024-05-29,5.958682969005324e-06,-0.00011710557276874942
2024-05-30,0.0007664672289391,0.0006998103980943965
2024-05-31,-0.0007774312330411,-0.0005734562214115952
2024-06-01,0.0002958667860833,0.0001300407440808735
2024-06-02,0.0016816668924562,0.0016646293277787227
2024-06-03,-0.0010851949206259,-0.0005275156694117329
2024-06-04,0.0001098940154884,-1.1527676045085378e-05
2024-06-05,4.190656289532364e-05,1.4155372499417402e-05
2024-06-06,-0.0002556335388691,-0.00020457121712712213
2024-06-07,-2.5959924784362248e-05,-0.0001106989792122208
2024-06-08,8.931242827155085e-06,2.8088532786234557e-06
2024-06-09,-0.0004845458210356,-0.0005049381941134106
2024-06-10,3.097602967846633e-05,-0.00010253291894018161
2024-06-11,0.0001767832809553,9.533600619810882e-05
2024-06-12,0.0003137014678704,0.0003672036516015542
2024-06-13,-0.0001457624743521,-6.513655460574781e-05
2024-06-14,-0.000977598105384,-0.0009570965009701282
2024-06-15,0.0004859694520082,0.0001413743092165617
2024-06-16,3.097962089294165e-05,5.556020188736395e-05
2024-06-17,0.0003307072161005,0.00033161719169175875
2024-06-18,-0.0002828098451446,-0.0001938424182721378
2024-06-19,-2.001653270351268e-05,-7.766333233573938e-05
2024-06-20,8.602059328774946e-05,3.117646732668321e-05
2024-06-21,1.2032761755453455e-05,2.270157238014065e-05
2024-06-22,-0.0001979037106613,-0.00021477124861577965
2024-06-23,-9.700022637019632e-05,-0.00016410842360557387
2024-06-24,-0.0005379619406943,-0.0006249724697789388
2024-06-25,0.0004259352295956,0.00021973299146846052
2024-06-26,-3.1941829640252315e-05,-2.8924620245213787e-05
2024-06-27,-0.0005280223005549,-0.000524484988312862
2024-06-28,-0.0004353004710957,-0.0006665500665516168
2024-06-29,-0.0002031334883635,-0.00043684121992228176
2024-06-30,9.307068474644736e-05,-0.00013863720783065567
2024-07-01,-0.0003063306711372,-0.00039030814180838596
2024-07-02,-0.0003174083841202,-0.0005291110328230831
2024-07-03,1.969937735342821e-06,-0.00022620893816541963
2024-07-04,0.0001442127790421,-3.5017376107588494e-05
2024-07-05,0.0002913466370012,0.00021707727320269968
2024-07-06,7.112295329844177e-05,4.3719483728167175e-05
2024-07-07,-0.0002112356487701,-0.00024195022138064718
2024-07-08,-2.1066340562880988e-05,-0.00018540941405912906
2024-07-09,2.1066340562880988e-05,-9.483570537764924e-05
2024-07-10,0.0001271047625419,9.099467682480473e-06
2024-07-11,-0.0001581971660943,-0.00021141072295613158
2024-07-12,0.0003393979466305,0.00019383771200278893
2024-07-13,6.705446101404442e-05,6.442231215005923e-05
2024-07-14,0.0001101170552567,7.36848026925557e-05
2024-07-15,0.0001150551927708,8.168635280158958e-05
2024-07-16,7.204441231008208e-05,4.9923616509268064e-05
2024-07-17,-0.000476376654599,-0.000508005008591986
2024-07-18,1.1992730257655944e-05,-0.0001922062277317624
2024-07-19,0.0011074842779376,0.0009712687199945603
2024-07-20,0.0002170357325493,0.00048240493328661474
2024-07-21,-7.400854033330756e-05,7.367744664962239e-05
2024-07-22,-0.0002659873347185,-0.0002635186195575056
2024-07-23,-0.0002700527924907,-0.0003609354725381988
2024-07-24,-0.0002190765211921,-0.0003702491644729112
2024-07-25,-0.0009048996602226,-0.0010490928160228994
2024-07-26,0.0002443385709182,-0.00014254493318887452
2024-07-27,5.203509123605861e-05,-7.773787564498854e-05
2024-07-28,1.0024798248035784e-05,-6.025288681320737e-05
2024-07-29,-3.001502332699961e-05,-0.00012877561462353178
2024-07-30,9.207106162021436e-05,5.930877476414384e-06
2024-07-31,0.000478418217746,0.0004010869443838943
2024-08-01,-0.0011683518311722,-0.0010799322951401823
2024-08-02,-3.606464289079999e-05,-0.00042890072991629306
2024-08-03,0.0010042483703608,0.0007603029587913328
2024-08-04,-0.0004494505851111,-0.000265543651512779
2024-08-05,0.0006576102664062,0.0005268383547273704
2024-08-06,0.0003131122160184,0.0004038317387569616
2024-08-07,0.000521000314485,0.000642890964549684
2024-08-08,0.0006036893860204,0.0007590734314203893
2024-08-09,6.288568848859648e-05,0.00033385971556135826
2024-08-10,-0.0004226487871797,-0.00032027780936372285
2024-08-11,-0.0001958989677599,-0.00026052336971633575
2024-08-12,-0.0005670005652935,-0.0006766520869060887
2024-08-13,-0.0002921191271712,-0.0004879387034603782
2024-08-14,-0.0001420654905214,-0.0003602521847615608
2024-08-15,1.3956949729142631e-05,-0.00010688160265346398
2024-08-16,8.206769563646142e-05,-2.4893318457682066e-05
2024-08-17,-0.0003522348892532,-0.0003692591088168689
2024-08-18,0.0001621448655172,-2.1886454246075636e-05
2024-08-19,-4.90940697653754e-05,-8.771305649559959e-05
2024-08-20,-0.0003022530403587,-0.0003874339234630794
2024-08-21,0.0001971967577458,3.860998982175448e-05
2024-08-22,-9.11054392755071e-05,-0.00015334919675163083
2024-08-23,0.0007064911017573,0.0006314270215597052
2024-08-24,-0.0004362418067726,-0.0003109165930728963
2024-08-25,9.203512909234074e-05,8.181709220186155e-06
2024-08-26,-0.0003302444333927,-0.00042163007001663175
2024-08-27,0.0002252056024803,0.00010618615182554486
2024-08-28,-0.0002402410009994,-0.00031609427745753953
2024-08-29,3.705110992214362e-05,-4.102764187807139e-05
2024-08-30,-0.0001852096054136,-0.0003168552291375648
2024-08-31,-0.0001371392644216,-0.0002193442845451175
2024-09-01,0.0001431662767149,-5.205790098711656e-05
2024-09-02,-0.0001021060736187,-0.00011397293251665237
2024-09-03,0.0001241252453962,-2.528065129603986e-05
2024-09-04,0.0004194054610318,0.0004071833188971605
2024-09-05,-0.0001421486029135,-0.00011315074493396437
2024-09-06,-0.0003693348315775,-0.00038570475394613616
2024-09-07,0.0002392180415822,1.3947896727507618e-05
2024-09-08,0.0003353101511592,0.00033325086408294
2024-09-09,0.0001050260074523,0.0001254724839052067
2024-09-10,-0.000460323502149,-0.00040695674361601955
2024-09-11,0.0002882563879159,8.503883840619e-05
2024-09-12,-0.0003083037964578,-0.0002967657190148157
2024-09-13,0.0005304049759086,0.0003790386849681502
2024-09-14,-0.0005564194742196,-0.0004689335820855161
2024-09-15,-0.0002362497819829,-0.00041132686182229576
2024-09-16,7.805990349600794e-05,-0.00011747144629962531
2024-09-17,0.0001671995634508,8.55167748401888e-05
2024-09-18,-9.308410191124376e-05,-0.0001265929499490036
2024-09-19,0.0002572132259008,0.00018256217929072709
2024-09-20,-0.0002592420784516,-0.00026443526257003026
2024-09-21,0.000463426207433,0.0003594901122849274
2024-09-22,-0.0002442145939006,-0.00020432099341244114
2024-09-23,0.0003612899863226,0.0003021050405756965
2024-09-24,-9.804896289169194e-05,-8.458070075673504e-05
2024-09-25,-0.0003883540138396,-0.0003905297540898419
2024-09-26,0.0001251129904087,-8.269423369223279e-05
2024-09-27,0.0004203294324424,0.00039146006529155726
2024-09-28,1.3000137038324906e-05,6.347017266245931e-05
2024-09-29,-0.0003072181528002,-0.0002651508535823085
2024-09-30,1.0140765456592704e-06,-0.0001508536176745033
2024-10-01,8.505946592317207e-05,3.7969025495179036e-05
2024-10-02,0.0005942599885159,0.0005399493260983434
2024-10-03,-0.0007874138710799,-0.0006100808740518735
2024-10-04,0.0004032662773649,0.00018094898167780703
2024-10-05,-0.0005503936777878,-0.0005319768890247075
2024-10-06,-2.9833423291071408e-06,-0.0001811437065590567
2024-10-07,-4.105169429212711e-05,-0.00016950207837460033
2024-10-08,-0.0003234006860301,-0.0003917481191744707
2024-10-09,-0.0002523956105636,-0.0004501809389302569
2024-10-10,-0.0004037385612115,-0.0005846966794974889
2024-10-11,0.0007111656253685,0.00043404158647349176
2024-10-12,5.610270281613812e-05,0.00012945695447169516
2024-10-13,-7.908184608127465e-05,-8.623785325710882e-05
2024-10-14,-4.05870874449943e-06,-8.78455608214582e-05
2024-10-15,0.0002593661263999,0.00017996556721890873
2024-10-16,0.0003743091522257,0.00037640504640816405
2024-10-17,-0.0002982308383064,-0.00021206329447500392
2024-10-18,0.0007474673718743,0.000650501155673049
2024-10-19,0.0003130878993019,0.0004738885810115807
2024-10-20,0.0001310004604769,0.0002990624315485228
2024-10-21,0.0002948372517356,0.00037146052612139406
2024-10-22,0.0001249876160823,0.0002724539911856171
2024-10-23,-0.0006198488522903,-0.000528824147852964
2024-10-24,0.000105023540688,-2.6118829431725636e-05
2024-10-25,-0.0008583333495087,-0.0008981507467134168
2024-10-26,0.0002801498799294,2.910510285987207e-05
2024-10-27,0.0001771034573256,0.00010356402940617506
2024-10-28,0.0008168935411942,0.0008927292075696963
2024-10-29,0.0004597082595373,0.0006794619249498805
2024-10-30,0.0001078977716107,0.0004179326314732158
2024-10-31,-0.0011424492836037,-0.0010326010808435722
2024-11-01,0.0005629278163057,0.0003324348059218
2024-11-02,0.0004806751702319,0.0004995311544348412
2024-11-03,-0.0001258943098089,0.00015450547942906563
2024-11-04,-0.0001309135414417,-0.00012985747200013314
2024-11-05,0.0003736359784518,0.0004435567042364749
2024-11-06,0.0005712013717468,0.0006629233304099837
2024-11-07,-0.000811898893123,-0.00047054406193394293
2024-11-08,7.491899610381997e-05,-8.243595437604041e-05
2024-11-09,0.000324623827429,0.0003777259351346761
2024-11-10,0.0006200172444145,0.000736893841960468
2024-11-11,0.0006506700405933,0.0009834142777131328
2024-11-12,-0.0010838917745335,-0.00072740915488392
2024-11-13,0.0008893298972967,0.0007965403566792957
2024-11-14,-0.0009083769177243,-0.0006676692344149925
2024-11-15,0.0001667681543826,0.0001347131887450167
2024-11-16,6.986532835945801e-05,5.392674622976899e-05
2024-11-17,-0.0001147388205298,8.003227892863145e-05
2024-11-18,0.0002236333042036,0.00020173951387833652
2024-11-19,0.0008631195955211,0.0010909154222330884
2024-11-20,-0.0010259301632863,-0.0007027032629052191
2024-11-21,0.0003673573251717,0.00035311176406427596
2024-11-22,0.0007054188194751,0.0007444568672708845
2024-11-23,-0.0006255867309425,-0.00016887256703562183
2024-11-24,1.903502647175332e-05,-5.488961008924183e-05
2024-11-25,-0.0008187144356277,-0.0006590982974689448
2024-11-26,-0.0006454226876031,-0.0008735858584752541
2024-11-27,0.000548617975317,0.0003857486829103361
2024-11-28,0.0002066958754981,0.00027024596907982475
2024-11-29,-0.0001408486005483,8.31791775700086e-05
2024-11-30,0.0001628730039454,0.00015131271775194625
2024-12-01,0.0004302714281591,0.0006040765445561901
2024-12-02,-0.0002256462435844,-5.447973460040044e-05
2024-12-03,0.0004731320920482,0.0006038295153749528
2024-12-04,0.0005408051396375,0.0007083090228854361
2024-12-05,0.0001017771044246,0.0005005300218200851
2024-12-06,-0.0001726467198201,6.4061491917595385e-06
2024-12-07,-0.000280317141968,-9.978046588536059e-05
2024-12-08,-0.0002494615088299,-0.0002661898843638577
2024-12-09,-0.0004872063217557,-0.00041868724191825306
2024-12-10,0.0003723879111101,0.00023865523690177413
2024-12-11,2.498751219461113e-05,0.00021654759132946807
2024-12-12,-0.0004242774597786,-0.00033271212569130435
2024-12-13,-4.999685735081064e-05,-4.229756014606369e-05
2024-12-14,-0.0003635046820268,-0.0003779991504685977
2024-12-15,8.692928843729718e-05,6.866947935704958e-05
2024-12-16,0.000165740113928,0.00016587336086224742
2024-12-17,-0.0001147768668723,3.882390402562047e-05
2024-12-18,-0.0003297591198482,-0.00032524601718680196
2024-12-19,-0.0013307397496726,-0.0013446744620052842
2024-12-20,-1.8963768409065098e-05,-0.0004779953188436706
2024-12-21,0.0004680852658851,0.00031414893067422095
2024-12-22,-0.0008943878744781,-0.0008342855894580824
2024-12-23,-0.0002532908355286,-0.0004986887571142428
2024-12-24,0.0004504493024485,0.0001986423133271644
2024-12-25,0.0001340813420067,0.00019366695519297213
2024-12-26,-0.0013006554823132,-0.0013031651359224862
2024-12-27,-0.0005712497050223,-0.0009856100947393327
2024-12-28,-0.0004923022809075,-0.0009508981135621813
2024-12-29,0.0001875182267143,-0.00016643299841697195
2024-12-30,-0.0002286490173734,-0.00046028451768647923
2024-12-31,0.0007319110887764,0.0005358070261379908
2025-01-01,-0.0005032620714029,-0.0005183915002859919
2025-01-02,0.0004080309973717,0.00023243145405246296
2025-01-03,0.0008907193166314,0.0007600291003081834
2025-01-04,0.0003594669888752,0.0006120785273665884
2025-01-05,6.008755301274986e-05,0.00011866462165528588
2025-01-06,0.000634487944288,0.0007088549204626931
2025-01-07,-0.0006004777220052,-0.0004936167743055075
2025-01-08,-0.0001621854535137,-0.00024757847064505817
2025-01-09,0.0001902281000564,-3.418037142182391e-05
2025-01-10,3.60366294478308e-05,7.742246634254933e-05
2025-01-11,0.0002562164033854,0.00015257681004990917
2025-01-12,7.205090089109874e-05,0.0001711366544574205
2025-01-13,0.00017306795495,0.00012280444778886798
2025-01-14,-1.4967823205599452e-05,7.695523892642426e-05
2025-01-15,0.0008709810221122,0.000808519765484228
2025-01-16,-0.0002989044245568,1.0851990114726733e-05
2025-01-17,0.000339895512814,0.00031612539821221705
2025-01-18,-0.001501441175213,-0.0013622166906668278
2025-01-19,-0.0007030211275266,-0.0011459147906321056
2025-01-20,-0.0002815141322381,-0.0007053156784679645
2025-01-21,0.0013578702232928,0.0010663924376422902
2025-01-22,-0.0006627087559503,-0.00040310512707500347
2025-01-23,0.0009328690843289,0.0008169956224218361
2025-01-24,0.0001840608277636,0.000337748121299347
2025-01-25,0.0003360159101796,0.0005103154325332527
2025-01-26,0.0003118924297933,0.0003933884774549841
2025-01-27,0.0001040219621922,0.0003171485743802844
2025-01-28,-0.0001120057672225,-6.230219540365826e-05
2025-01-29,0.0007184063671679,0.0007913708609458396
2025-01-30,3.405520444228001e-05,0.00023719187791672845
2025-01-31,-0.0002207840701473,-1.1538331567328373e-05
2025-02-01,-5.395303336160062e-05,-9.37335943436218e-05
2025-02-02,-0.0021524548477073,-0.0020668856232339944
2025-02-03,0.0014598586704771,0.0007577506063980105
2025-02-04,-0.0009102904340389,-0.0006914810142313487
2025-02-05,0.0005772255125066,0.0003873988936627181
2025-02-06,0.0002420016384473,0.0002948250334188489
2025-02-07,0.0004628586969338,0.0006167171817685723
2025-02-08,-0.0002409362637531,-9.042006439492932e-05
2025-02-09,-0.0001349115282755,-7.594199408487607e-05
2025-02-10,-0.0004060361876223,-0.0004831289804423024
2025-02-11,0.0002960197643121,0.0002144938737481564
2025-02-12,-0.0002870174687565,-0.00029319829017359516
2025-02-13,4.602371497920319e-05,3.4494198324281895e-05
2025-02-14,4.000075709864969e-05,-3.504618307040626e-05
2025-02-15,-0.0001279961313173,-6.157912478378757e-05
2025-02-16,-0.000384206007362,-0.00048227964003047833
2025-02-17,-0.0001410656350914,-0.0002317189081584373
2025-02-18,-0.0005496001425974,-0.0007228755477317457
2025-02-19,0.0002483151389062,6.136567757202292e-05
2025-02-20,0.0007355126314879,0.0006245222033431712
2025-02-21,-0.0024237904866499,-0.0021731637328668623
2025-02-22,0.0022147215825383,0.0014363788364557184
2025-02-23,0.0008740299983501,0.0012382545591386246
2025-02-24,-6.793020829179831e-05,0.00036913094755942384
2025-02-25,-0.0011463923632343,-0.001049968342216308
2025-02-26,-0.0003112856836795,-0.0006038358842052525
2025-02-27,0.0004153839613765,0.0001322235098967694
2025-02-28,-0.0007418696337343,-0.000688248994165573
2025-03-01,0.0003684972938287,8.108846280383512e-05
2025-03-02,0.000844631925523,0.0008351990413458911
2025-03-03,-0.0009087242260963,-0.0006875325544978484
2025-03-04,0.0001201846118239,-8.245299650826522e-05
2025-03-05,0.0006945082028819,0.0005747986929373017
2025-03-06,-0.0003882042150808,-0.00018649293449685714
2025-03-07,-0.000280287771104,-0.0003866904714327808
2025-03-08,0.0005474366314188,0.0004199687784666468
2025-03-09,-0.0001220839596225,-5.070848528936039e-05
2025-03-10,-0.0002331758546917,-0.00022330583351923844
2025-03-11,0.0002161771501417,8.048765884716423e-05
2025-03-12,0.0001350869913073,0.0001699467442235405
2025-03-13,-0.0001220844474608,-0.00011707825939791189
2025-03-14,0.0005342106464297,0.0005136403265022158
2025-03-15,-0.0001189935389581,-6.345964869007399e-06
2025-03-16,-3.601085572675579e-05,9.827700476361471e-06
2025-03-17,0.000153037181746,0.00010483919201310652
2025-03-18,-0.0002930983527522,-0.0002164583580194776
2025-03-19,0.0004400325472114,0.00033156234056730063
2025-03-20,-0.000305993185589,-0.00017570247779482496
2025-03-21,-0.0006754478319194,-0.0007435150328349265
2025-03-22,0.000557389195158,0.0003244779422157721
2025-03-23,0.0001320697214375,0.00018156010643837457
2025-03-24,-5.401828359231047e-05,3.670664026940647e-05
2025-03-25,1.8006418752156367e-05,-1.0285173940156495e-05
2025-03-26,6.600088844242177e-05,9.167461900663083e-05
2025-03-27,-0.0009617063819709,-0.0009684144315776947
2025-03-28,0.0004304754099005,0.00014934989724963457
2025-03-29,0.0006642926895939,0.0006189448497236783
2025-03-30,8.500238440978892e-05,0.0003289138443170656
2025-03-31,-0.0001150470311147,-5.419646291635589e-05
2025-04-01,2.60506683128889e-05,6.292499887628364e-05
2025-04-02,6.598801542007557e-05,4.059929505482386e-05
2025-04-03,-0.0004801368872866,-0.00041455472755641824
2025-04-04,-0.0003772715782428,-0.0005489039197697412
2025-04-05,0.0001110787646224,-4.5964791912698675e-05
2025-04-06,-0.0004924913958301,-0.0005717837729680646
2025-04-07,0.0001010956767002,-6.466137092711346e-05
2025-04-08,-0.0002322846416403,-0.000346078488267548
2025-04-09,0.0004135031975916,0.0003178819621808832
2025-04-10,-0.0003434301532784,-0.00034499207425988944
2025-04-11,0.0001732515333409,9.751015279807831e-05
2025-04-12,0.0003202841057157,0.0002347115067182724
2025-04-13,-0.0002341767874803,-0.00011943639355262891
2025-04-14,0.0001321003492019,3.38290655097455e-06
2025-04-15,8.710269765544419e-05,0.00011213757662114314
2025-04-16,0.0001060641365697,6.318778176429923e-05
2025-04-17,-5.30306620847344e-05,-5.439689574333053e-06
2025-04-18,-2.905173496777793e-05,-9.805832828794685e-05
2025-04-19,-1.700192017341153e-05,-2.6229658793433684e-05
2025-04-20,9.908431722592384e-05,2.4722488610137185e-05
2025-04-21,2.3024811203530308e-05,4.922576157591125e-05
2025-04-22,0.0002791783847823,0.0002382184117486721
2025-04-23,-0.0001650761984267,-6.985435358536347e-05
2025-04-24,0.0002561307777791,0.0001976602813877739
2025-04-25,6.39777279020076e-05,0.00013728189301958526
2025-04-26,-0.0001940326788363,-0.00016858122445932182
2025-04-27,-0.0001211255300611,-0.00016025017514282675
2025-04-28,0.0001130748052468,3.3066553629086394e-05
2025-04-29,1.4014182890027143e-05,2.935497127707841e-05
2025-04-30,0.0006310906099875,0.0006188670638466245
2025-05-01,0.0002040385577977,0.0004093117619149032
2025-05-02,0.0004806132116507,0.0006322726904089246
2025-05-03,-0.0002977051529446,-6.760631071158288e-05
2025-05-04,-4.706434930622829e-05,-1.4370588894978801e-05
2025-05-05,-0.000128931917215,-0.00011872437925774214
2025-05-06,9.401946257464822e-05,0.0001046668032378542
2025-05-07,0.0002587759862701,0.00029955794234876607
2025-05-08,-0.000682708047645,-0.000534205615788372
2025-05-09,0.0002679431008822,0.00012083887162906258
2025-05-10,-3.801780413554128e-05,1.1850083666535617e-05
2025-05-11,3.5991813415650647e-05,7.502571761488822e-05
2025-05-12,0.0008064965217551,0.0008409687296963696
2025-05-13,-0.0003866083030778,-7.855754106130593e-05
2025-05-14,-0.0001639308329927,-0.0001269005571921828
2025-05-15,-8.793327847736904e-05,-0.00010689038786228835
2025-05-16,0.0004506656686851,0.00046531800008290535
2025-05-17,-0.00014293301671,2.2421451766271806e-05
2025-05-18,-7.385673060338591e-05,8.138309473374589e-06
2025-05-19,-0.0001499935996409,-0.00013480075974763272
2025-05-20,-0.0001139100902694,-8.969239533870735e-05
2025-05-21,0.0002038612956732,0.000178981622034962
2025-05-22,-0.0002338899659058,-0.00011964764699964243
2025-05-23,0.0002279331826069,0.00020617738664923643
2025-05-24,9.49469009872084e-05,0.00020355060652945073
2025-05-25,-0.0001169873077253,-2.1199780882086273e-05
2025-05-26,0.0001459341932301,0.00018858372528458142
2025-05-27,-3.895341118909318e-05,4.690452569443171e-05
2025-05-28,0.0001928462389554,0.00026505772863407714
2025-05-29,-0.0015218040283319,-0.0014112599361302642
2025-05-30,0.0007852385109997,0.00039761309781467525
2025-05-31,0.0010142749876165,0.001075175811808344
2025-06-01,-7.977712414821304e-06,0.0004361443101108666
2025-06-02,-9.788099560169925e-05,4.885424367425874e-05
2025-06-03,0.0002706378168748,0.00039209454773938754
2025-06-04,-4.6906895060256585e-05,8.650575316335505e-05
2025-06-05,-0.0001019169798975,4.5404018263094366e-05
2025-06-06,0.0002038235737828,0.00022907965857180292
2025-06-07,-6.392850676078328e-05,0.00011960571525956997
2025-06-08,-0.0002297954176047,-0.00016543965332257245
2025-06-09,-0.0001817305541102,-0.00013066076443619593
2025-06-10,-0.0001798576366147,-0.00020836917341729877
2025-06-11,6.5872146951345e-05,8.582791445842564e-05
2025-06-12,-0.0003468006424896,-0.00031712551984613345
2025-06-13,-3.395980839130064e-05,-5.079220670903618e-05
2025-06-14,-9.997960495887898e-05,-0.00013366004856027455
2025-06-15,-0.0002319339716074,-0.00019907103141819253
2025-06-16,0.0001059621215609,1.9688817356102063e-05
2025-06-17,-0.000348918793377,-0.00028608133116557195
2025-06-18,0.0003650087972836,0.00025697544647034637
2025-06-19,0.0002608603078059,0.00037614381308829673
2025-06-20,0.0001218862633486,0.00024870960519832267
2025-06-21,8.803958427414441e-05,0.00021917441831426489
2025-06-22,-0.0002488896929326,-0.00015967447324505382
2025-06-23,0.0003687254394836,0.00037495621972317034
2025-06-24,-0.0002987822501254,-0.00017185499279738557
2025-06-25,-0.0003569163726826,-0.0003353231059088815
2025-06-26,-0.0003389799323498,-0.0004545118893380979
2025-06-27,0.0003690158682039,0.00027161027055961
2025-06-28,9.058279780289018e-06,6.545538639517927e-05
2025-06-29,0.000104879369752,0.00019084947552797454
2025-06-30,-0.00011095794318,-7.42133562056284e-05
2025-07-01,-2.9916654705215825e-05,1.5446441392055543e-05
2025-07-02,6.197773332726909e-05,3.9763625532308635e-05
2025-07-03,6.388072041509519e-05,0.0001401490161411777
2025-07-04,-0.0001629277415496,-0.0001383648804327291
2025-07-05,0.0002059495838409,0.00022641809720069296
2025-07-06,-0.0003019070164822,-0.0002559097369209877
2025-07-07,-4.0530631799888506e-06,-1.3180943240859238e-05
2025-07-08,0.0008536415286135,0.0008084703241604433
2025-07-09,0.0001039743635648,0.0004318136070809005
2025-07-10,-0.0001519753402688,3.398337033628379e-06
2025-07-11,-0.000122811994586,-4.092867818363596e-05
2025-07-12,-0.0002379241445433,-0.00023866393599520093
2025-07-13,0.0002498367347217,0.00024293859697287266
2025-07-14,-0.0001688146457921,-9.244535970365603e-05
2025-07-15,0.0002407636735107,0.0002913014126541392
2025-07-16,-0.0001368743650925,-5.0901752183401156e-05
2025-07-17,0.0004246187205117,0.0004994579253345823
2025-07-18,0.0005263245424744,0.0006765768701975621
2025-07-19,-0.0003215238711555,1.0883961784208479e-05
2025-07-20,-0.0002407641881213,-0.00020636313231960546
2025-07-21,0.0002687424186786,0.0002999279791714551
2025-07-22,-0.0002396857021093,-0.00012627699096976069
2025-07-23,0.0002126599348244,0.00028074344896369767
2025-07-24,0.0001078605970689,0.00020504257482029722
2025-07-25,-0.0004734350179806,-0.00029046849781504217
2025-07-26,0.0001848282674372,0.00010969448523161964
2025-07-27,0.0001178816314992,0.00023842846804259416
2025-07-28,-0.0003696471174484,-0.0002647726079735962
2025-07-29,-0.000135913012546,-0.00013032232171170628
2025-07-30,0.0003137274732127,0.0002796747066084707
2025-07-31,-0.0003497040355584,-0.0001833457690943755
2025-08-01,-0.0002758235987969,-0.00030754644251902046
2025-08-02,0.0002259069530327,0.0001814144525864512
2025-08-03,0.0002407444291532,0.00030726407009581833
2025-08-04,-1.8938208497258765e-05,0.000143882724384028
2025-08-05,-7.587553913836068e-05,-3.0556527775048244e-06
2025-08-06,0.0001108930770921,0.00017407209508896643
2025-08-07,0.0001457741227789,0.0002255734272334266
2025-08-08,-0.0004235659984144,-0.0002815099401291014
2025-08-09,0.0004066553842288,0.00035104041441449166
2025-08-10,-0.0001139754711014,4.262016108795372e-05
2025-08-11,-0.0002516971854352,-0.0001807513497785391
2025-08-12,-0.0001909890695839,-0.0002097105477273425
2025-08-13,0.0003688394121465,0.00034142423370067475
2025-08-14,0.0004104955198176,0.0005455394154083269
2025-08-15,1.297781811106062e-05,0.000249407224555292
2025-08-16,-4.083902406254013e-05,9.486969994105846e-05
2025-08-17,3.595747921312869e-05,0.0001329804942928155
2025-08-18,7.583984747086547e-05,0.00017354779441190906
2025-08-19,-0.0007902309999657,-0.0006658433251273836
2025-08-20,0.0002717384037228,0.0001169046277988983
2025-08-21,-0.0002457645974709,-0.00018903974409189206
2025-08-22,-9.901385898280704e-05,-9.261067041775515e-05
2025-08-23,-9.389945496359192e-05,-0.00011839056218966454
2025-08-24,0.0002348512467651,0.00025306063450496354
2025-08-25,9.39965343490826e-05,0.000175113283827416
2025-08-26,0.0002647868365314,0.0003891546988908182
2025-08-27,-0.0001898580322618,-5.4294416332600074e-05
2025-08-28,0.000200814861165,0.0002675594909129826
2025-08-29,-0.0004476603745359,-0.0003573514847915194
2025-08-30,7.994554175911044e-05,5.763401190285819e-05
2025-08-31,0.0001259221160868,0.000125016386103017
2025-09-01,-3.800131432589264e-05,9.235623921679043e-05
2025-09-02,5.0032777435933865e-05,7.159505494195376e-05
2025-09-03,0.0006442461304887,0.0007528721844175593
2025-09-04,-0.0004764163578436,-0.00023500979918796502
2025-09-05,-0.0001498424096605,-0.00010195727310091844
2025-09-06,0.0002397608977185,0.00018641305262617617
2025-09-07,-0.0002237988730425,-5.722231792270916e-05
2025-09-08,-9.601423019271e-05,-0.00011807274311370553
2025-09-09,0.0003906703213855,0.0004427843646290725
2025-09-10,-0.0002707135318929,-0.00013598623871260138
2025-09-11,0.0001359018750059,0.0002019059356244837
2025-09-12,0.0004165236340927,0.0004641732234398961
2025-09-13,-0.0002007384466941,6.165427316700151e-05
2025-09-14,2.8934539179295383e-05,6.300383355052183e-05
2025-09-15,-0.0001099080696909,1.172409266040093e-05
2025-09-16,0.0002846882227779,0.00030664111313551096
2025-09-17,-0.0002456295836093,-5.4975006163716206e-05
2025-09-18,-0.0001419521133122,-0.000122291977110077
2025-09-19,0.0002607857859615,0.00029817706828896444
2025-09-20,-0.0002986589663115,-0.00017443559441041983
2025-09-21,-0.0007386946696187,-0.0007055573078144054
2025-09-22,0.0012460523490239,0.0010312076796057312
2025-09-23,-0.0006263459646784,-0.00025554742443308325
2025-09-24,0.0001518594296755,0.00015303800392075986
2025-09-25,-0.0013655980107459,-0.0013054936113370955
2025-09-26,0.000842032331947,0.0005072379544706887
2025-09-27,-6.1011147780418086e-05,3.0302832521259473e-05
2025-09-28,0.0005815994123504,0.0007112653207421373
2025-09-29,0.0003396062481607,0.0005044978502879583
2025-09-30,-0.000390580954832,-7.620082538292011e-05
2025-10-01,0.0003546253036237,0.00030070500493777227
2025-10-02,-0.0002517257636153,-2.816730194105628e-05
2025-10-03,-0.0006995444073632,-0.0007127864692685992
2025-10-04,0.000262982216256,0.0001416628849704845
2025-10-05,-0.000774905543719,-0.0007756041218350093
2025-10-06,0.0003040624428553,0.00016524888233059062
2025-10-07,-4.505811424686939e-05,-8.144322701064997e-05
2025-10-08,0.0002879555119099,0.00037732078470150527
2025-10-09,0.0001949426682886,0.00023214220471001447
2025-10-10,-0.0015564298269804,-0.001354441310376391
2025-10-11,0.0013165591629477,0.0008166662905559185
2025-10-12,0.000302778035451,0.0005919609005005445
2025-10-13,-5.397142410988847e-05,0.0001452496455101316
2025-10-14,-0.0004328298655345,-0.0003321781837449761
2025-10-15,7.69983057177397e-05,-1.7887380314272493e-05
2025-10-16,-0.000600052369085,-0.0005795504831438912
2025-10-17,9.958108266006852e-06,-0.00016401885678125961
2025-10-18,-5.1997921764503833e-05,-0.00011766031659683333
2025-10-19,8.205053351462973e-05,5.0266191100317505e-05
2025-10-20,-0.0002141445685577,-0.00021508509370016292
2025-10-21,0.0002381144566553,0.00017814770380684318
2025-10-22,-0.0002971598712443,-0.00026870210270050934
2025-10-23,0.0001851165798414,0.0001194686437132208
2025-10-24,-0.0001711004335388,-0.00017656293369356507
2025-10-25,-0.0002261312604667,-0.00025508802199437696
2025-10-26,0.0001140562384391,-1.9488557134562972e-05
2025-10-27,-0.0001821263322873,-0.00017872547621808747
2025-10-28,0.0002461877816738,0.00014375249001863773
2025-10-29,0.0001100997560965,0.00015343743670506605
2025-10-30,-0.0001601436847152,-0.00013991547709592332
2025-10-31,-0.0002812230704492,-0.00032113072691366385
2025-11-01,-7.106399661955089e-05,-0.00021115203603743374
2025-11-02,0.000595444870434,0.0005121977277704128
2025-11-03,-0.000359240728938,-0.0002370221006779178
2025-11-04,-3.80012953297308e-05,-9.453917773225221e-05
2025-11-05,0.0001871290029077,9.893745701022992e-05
2025-11-06,-0.0002902826559734,-0.0002452370415917821
2025-11-07,-0.0001281067109769,-0.0002516747527541535
2025-11-08,6.706862495244829e-05,-1.9644378870515232e-05
2025-11-09,0.0002402525389684,0.00018027275167888795
2025-11-10,-0.0001171062073206,-6.362768395756647e-05
2025-11-11,-0.0001281584221228,-0.0001851906533774337
2025-11-12,0.0001431330319562,7.289117988458263e-05
2025-11-13,-6.705936169995336e-05,-8.746145474059148e-05
2025-11-14,-0.000423520497588,-0.000455633335357288
2025-11-15,0.0001702771585662,-2.259229987817564e-05
2025-11-16,-0.0003405236175884,-0.00038014856634777886
2025-11-17,-0.0001482430853778,-0.0003102083351682769
2025-11-18,0.0005808463358609,0.00042702585709467956
2025-11-19,-0.0005037070383121,-0.00041803308520297223
2025-11-20,-0.0001031721681095,-0.00025757807976667146
2025-11-21,0.0003315102093326,0.0001709879784134921
2025-11-22,0.0001402005837541,0.00016404529463672794
2025-11-23,0.0002983606714506,0.000294657733836381
2025-11-24,-2.201597542509444e-05,5.3196293571587176e-05
2025-11-25,-9.809332597344534e-05,-0.00011465739426444791
2025-11-26,0.0004513643647095,0.0003967749241485872
2025-11-27,9.208528201004595e-05,0.00018224626859293772
2025-11-28,-2.027693401546399e-06,6.675830141530407e-05
2025-11-29,9.004947896956267e-05,8.608364917208381e-05
2025-11-30,-7.70484573157009e-05,-3.794445115997695e-05
2025-12-01,-0.0001160609718612,-0.00014598845258906003
2025-12-02,0.0001931094291769,0.00015270210420332563
2025-12-03,-5.402871430685669e-05,-2.9162660911588356e-05
2025-12-04,-8.104854517079784e-05,-7.381314496679286e-05
2025-12-05,0.0001620905220072,0.00011358026974867281
2025-12-06,5.402433600873197e-05,0.00010095262397842927
2025-12-07,0.000136061609288,0.00015475073184387532
2025-12-08,-0.00037120205938,-0.00030663242770825124
2025-12-09,-2.499027750103584e-05,-0.0001272892152598411
2025-12-10,0.0002220874042333,0.00017330597277497966
2025-12-11,-0.0001810535784585,-0.000133392234659387
2025-12-12,2.2007273911858467e-05,-1.5954145924965006e-05
2025-12-13,0.0001730592957824,0.00015073879787219253
2025-12-14,-4.901651231322692e-05,4.284270873997591e-06
2025-12-15,-0.0002331296575546,-0.00023721566506601705
2025-12-16,3.202947427649453e-05,-4.153615428801062e-05
2025-12-17,-0.0001981578248253,-0.00023139455609012686
2025-12-18,-0.0002262414022107,-0.0002992011159025544
2025-12-19,-5.406208871091482e-05,-0.0001827874187627548
2025-12-20,0.0001151618583288,4.01553387539588e-05
2025-12-21,6.903108785264681e-05,4.403069589545066e-05
2025-12-22,-0.0003583929997175,-0.0003549258521095705
2025-12-23,-3.706394692127007e-05,-0.0001835402889670342
2025-12-24,-1.802515344557533e-05,-0.00011039087174858061
2025-12-25,1.903980474170729e-05,-5.432821826962057e-05
2025-12-26,-0.0001141248822311,-0.0001673719066878301
2025-12-27,7.407521705978296e-05,-1.6919797072863636e-05
2025-12-28,1.0146909038123797e-06,-4.717749406174092e-05
2025-12-29,-0.0003895976173381,-0.00043828229119445984
2025-12-30,0.0001672363263647,-1.619840048095345e-05
2025-12-31,-0.0001973310872453,-0.00026061858702601103
2026-01-01,0.0002144054113606,9.430840777393665e-05
2026-01-02,0.0009219983592207,0.0008835129355832881
2026-01-03,0.0001701524413122,0.0004308459909733559
2026-01-04,-0.0001411057937362,-8.582024445167767e-06
2026-01-05,0.0002581023456915,0.00025305480642693
2026-01-06,-0.0001300566493652,-5.824959662896344e-05
2026-01-07,-0.0001100336200039,-0.00011482299184365137
2026-01-08,0.0001340664527905,8.256098227633035e-05
2026-01-09,-0.0003272062218653,-0.00029483588013046104
2026-01-10,-0.0001091124236374,-0.00021096974624702802
2026-01-11,-0.0002032230490332,-0.0002857665817851913
2026-01-12,0.0005754926155059,0.00046608145049176946
2026-01-13,0.000444144248107,0.0005654968605582958
2026-01-14,0.0001390638241114,0.00033830676312987057
2026-01-15,-0.0002610362725585,-0.0001453728460169286
2026-01-16,-2.9034734875412388e-05,-4.425953164835549e-05
2026-01-17,0.0002200348505688,0.00020006077465433453
2026-01-18,-0.0001530237164411,-6.137473838400356e-05
2026-01-19,-0.000215059656034,-0.00022629390992485288
2026-01-20,-0.0005413417689626,-0.000595617443628883
2026-01-21,0.0002581819009621,5.9810004066053414e-05
2026-01-22,-5.010289882857364e-06,-4.6523759306943996e-06
2026-01-23,-0.0005975974446313,-0.0005958167118124374
2026-01-24,-0.0003314697022543,-0.0005418593850411556
2026-01-25,0.0004476043498261,0.0002372370826451386
2026-01-26,-2.983763552256384e-06,2.7831218645198123e-05
2026-01-27,-5.5081874326577945e-05,-5.880234387929777e-05
2026-01-28,-0.0002282968832708,-0.0002887562359981914
2026-01-29,-0.0001943172276335,-0.00030373994225579544
2026-01-30,-3.606178985084249e-05,-0.00018952930090411092
2026-01-31,0.0003325072816597,0.00023898211146370892
2026-02-01,0.0002703418372603,0.000288110883454055
2026-02-02,0.0,8.009129823218453e-05
2026-02-03,-0.0005727577342485,-0.0005839690320409521
2026-02-04,-0.0004718941501571,-0.0006703878220385374
2026-02-05,-0.000322786305157,-0.0006107838190246883
2026-02-06,0.0010249928507985,0.000779717618233711
2026-02-07,0.0003164288612625,0.00047080207691678326
2026-02-08,-0.0001972340747264,-3.485054947525743e-05
2026-02-09,3.9032159998137394e-05,-3.607140242564995e-05
2026-02-10,5.007113653365206e-05,4.0396840950734786e-05
2026-02-11,-8.009114878323596e-05,-0.00012610228167414132
2026-02-12,-0.0001151944940931,-0.00015229610623709248
2026-02-13,0.0004155330649818,0.0003051321367993344
2026-02-14,-4.105029813653818e-05,5.13589929781245e-05
2026-02-15,-0.0001111067884168,-0.00012867560560152636
2026-02-16,1.969239582611448e-06,-4.500622593259757e-05
2026-02-17,0.0004034333051857,0.000349660929305471
2026-02-18,-2.105660053073027e-05,8.489506792030059e-05
2026-02-19,-3.901255059301145e-05,-2.4118768559563507e-05
2026-02-20,-0.0001020721451699,-0.00011381976816916288
2026-02-21,1.7002804657782148e-05,-3.325392365926796e-05
2026-02-22,-0.0002242216154257,-0.0002456663181107755
2026-02-23,0.0001151003449239,2.2299628197899716e-05
2026-02-24,0.000334306587784,0.0003164888914558247
2026-02-25,6.101499792888208e-05,0.00015456190129672904
2026-02-26,2.1053187180460195e-05,6.85325912927518e-05
2026-02-27,-0.0001471430234331,-0.00012552952086654058
2026-02-28,0.0001691499889069,0.00012950267862488912
2026-03-01,-3.304045022148425e-05,-4.9652911835693396e-09
2026-03-02,-0.0001631308578816,-0.00015304782411990005
2026-03-03,0.0002971943604091,0.00023899828307734808
2026-03-04,-9.804111592239913e-05,-2.139847310931152e-05
2026-03-05,-0.0002171678629325,-0.00021532756178195995
2026-03-06,1.5032088139858152e-05,-5.824729446049909e-05
2026-03-07,-4.70655059767465e-05,-7.149744415877445e-05
2026-03-08,0.0001461404024146,0.00011782864637901216
2026-03-09,0.0001200577459517,0.00014914843017462613
2026-03-10,0.0003471499897512,0.0003988131449338593
2026-03-11,-1.901798006990896e-05,0.00011068632949947645
2026-03-12,7.601013674842787e-05,0.00013919346679961764
2026-03-13,0.0003420039329813,0.00039212462710276337
2026-03-14,-9.201604661455532e-05,6.763146128963263e-05
2026-03-15,-5.793154352708223e-05,-6.932034389954928e-06
2026-03-16,-0.000135067434082,-0.00010609283282052344
2026-03-17,0.0002040842608051,0.00019559139506916088
2026-03-18,-0.0006392136494989,-0.0005539886143808941
2026-03-19,0.0001911153548578,4.881995736022982e-05
2026-03-20,0.0003370015142116,0.0003365040521250289
2026-03-21,-0.0001439554409431,5.490964596127911e-06
2026-03-22,-0.0003130777539053,-0.0003040275547191596
2026-03-23,-0.0001090725752045,-0.000173167191044549
2026-03-24,-5.802978850188013e-05,-0.00012615905570137261
2026-03-25,8.301794074949144e-05,6.427817301548525e-05
2026-03-26,-0.0002831958587874,-0.0002793297884843118
2026-03-27,2.905094990994354e-05,-3.662226815312335e-05
2026-03-28,-0.0001521241909031,-0.00019684881052429594
2026-03-29,-6.008051566521366e-05,-0.00010218053662117881
2026-03-30,0.0001531474747247,7.890234628293307e-05
2026-03-31,-0.0001171106646706,-7.77377287123534e-05
2026-04-01,0.0003162806472453,0.0002604143376191245
2026-04-02,0.0001280467196338,0.00021874935394475923
2026-04-03,1.2046402264583012e-05,7.274492971906941e-05
2026-04-04,7.79999245442061e-05,0.0001190971539642913
2026-04-05,-8.801870438929584e-05,-5.518139955739393e-05
2026-04-06,0.0001910551491506,0.0001959686922763315
2026-04-07,-1.001696623664696e-05,4.4393206504655423e-05
2026-04-08,0.0002310801774433,0.0002787515620166306
2026-04-09,-0.0002170683776593,-0.00013291436274428544
2026-04-10,-3.994833547365303e-06,2.580075792647363e-07
2026-04-11,-1.1984596395158992e-05,-2.700576338240353e-05
2026-04-12,-0.0002511133065827,-0.00021652020210599074
2026-04-13,0.0007051158690991,0.0006206992124742992
2026-04-14,-0.0002499858896759,-2.388939186059687e-05
2026-04-15,1.5022376187288685e-05,3.6234504826894804e-05
2026-04-16,-0.0002040136077355,-0.0001754675302049153
2026-04-17,0.0002810295476887,0.00025313578840198143
2026-04-18,-0.0003320692673343,-0.00024582720104772925
2026-04-19,-7.203244802526899e-05,-0.00010796924380018194
2026-04-20,0.0001790578360698,0.00013126526421720525
2026-04-21,-0.0003351260621154,-0.0002585148714055411
2026-04-22,1.4969770159736534e-05,-7.025843088230986e-05
2026-04-23,0.0001180803711242,0.00010856722053356285
2026-04-24,-0.0001080608891957,-7.634487231668457e-05
2026-04-25,-0.0001070585874817,-0.0001123656448379307
2026-04-26,0.0002601414010206,0.0002154734043111029
2026-04-27,-0.0002791686113336,-0.0001985701886321932
2026-04-28,-0.0001361237064757,-0.00019290445505314814
2026-04-29,6.007089620275964e-05,-6.70519542130644e-06
2026-04-30,-0.0001771210813347,-0.0001832072143968834
2026-05-01,0.0001370941027879,7.507210962148833e-05
