date,resid_BTC,resid_ETH,resid_USDe,resid_USDC
2024-02-21,-0.009064605405065,-0.0140817899121473,4.94881852007069e-05,0.0001002093566331
2024-02-22,-0.0115738360992701,0.0005594167758135,-0.0008378321181156,3.0180333547611232e-05
2024-02-23,-0.0125703281753569,-0.0164097416710734,0.0003693951744925,2.77758359873992e-05
2024-02-24,0.0146519538123448,0.0242597121982883,-4.042011454505642e-05,0.0001210505372994
2024-02-25,0.0037890208987641,0.039758567541259,8.165539298318009e-05,-0.0001648611435342
2024-02-26,0.0522086663376595,0.0214150340459739,0.0008673194316675,-2.0396798998174832e-05
2024-02-27,0.0500669871499357,0.0207425015982562,-5.44659498217485e-05,-7.605699446577667e-05
2024-02-28,0.0931366209073965,0.0429346065401128,0.001087576396306,-1.3526836731350131e-05
2024-02-29,-0.0130380681228035,-0.0126764361390014,-0.0009723551533187,-0.0002238427882308
2024-03-01,0.0182881423507564,0.0278272244657686,0.0003332217067286,2.8795227911412996e-05
2024-03-02,-0.0043416674152074,-0.0034529162082518,1.32097137500382e-05,-0.0001643865804371
2024-03-03,0.014779029262992,0.0202866673646952,-0.0002486288482661,-6.442292413252781e-06
2024-03-04,0.0811895065045413,0.0395057330383925,0.0006725991901009,5.06793826296618e-06
2024-03-05,-0.0630657409001405,-0.0206670632539706,0.0001557958178842,7.96831349344044e-05
2024-03-06,0.0284591555080177,0.0720427495169546,-0.0003431918476205,-0.000141421254908
2024-03-07,0.0185998895132312,0.0146694213765721,0.0005557950341198,-0.0001836382300971
2024-03-08,0.0153288291228479,0.0049015317123595,0.0007807118363323,2.1939432100367512e-05
2024-03-09,0.0064116371510052,0.006323474767093,0.0005158816165971,0.000139293506202
2024-03-10,0.0102215488009809,-0.0084397365605061,-0.0011079611539944,7.206093844713383e-05
2024-03-11,0.0394757030328469,0.0469665470695035,-0.0010292457623076,3.5465930320537614e-05
2024-03-12,-0.0045688808822018,-0.0210787245490708,-0.0001779096098562,2.8511755709553385e-05
2024-03-13,0.023725188626858,0.0068968460925835,0.0004235113622302,-0.0001592514253788
2024-03-14,-0.0248568022357205,-0.0309231274798415,-0.001301871294985,4.660455314133237e-05
2024-03-15,-0.0310749332285996,-0.0384974389704738,9.225209393884848e-05,0.0001120901304085
2024-03-16,-0.0595029481310203,-0.0581935992788002,-0.0006392683039721,0.0001824663889133
2024-03-17,0.0369948090598817,0.0337131946596735,2.4606633205850832e-05,0.0001871430650341
2024-03-18,-0.0101129128480719,-0.0344179974837947,0.0003038644794749,-8.059980665599937e-05
2024-03-19,-0.0867378477717742,-0.1077304280530368,-0.0003602596796603,0.0001537709002522
2024-03-20,0.0861331024103721,0.1071042454460859,0.0005973340551062,0.0001700816111793
2024-03-21,-0.0324682612796923,-0.0054838193334811,-9.50599560374334e-05,9.586154332427016e-05
2024-03-22,-0.0316165650712149,-0.0463392673157462,-2.216891881048578e-05,2.956795435772264e-05
2024-03-23,0.0097174475617667,0.0012113164554674,6.495677552699792e-05,0.0001807463326923
2024-03-24,0.0411192707186785,0.0351066972122351,-0.0001109328655793,8.738252895565979e-05
2024-03-25,0.0411304357472616,0.0390211056679416,0.0002077747383335,-0.0001368822863121
2024-03-26,0.0108031858345357,-0.000601423690414,-0.0001939552528568,4.204488330672357e-05
2024-03-27,-0.0128252802617582,-0.0243210629249298,-0.0003257842897127,2.854548315465162e-05
2024-03-28,0.0157643661980114,0.0176680417114878,0.0001144945142477,-1.2724548662628916e-05
2024-03-29,-0.0053892701714817,-0.0136534810002261,0.0006496225912171,-0.000157991710389
2024-03-30,-0.0096738119014471,-0.0007602846502302,0.0001513540773533,-4.2349940221040426e-05
2024-03-31,0.0228778117074118,0.0394495003506436,-0.0004355123406632,-1.782709088217922e-05
2024-04-01,-0.0177026985117792,-0.0396006446522269,0.0002090420230262,3.987897611725164e-05
2024-04-02,-0.0693292884437346,-0.0668591379840039,0.001867211841561,-2.600754957942282e-05
2024-04-03,0.0040535801367117,0.0107237365168601,-0.0011918629391521,-9.050623647118066e-06
2024-04-04,0.0399411994797139,0.0059407492355771,-0.0004670468197623,2.7781729449027705e-05
2024-04-05,-0.0133527441812266,-0.0030155274793505,-0.0001111580727677,-0.0001624945330615
2024-04-06,0.0176910730173462,0.0109195009462987,-0.0001127230814149,8.296187056799609e-05
2024-04-07,0.0108104268832636,0.0295181680122042,0.0002249240083779,-0.0001013913827658
2024-04-08,0.0250083760839167,0.0680131059554438,-0.0002444806896685,0.0002382004421492
2024-04-09,-0.029455936226678,-0.0524826673487891,-0.0006092802314074,-6.44294339083095e-05
2024-04-10,0.0203928174527948,0.0112847057373224,0.0001634307609975,0.0001734776523999
2024-04-11,-0.0117389409145248,-0.0105806322113811,9.048123618153814e-05,0.0002500436026467
2024-04-12,-0.0418721127228553,-0.0774116379652324,-0.0013623575760926,-0.000122093192047
2024-04-13,-0.0502685055554176,-0.0759251859203865,-0.0008171907594732,-8.767907165911144e-05
2024-04-14,0.0196945870306254,0.0496993717293869,-0.0004076330478222,0.0002542814253885
2024-04-15,-0.0346257311634755,-0.0173455993897101,0.0004907596910641,5.405870109241194e-05
2024-04-16,0.0065028785678746,-0.0050524515050424,0.0004624156145823,-7.011499473164849e-05
2024-04-17,-0.0423949686472757,-0.0326773257629452,0.0006022943618575,-5.868282160777023e-05
2024-04-18,0.0292877149978233,0.0272142995959823,5.899723758507941e-05,0.0001063087283912
2024-04-19,0.0123262968037219,-0.0018636663372896,-6.626473999941777e-05,1.7583925545943188e-06
2024-04-20,0.0138924160868889,0.0319817208456833,-0.0007705512246373,-8.96302834037558e-06
2024-04-21,-5.963990269790818e-05,-0.0029395593657267,-0.0005538144862147,-6.625557759372687e-05
2024-04-22,0.0318445945210304,0.0174656327954829,-0.000152925400641,-5.301295913879387e-06
2024-04-23,-0.0078092139902524,0.0060269417700628,-0.0005430693450099,-6.756062870289583e-05
2024-04-24,-0.0342703433206005,-0.0248531730865765,-0.0012879252722485,0.0004069744379462
2024-04-25,0.0048188276436907,0.0056460703863672,0.0006547352902088,-0.0001570925312542
2024-04-26,-0.0155004856775453,-0.0080411948270332,-0.0009700364604827,3.075721396448093e-05
2024-04-27,-0.0084620877607021,0.0385762501901483,-0.0004378107098394,-7.411354890808297e-05
2024-04-28,-0.0001735110923647,0.0035960263608758,-0.0004448288419246,1.2513495999462978e-06
2024-04-29,0.0064486342905982,-0.0142771965347422,-0.0003165259003636,-7.493211447558887e-05
2024-04-30,-0.0526638187542961,-0.0649212384846543,0.0004096085346622,-0.0001220301368188
2024-05-01,-0.0392827430940992,-0.0138701112033602,-0.0009623398833801,-7.795332518574478e-05
2024-05-02,0.0085787457051692,0.0065111828798867,0.0007314368865062,6.321744538849749e-05
2024-05-03,0.0584495321811751,0.038223380996001,0.0005039293982836,0.000109108156414
2024-05-04,0.0244140027229365,0.0048518600169111,0.0002738436175911,1.712738881815862e-05
2024-05-05,0.0020339697697964,0.006630385665195,-0.0001836438821143,0.0001601642327069
2024-05-06,-0.0154781661992979,-0.0237000514188868,6.448112695000484e-06,-8.938065042101746e-05
2024-05-07,-0.0120258437330221,-0.0181640112691675,3.8086324891647386e-05,-0.0002072389216014
2024-05-08,-0.0211647349956694,-0.0106696998626986,0.0003439453716832,-0.0001209016125652
2024-05-09,0.0261773056527263,0.0210950168601342,0.0011568343793454,4.120871640738486e-05
2024-05-10,-0.0323558276287451,-0.0421262806562145,0.0001392738710895,5.460575677316444e-05
2024-05-11,-0.0046443148225376,0.000962103201117,-0.0010675503626568,-8.45483816211157e-05
2024-05-12,0.010636805488698,0.00619581333515,0.0005616636176452,3.2991081295207013e-06
2024-05-13,0.0231292664814054,0.0073687669081496,0.0006412804327894,-1.7448349270514433e-05
2024-05-14,-0.0205936462334258,-0.0230557989358076,-0.0001870571927413,7.487119776765126e-05
2024-05-15,0.0724816374896947,0.0530365408095734,0.0003201828569443,7.502788935917036e-05
2024-05-16,-0.0106842460819941,-0.0303955154814775,4.429033351681436e-05,-8.548487282507027e-05
2024-05-17,0.0235459988537532,0.0496897543159675,0.0006837795573376,-1.0304073784459149e-05
2024-05-18,0.0046692014670987,0.0096146261584821,0.0001733209156381,3.93091637103284e-05
2024-05-19,-0.013962578999952,-0.0161600394927604,-0.0003466413134043,-9.428455305264316e-05
2024-05-20,0.0735660698148803,0.1765782739631427,0.0003444183662703,-0.0001160790783789
2024-05-21,-0.010256485351945,0.0340086560815764,-0.0002149313877909,3.0939355953626136e-05
2024-05-22,-0.020308312774437,-0.0135032577475497,-0.0005171387327117,-0.0001671604275829
2024-05-23,-0.0154432058917689,0.0109093446122725,-0.0001297644845512,0.0001054714462882
2024-05-24,0.0065067826700228,-0.0129847292779318,0.0002088853563464,4.538748421112143e-05
2024-05-25,0.0074221165611686,0.0063061609377965,9.762814335743808e-05,-0.0001011981812128
2024-05-26,-0.0076406966176136,0.0205808187018641,-0.0004209509121015,-4.127732939415111e-05
2024-05-27,0.0119721167076226,0.0174718378240965,-0.0003520863681012,3.369508111969234e-05
2024-05-28,-0.0185011312685835,-0.0130458119938926,-0.0003346903167291,-1.0409709492214214e-05
2024-05-29,-0.0104776746230338,-0.0199303963662666,-0.0001171055727687,4.847593055493475e-05
2024-05-30,0.0118774857563334,-0.004013368152819,0.0006998103980943,-2.4461024138940387e-05
2024-05-31,-0.0163819869545977,0.0038506392893375,-0.0005734562214115,9.05692621465652e-05
2024-06-01,0.0034261817095492,0.014382415036138,0.0001300407440808,1.4444177452527186e-06
2024-06-02,0.0028028227241922,-0.0081674580230882,0.0016646293277787,-0.0001023164189152
2024-06-03,0.0104061323467831,-0.0035042703431626,-0.0005275156694117,-2.881993757000348e-05
2024-06-04,0.0280496298454709,0.0125125314431853,-1.1527676045085378e-05,0.0001158952735741
2024-06-05,0.0106224727157105,0.0138211399545917,1.4155372499417402e-05,4.282694318954474e-06
2024-06-06,-0.0082432978718147,-0.0133798585932326,-0.0002045712171271,-0.0001852962717923
2024-06-07,-0.0185634317092224,-0.0351704548978892,-0.0001106989792122,0.0001228105434864
2024-06-08,-0.00122402534184,0.0009706756365532,2.808853278623456e-06,-1.2955103375295426e-05
2024-06-09,0.0006452572123417,0.0070963013270437,-0.0005049381941134,-4.157156417956903e-05
2024-06-10,-0.0005659044360164,-0.0102903291165434,-0.0001025329189401,-6.285153085963012e-05
2024-06-11,-0.030642255730241,-0.0466709948214491,9.533600619810882e-05,9.860143331833896e-05
2024-06-12,0.0074407103704765,0.0177072581384043,0.0003672036516015,-4.36522572641873e-05
2024-06-13,-0.020233989809439,-0.0253657175521838,-6.513655460574781e-05,-2.060740078453179e-06
2024-06-14,-0.0130131203743509,0.0035029910177948,-0.0009570965009701,-7.485460551971694e-05
2024-06-15,0.0004173995023612,0.0245477397841324,0.0001413743092165,0.0001055331595125
2024-06-16,0.0062069170174347,0.0156514609787288,5.556020188736395e-05,-4.7178087514812415e-05
2024-06-17,-0.0016665722859684,-0.0302808719557782,0.0003316171916917,7.728747459033396e-05
2024-06-18,-0.0215764884026759,-0.007579216767006,-0.0001938424182721,1.1155708846111542e-05
2024-06-19,-0.004753757617781,0.0218275968307286,-7.766333233573938e-05,9.942837591617704e-05
2024-06-20,-0.0024365212050789,-0.0133115780246556,3.117646732668321e-05,1.7267625947164424e-05
2024-06-21,-0.0132002900572492,0.0017598405666416,2.270157238014065e-05,1.822124741494182e-05
2024-06-22,0.0017757722830687,-0.0057255123009395,-0.0002147712486157,-2.257417256217107e-05
2024-06-23,-0.0168049539592176,-0.0217054514093463,-0.0001641084236055,-6.596209674377433e-05
2024-06-24,-0.050288294681143,-0.0198577152786986,-0.0006249724697789,4.874026997802e-05
2024-06-25,0.0223778196807398,0.0136154410447912,0.0002197329914684,-6.934670353973671e-06
2024-06-26,-0.015178877886372,-0.00721470434865,-2.8924620245213787e-05,-0.0001874003926477
2024-06-27,0.0082936111505206,0.0224483637391512,-0.0005244849883128,-0.0001627062018542
2024-06-28,-0.0165318260306384,-0.0205349259508499,-0.0006665500665516,7.817887927260807e-05
2024-06-29,0.0053576655057495,0.0001418984891364,-0.0004368412199222,-0.0001778844891343
2024-06-30,0.0277024475814231,0.017949212771185,-0.0001386372078306,2.6747226406830736e-06
2024-07-01,0.0066330646291132,0.0025085148340957,-0.0003903081418083,-2.348145000028536e-05
2024-07-02,-0.0142561337930111,-0.0066566518159591,-0.000529111032823,-6.7296530716873e-05
2024-07-03,-0.0322312062324756,-0.0364604073193285,-0.0002262089381654,-3.643918897649082e-05
2024-07-04,-0.0560644397192247,-0.0748106278025898,-3.5017376107588494e-05,-1.2765131302583812e-05
2024-07-05,-0.0111980311927247,-0.02382350881466,0.0002170772732026,6.936853837676086e-05
2024-07-06,0.0267146622340053,0.0293552888216621,4.3719483728167175e-05,-2.045547556393927e-05
2024-07-07,-0.0416178315204735,-0.0463416683414498,-0.0002419502213806,-3.712251205643613e-05
2024-07-08,0.0121576692722189,0.030383584034755,-0.0001854094140591,-1.4966241697859676e-05
2024-07-09,0.0241820929807169,0.0152351421612644,-9.483570537764924e-05,3.483696403031137e-05
2024-07-10,-0.006707558921785,0.0127255597808859,9.099467682480473e-06,-7.855822686549867e-06
2024-07-11,-0.0050741947868258,-0.0002687752486069,-0.0002114107229561,5.563589799752605e-05
2024-07-12,0.009869705537875,0.011191946356664,0.0001938377120027,4.130938818027533e-05
2024-07-13,0.0189457909659076,0.0139791152914569,6.442231215005923e-05,0.000160218776978
2024-07-14,0.0293131209429503,0.0211716008755364,7.36848026925557e-05,-4.74577575402265e-05
2024-07-15,0.0680578117916339,0.0732820389094166,8.168635280158958e-05,0.0001114500900621
2024-07-16,0.0044829904949009,-0.0129412890612813,4.9923616509268064e-05,0.0001420055478657
2024-07-17,-0.0134012308188852,-0.0156904660016704,-0.0005080050085919,7.708290749895056e-05
2024-07-18,-0.0003990512658719,0.0113470074763577,-0.0001922062277317,-7.385647592622178e-05
2024-07-19,0.0360770350045809,0.0232712845046838,0.0009712687199945,9.14922437223942e-06
2024-07-20,0.0103037533609959,0.0042006292347804,0.0004824049332866,4.759489613997509e-05
2024-07-21,0.0180329203395383,0.0052465451248726,7.367744664962239e-05,1.669061199015015e-05
2024-07-22,-0.0106462557165644,-0.027233838557443,-0.0002635186195575,2.0821197610751407e-05
2024-07-23,-0.0263665126184759,0.0123521023035786,-0.0003609354725381,-5.928550370943498e-05
2024-07-24,-0.0071826116769581,-0.0423914576440049,-0.0003702491644729,-0.0001272938243979
2024-07-25,0.0017002966522048,-0.0494069962807463,-0.0010490928160228,4.09831560782845e-05
2024-07-26,0.0307397153493603,0.0318211016264393,-0.0001425449331888,0.0001790444526484
2024-07-27,0.0041295320766487,-0.0083496507466326,-7.773787564498854e-05,2.459347882904426e-05
2024-07-28,0.0032239160982704,0.0076590638912621,-6.025288681320737e-05,-0.0001053024007548
2024-07-29,-0.0211559516872338,0.0152294242321955,-0.0001287756146235,-2.6723999420457405e-05
2024-07-30,-0.0091641281029783,-0.01235006597285,5.930877476414384e-06,2.478724106164473e-06
2024-07-31,-0.0273464168559709,-0.0142139830342335,0.0004010869443838,3.761744190248195e-05
2024-08-01,0.0081087755897415,-0.0089036190633945,-0.0010799322951401,-3.62056793615232e-06
2024-08-02,-0.0593916872680054,-0.0693604805341367,-0.0004289007299162,-0.0001161515340802
2024-08-03,-0.0196184066565628,-0.0277215737769182,0.0007603029587913,8.254559836314021e-05
2024-08-04,-0.0436900735059051,-0.0773359586733068,-0.0002655436515127,-4.204260216075251e-05
2024-08-05,-0.078056702614375,-0.1052491689675837,0.0005268383547273,3.573897762332126e-05
2024-08-06,0.0310209259943261,0.0173700019649538,0.0004038317387569,0.000151682892212
2024-08-07,-0.016265489274552,-0.0506101532528681,0.0006428909645496,2.1486595884926052e-05
2024-08-08,0.1102065775251648,0.1387147125704897,0.0007590734314203,-8.870529987751164e-05
2024-08-09,-0.001593417794503,-0.0313700028570355,0.0003338597155613,0.0001748583559882
2024-08-10,-0.0035191026647136,0.0043419401464796,-0.0003202778093637,-9.431581316150353e-05
2024-08-11,-0.0341728696650138,-0.0216511088863048,-0.0002605233697163,-0.0001511313663794
2024-08-12,0.0065095580774493,0.0652319928352553,-0.000676652086906,-6.614362775821585e-05
2024-08-13,0.0190902579907745,-0.0073091337482901,-0.0004879387034603,-8.664982312714766e-05
2024-08-14,-0.0289614239653821,-0.01484950523116,-0.0003602521847615,1.2190170298449649e-05
2024-08-15,-0.0222112881477898,-0.0351413212431516,-0.0001068816026534,0.0001089528848965
2024-08-16,0.0197216458454181,0.0092874225661245,-2.4893318457682063e-05,-4.081792169443548e-05
2024-08-17,0.0102413075881212,0.0085433530856178,-0.0003692591088168,2.4194848316425656e-05
2024-08-18,-0.0157837310051099,-0.000115146395908,-2.188645424607564e-05,0.000480194266748
2024-08-19,0.0159982417767134,0.0094624093078692,-8.771305649559959e-05,6.12569541664778e-05
2024-08-20,-0.0084443890033286,-0.0243040124445822,-0.000387433923463,-8.512815009905047e-05
2024-08-21,0.0344865988780492,0.0227402116381172,3.860998982175448e-05,-2.387623884452814e-05
2024-08-22,-0.0089843299733409,-0.0028741512222848,-0.0001533491967516,-6.139178949065025e-05
2024-08-23,0.0560455400831932,0.0528804314889332,0.0006314270215597,-2.8502783420966228e-05
2024-08-24,0.0066879753828344,0.0021263168144513,-0.0003109165930728,-8.407302280436357e-05
2024-08-25,0.0015423154900574,-0.0069923859814721,8.181709220186155e-06,2.5818795794155347e-05
2024-08-26,-0.0220365870275309,-0.0246377076435947,-0.0004216300700166,-0.0001121427321403
2024-08-27,-0.0580938753296537,-0.0863333388913451,0.0001061861518255,3.342777003900081e-05
2024-08-28,-0.012736115938409,0.0282892615399565,-0.0003160942774575,-0.0001053434065336
2024-08-29,0.00524880978087,0.0004891592932334,-4.102764187807139e-05,-2.062398144296021e-05
2024-08-30,-0.0068462222559835,-0.0008354549304538,-0.0003168552291375,-2.98328665727715e-05
2024-08-31,-0.0018780305798818,-0.0045926246959223,-0.0002193442845451,-1.6586056452466972e-05
2024-09-01,-0.0281484247582862,-0.0342663122618855,-5.205790098711656e-05,1.4697619949381786e-06
2024-09-02,0.0256842543656259,0.0447624830794752,-0.0001139729325166,-5.868812454271007e-05
2024-09-03,-0.0255872088673037,-0.047093163724684,-2.528065129603986e-05,2.1186541326214848e-05
2024-09-04,0.0062117722663755,0.0119933976770825,0.0004071833188971,2.318836820874933e-05
2024-09-05,-0.0312517349661294,-0.0333955414523103,-0.0001131507449339,5.209148695555163e-05
2024-09-06,-0.0440185313685146,-0.0623430628343887,-0.0003857047539461,5.448676817232747e-05
2024-09-07,0.0012995003800688,0.0226756847266915,1.3947896727507618e-05,-3.838388127933391e-05
2024-09-08,0.0113757409845595,0.0104839207882301,0.0003332508640829,-7.877738500078641e-05
2024-09-09,0.0377854196286854,0.0266267946121654,0.0001254724839052,-6.79510060871222e-05
2024-09-10,0.0159250068088846,0.0134397797112846,-0.000406956743616,-6.587608278920685e-05
2024-09-11,-0.0059622405936059,-0.0206948579200229,8.503883840619e-05,-8.05841000741464e-06
2024-09-12,0.0124208814733412,0.0096730806278493,-0.0002967657190148,4.295114240679891e-05
2024-09-13,0.0431390036231719,0.0335801809963462,0.0003790386849681,0.0001923080698398
2024-09-14,-0.0085287992619556,-0.0091294309368078,-0.0004689335820855,-0.0001273414059766
2024-09-15,-0.014651226736407,-0.0408932543145416,-0.0004113268618222,9.216238736592784e-05
2024-09-16,-0.0156442677918388,-0.0107574064465457,-0.0001174714462996,-7.155054885156557e-05
2024-09-17,0.0306399942581401,0.0203640151960253,8.55167748401888e-05,-0.000120167186182
2024-09-18,0.0241789937977467,0.0122351147077457,-0.000126592949949,-0.0001506053746952
2024-09-19,0.0238649557246614,0.0396556568448829,0.0001825621792907,1.0545253388063691e-05
2024-09-20,0.0040039707208302,0.0386746424423767,-0.00026443526257,5.710527619313284e-05
2024-09-21,0.0025927828856565,0.0215058943703645,0.0003594901122849,0.0001892304457885
2024-09-22,0.005682823898628,-0.0123535503489248,-0.0002043209934124,1.7471436935636973e-05
2024-09-23,-0.006770372506859,0.0254526444208262,0.0003021050405756,6.800196869851852e-05
2024-09-24,0.0139851991628168,0.0025307109454854,-8.458070075673504e-05,-7.521387352339561e-05
2024-09-25,-0.0157167481897439,-0.0283092708353029,-0.0003905297540898,1.945149742735629e-05
2024-09-26,0.0280902843408974,0.0206075450588085,-8.269423369223279e-05,0.0001033025511521
2024-09-27,0.0116940463051723,0.0242523431242014,0.0003914600652915,-7.549345960788385e-05
2024-09-28,0.0017953884672892,-0.0064942362654775,6.347017266245931e-05,-7.333031675590318e-06
2024-09-29,-0.0038992328164666,-0.0064775499488309,-0.0002651508535823,-9.125930877515238e-05
2024-09-30,-0.0367840848039959,-0.0210518578586064,-0.0001508536176745,-1.680927788758746e-05
2024-10-01,-0.0433444386810953,-0.0607011655026755,3.796902549517904e-05,-1.7160276316530073e-05
2024-10-02,-0.0064669272274783,-0.0344316073562557,0.0005399493260983,2.362877924279305e-06
2024-10-03,-0.0001071889355237,-0.0062094973464061,-0.0006100808740518,8.247472540403279e-05
2024-10-04,0.0204184185978521,0.0276274491952557,0.0001809489816778,9.951809748799214e-05
2024-10-05,0.0030001011677281,0.0006869092229251,-0.0005319768890247,-1.5814017333671507e-05
2024-10-06,0.0099651696506297,0.0103598336736083,-0.000181143706559,-4.597970206938973e-05
2024-10-07,-0.0086016834947243,-0.0071310678576238,-0.0001695020783746,0.0001343173675359
2024-10-08,-0.0022335859019884,0.0077631125972323,-0.0003917481191744,-9.060266307840482e-05
2024-10-09,-0.0264599133115144,-0.0294274035655225,-0.0004501809389302,-0.0001314175648622
2024-10-10,-0.0079098888965092,0.0068947242718129,-0.0005846966794974,4.125635578934979e-05
2024-10-11,0.0354956626062295,0.0221879355410308,0.0004340415864734,-0.0001072033035925
2024-10-12,0.0123763181855181,0.0166275311813881,0.0001294569544716,-2.2702569731927828e-05
2024-10-13,-0.0050027685603572,-0.0032384281514047,-8.623785325710882e-05,-0.0001646639488826
2024-10-14,0.0512911844675152,0.0636282346955379,-8.78455608214582e-05,-0.0001508093779663
2024-10-15,0.0157824037960548,-0.0084005732072222,0.0001799655672189,-2.226391256904969e-06
2024-10-16,0.0081472245681234,0.0022874508250996,0.0003764050464081,-7.928615070653419e-05
2024-10-17,0.0016654067100366,-0.0022786611783002,-0.000212063294475,-3.4532105957668875e-05
2024-10-18,0.0109710051646871,0.0145529779837631,0.000650501155673,1.383381766787605e-05
2024-10-19,-0.0012622036409722,0.0030259832324401,0.0004738885810115,6.675382777368112e-05
2024-10-20,0.0125173536982069,0.0365651347009554,0.0002990624315485,-1.62196292510593e-05
2024-10-21,-0.0260420309216334,-0.029466624560941,0.0003714605261213,3.328209036741179e-07
2024-10-22,-0.0039108454476075,-0.0168815607613722,0.0002724539911856,-6.537741506163295e-05
2024-10-23,-0.0103609120370174,-0.0429860376593672,-0.0005288241478529,9.17137480063354e-05
2024-10-24,0.0207143464056437,0.010412112613596,-2.611882943172564e-05,7.117558455860167e-05
2024-10-25,-0.0216794859007432,-0.03932552424636,-0.0008981507467134,-0.0001050294329103
2024-10-26,0.0063993751929133,0.0181082738065245,2.910510285987207e-05,-6.878591422184508e-05
2024-10-27,0.0120533841339377,0.0109055934992603,0.0001035640294061,5.706053202260186e-05
2024-10-28,0.026717792471135,0.0237700028949008,0.0008927292075696,-6.293580532603515e-05
2024-10-29,0.0447294918312731,0.0282507397669433,0.0006794619249498,4.305444730209193e-05
2024-10-30,-0.0039810441142795,0.0076729109928483,0.0004179326314732,-8.44561091049938e-05
2024-10-31,-0.0324043986970758,-0.0544073148456815,-0.0010326010808435,0.0001297989967491
2024-11-01,-0.0090184066698713,-0.0012169199609407,0.0003324348059218,-8.548786795935314e-05
2024-11-02,-0.0065736856465591,-0.0079819019642287,0.0004995311544348,9.133122924258238e-05
2024-11-03,-0.0112960197274761,-0.0136646291078267,0.000154505479429,-2.500920459061556e-05
2024-11-04,-0.0102383243935093,-0.024138217551097,-0.0001298574720001,0.0002829598909748
2024-11-05,0.0190850571319947,0.0109732760754972,0.0004435567042364,5.405053465512948e-05
2024-11-06,0.0851740779554008,0.1176412398027755,0.0006629233304099,3.432363719424735e-05
2024-11-07,0.0128656265849744,0.0613638084270913,-0.0004705440619339,1.3302574125783513e-05
2024-11-08,0.0073483960973899,0.0231175251666717,-8.243595437604041e-05,-0.0003014467904399
2024-11-09,0.0037237702090825,0.0557737335174122,0.0003777259351346,3.5348094371086427e-05
2024-11-10,0.0468844943639523,0.019379549305581,0.0007368938419604,5.258444441229216e-05
2024-11-11,0.099688238309658,0.0562417342791616,0.0009834142777131,-0.0001506213456616
2024-11-12,-0.0018852940659907,-0.0384971845461842,-0.0007274091548839,0.0001686910772877
2024-11-13,0.0299174357379223,-0.0163283906068657,0.0007965403566792,8.42503019967275e-05
2024-11-14,-0.0337756143962606,-0.0424230704680043,-0.0006676692344149,-1.2085203314522231e-05
2024-11-15,0.0354477543372919,0.0146511284379984,0.000134713188745,-0.0001106820380613
2024-11-16,0.0002599802863522,0.0100359816548747,5.392674622976899e-05,-0.00017496539389
2024-11-17,-0.0098904164886063,-0.01821841396308,8.003227892863145e-05,0.0001564180076703
2024-11-18,0.0061908695808414,0.0424228877517511,0.0002017395138783,2.0511962456677528e-05
2024-11-19,0.0209274659122656,-0.0301952989239781,0.001090915422233,0.0001158485753683
2024-11-20,0.0211080395720082,-0.0123376592723333,-0.0007027032629052,-5.779816955935747e-05
2024-11-21,0.0443372561529103,0.0902045815422824,0.0003531117640642,2.824344298441216e-05
2024-11-22,0.0091281900751472,-0.0084616965012271,0.0007444568672708,8.04956941289821e-05
2024-11-23,-0.0136740035975922,0.0195511151544722,-0.0001688725670356,2.9885041802885483e-06
2024-11-24,0.0021970692252404,-0.009294418343604,-5.488961008924183e-05,-0.0001317308744822
2024-11-25,-0.0516768413055082,0.0150613782113351,-0.0006590982974689,7.100111392619004e-05
2024-11-26,-0.0180481720024796,-0.0254851335420715,-0.0008735858584752,0.0001396125490206
2024-11-27,0.0428972466336187,0.0951253747085354,0.0003857486829103,3.6018555413279218e-06
2024-11-28,-0.0029628333468517,-0.0210611595060169,0.0002702459690798,7.955762607683597e-05
2024-11-29,0.0175341422527268,0.004154930536307,8.31791775700086e-05,-0.0001074122109065
2024-11-30,-0.0054691515234153,0.0310885028576348,0.0001513127177519,0.0001239529532718
2024-12-01,0.0033954121491639,0.0018122301748435,0.0006040765445561,3.2732385594964376e-06
2024-12-02,-0.0139552264321068,-0.0178694195937848,-5.447973460040044e-05,-2.920253527853597e-06
2024-12-03,0.00244050517103,-0.0061258596901209,0.0006038295153749,0.0002896490978274
2024-12-04,0.0252588238420154,0.059488322107988,0.0007083090228854,-0.0001666950528997
2024-12-05,-0.0211919886294785,-0.0075851482001249,0.00050053002182,0.000291974717749
2024-12-06,0.0345802243224131,0.0501921309442374,6.4061491917595385e-06,-0.0002235182369234
2024-12-07,0.0007592170735349,-0.0004386652306946,-9.97804658853606e-05,1.5413418618411226e-05
2024-12-08,0.0098670082060695,0.0010921883706591,-0.0002661898843638,0.0001225996102591
2024-12-09,-0.0329292170206163,-0.0740079341603704,-0.0004186872419182,-5.373762426092304e-05
2024-12-10,-0.0135022984786032,-0.0232939007897707,0.0002386552369017,1.853916586023773e-05
2024-12-11,0.0427355976519802,0.0542036559426894,0.0002165475913294,-0.000244748238744
2024-12-12,-0.0061113554851504,0.0133728411434501,-0.0003327121256913,-2.396531687946706e-05
2024-12-13,0.0113518337809127,0.0075513741329993,-4.229756014606369e-05,-9.0441390370572e-05
2024-12-14,0.0004941802979575,-0.0106632578262308,-0.0003779991504685,-0.0002206006428152
2024-12-15,0.0277499160552604,0.0217045307379597,6.866947935704958e-05,-0.0001785051429714
2024-12-16,0.0177676697523237,0.009292787950917,0.0001658733608622,-0.0001164980489931
2024-12-17,0.0017596617029829,-0.0252422267369071,3.882390402562047e-05,3.773346521451074e-05
2024-12-18,-0.0585308838294139,-0.0710974274358343,-0.0003252460171868,0.0001032742626847
2024-12-19,-0.0311379135712372,-0.0567655635389653,-0.0013446744620052,0.0002072061204355
2024-12-20,0.0001409636805939,0.0161956666601488,-0.0004779953188436,8.030523411574659e-05
2024-12-21,-0.0073024600205696,-0.0394113577058058,0.0003141489306742,5.66165917174268e-05
2024-12-22,-0.0223784372204006,-0.0177071975607782,-0.000834285589458,4.770066537534537e-05
2024-12-23,-0.005567080632924,0.0416557760725095,-0.0004986887571142,5.699565913337537e-05
2024-12-24,0.0388104927089718,0.0224214354952178,0.0001986423133271,3.772015489234753e-05
2024-12-25,0.0085093772038403,0.0006794283902757,0.0001936669551929,3.6435332084770814e-05
2024-12-26,-0.034713271451716,-0.0471480010580692,-0.0013031651359224,-8.707249403903106e-05
2024-12-27,-0.0197889266414279,-0.0003533427092873,-0.0009856100947393,0.0001003994433564
2024-12-28,0.0075077243035773,0.0208512471437989,-0.0009508981135621,5.026575319916563e-05
2024-12-29,-0.0176527541460472,-0.0140032065073133,-0.0001664329984169,-3.5119171995704314e-06
2024-12-30,-0.010314588953713,0.0023916570774244,-0.0004602845176864,-0.0001011276951221
2024-12-31,0.0072728733680905,-0.0067944756979622,0.0005358070261379,2.770050149567822e-05
2025-01-01,0.0089853879504374,0.0066135044577781,-0.0005183915002859,-3.2919197537506834e-05
2025-01-02,0.0271089097177261,0.0291119684091964,0.0002324314540524,7.974742700896666e-05
2025-01-03,0.0145508969576288,0.0438866713730161,0.0007600291003081,-9.677012539416763e-05
2025-01-04,0.0001812197620805,0.0148518976604863,0.0006120785273665,0.0002626487435797
2025-01-05,0.0020402737759627,-0.0061338809197783,0.0001186646216552,2.7930247829568105e-05
2025-01-06,0.0373131782526414,0.0152275184806655,0.0007088549204626,-2.129977955546857e-05
2025-01-07,-0.0514601050471372,-0.0865677813911053,-0.0004936167743055,0.0001109071551832
2025-01-08,-0.0225108442227706,-0.0161329002375724,-0.000247578470645,-3.847020188052467e-05
2025-01-09,-0.0270981480374623,-0.0323248787445022,-3.418037142182391e-05,2.286543455117535e-05
2025-01-10,0.0159319666581283,0.0151575587209344,7.742246634254933e-05,6.205595302094696e-05
2025-01-11,0.0021929621166447,0.0048372284306023,0.0001525768100499,-6.799235219735163e-05
2025-01-12,-0.0001025386446385,-0.0046283131853181,0.0001711366544574,-2.9138351371991003e-05
2025-01-13,-0.003034330425329,-0.0404224837005672,0.0001228044477888,-3.89367751693552e-05
2025-01-14,0.0218989499290386,0.0280763958900533,7.695523892642426e-05,0.0001405162448848
2025-01-15,0.0425505397090234,0.0683450496079023,0.0008085197654842,-0.0001437893916941
2025-01-16,-0.0076975906193846,-0.0417419278620469,1.0851990114726731e-05,3.827907520428271e-05
2025-01-17,0.0469049912413118,0.0492293766094478,0.0003161253982122,-8.660214235963699e-05
2025-01-18,0.0044450767917851,-0.0493221909508571,-0.0013622166906668,5.89685012940805e-05
2025-01-19,-0.0373640665505441,-0.0293870990692452,-0.0011459147906321,0.0005080402743469
2025-01-20,0.010345330128367,0.0216360124220622,-0.0007053156784679,-1.0224590277746525e-05
2025-01-21,0.0402212012500887,0.0152888040969327,0.0010663924376422,-0.000160013280919
2025-01-22,-0.0270518039163779,-0.0262104581404935,-0.000403105127075,-5.477050059985407e-05
2025-01-23,0.0058612364318343,0.0290842878328587,0.0008169956224218,-6.443506490323352e-05
2025-01-24,0.0098474501687803,-0.0072332461831391,0.0003377481212993,-9.800462723081494e-05
2025-01-25,-0.0086602108845307,0.0026682827545198,0.0005103154325332,-1.3122048025825152e-05
2025-01-26,-0.0145013905471156,-0.0244225338503697,0.0003933884774549,-3.0542585235319834e-05
2025-01-27,-0.0057078735310601,-0.0174978605365991,0.0003171485743802,6.600070135227192e-05
2025-01-28,-0.0157053169223037,-0.032209985201762,-6.230219540365826e-05,0.0001556918170417
2025-01-29,0.0264861725999952,0.0119348917912025,0.0007913708609458,7.589357286551052e-08
2025-01-30,0.0134283336555285,0.0427251044430982,0.0002371918779167,-2.584429182021261e-05
2025-01-31,-0.0292899213255126,0.0157649062156754,-1.1538331567328373e-05,0.0001016245164458
2025-02-01,-0.0140608390418423,-0.0557594695163211,-9.37335943436218e-05,-2.7529197959178143e-05
2025-02-02,-0.0297944278267558,-0.0831006898362015,-0.0020668856232339,-8.78558419276378e-05
2025-02-03,0.02698502068808,0.0058581875901999,0.000757750606398,-7.955948554862803e-05
2025-02-04,-0.0281995630640851,-0.0528845122652771,-0.0006914810142313,-0.0001080464929666
2025-02-05,-0.0151401980278452,0.0194350461285315,0.0003873988936627,6.735085331221858e-05
2025-02-06,-0.0057381543101547,-0.0359587051788664,0.0002948250334188,3.3363066867950513e-05
2025-02-07,0.0005610804101917,-0.0245886365817515,0.0006167171817685,9.246817822979096e-05
2025-02-08,0.0004949361526698,0.0041832235748519,-9.042006439492932e-05,5.080859287565424e-05
2025-02-09,-0.0036175941151948,-0.0010236846177714,-7.594199408487607e-05,-7.607881083523032e-06
2025-02-10,0.0107563222903396,0.0126071519441148,-0.0004831289804423,-9.113891751614168e-05
2025-02-11,-0.0159046527343434,-0.0218438003162174,0.0002144938737481,-6.368129277022744e-05
2025-02-12,0.0173066888744481,0.0505857811160541,-0.0002931982901735,3.173264723336613e-05
2025-02-13,-0.0099322581735599,-0.0221999335539059,3.449419832428189e-05,9.00520466725577e-06
2025-02-14,0.0077026059186217,0.0189221654115347,-3.504618307040626e-05,-8.569753556696417e-05
2025-02-15,-0.0001772760275254,-0.0116652607029978,-6.157912478378757e-05,-3.275094175809955e-05
2025-02-16,-0.0146258742118021,-0.0109517505388609,-0.0004822796400304,-5.440913830931292e-05
2025-02-17,-0.004820467978898,0.0298930703771646,-0.0002317189081584,-2.889402617661404e-05
2025-02-18,-0.0044563069301239,-0.0269542017414662,-0.0007228755477317,-0.0001687378512463
2025-02-19,0.0103784678658705,0.0175850502312264,6.136567757202292e-05,-1.4240726976008716e-05
2025-02-20,0.0189440237412101,0.0093630572090705,0.0006245222033431,8.48725611916692e-06
2025-02-21,-0.0230938774426493,-0.0295623626816425,-0.0021731637328668,0.000150062915022
2025-02-22,0.0027404075299679,0.0388328827223138,0.0014363788364557,0.0001274189477087
2025-02-23,-0.0017446891439721,0.0208519052595998,0.0012382545591386,3.3235959053577686e-05
2025-02-24,-0.0552163702643339,-0.1150574148834203,0.0003691309475594,-0.0002034301205766
2025-02-25,-0.0327409816902576,-0.0077395806718449,-0.0010499683422163,3.716271479005964e-05
2025-02-26,-0.0519552186387303,-0.0668929438041533,-0.0006038358842052,-8.468273420397275e-05
2025-02-27,-0.0044426383546607,-0.0108607400173951,0.0001322235098967,-0.0001406905548569
2025-02-28,-0.0020553255260749,-0.0294105256493281,-0.0006882489941655,-6.790694696112006e-05
2025-03-01,0.0188296568184403,-0.009206266047686,8.108846280383512e-05,-0.0001630973037518
2025-03-02,0.0900838936594895,0.1284836536098461,0.0008351990413458,0.00011879942756
2025-03-03,-0.083342911956337,-0.1603906048190603,-0.0006875325544978,-9.77222049414504e-05
2025-03-04,0.0069727973394286,0.0116670263211637,-8.245299650826522e-05,-5.641801561111651e-05
2025-03-05,0.0406721680535628,0.0329640416328069,0.0005747986929373,7.34671698937374e-05
2025-03-06,-0.0113486709735163,-0.0174356619800068,-0.0001864929344968,0.0001630091042789
2025-03-07,-0.0330565384551699,-0.0289099520824313,-0.0003866904714327,-0.000141168136493
2025-03-08,-0.0068805406252013,0.0291509819970732,0.0004199687784666,1.7756761259662808e-05
2025-03-09,-0.0749447840950755,-0.0879317707338957,-5.070848528936039e-05,-9.424018866378664e-05
2025-03-10,-0.0285487977446166,-0.0793365480040294,-0.0002233058335192,0.0001350579407312
2025-03-11,0.0555436663726514,0.0313891146847795,8.048765884716423e-05,-3.1228443975153835e-05
2025-03-12,0.0043869160941783,-0.0053339866282541,0.0001699467442235,-0.0001568772837591
2025-03-13,-0.0284185197259379,-0.0240587012712431,-0.0001170782593979,9.54352249969845e-05
2025-03-14,0.0395705338083818,0.024992633750698,0.0005136403265022,5.3454356881746106e-05
2025-03-15,-0.0034589537315445,0.0148596727301677,-6.345964869007399e-06,3.624722529426075e-05
2025-03-16,-0.0200612318734103,-0.0257853256191184,9.827700476361473e-06,0.0001742622650336
2025-03-17,0.0253140832975508,0.0210871014230702,0.0001048391920131,6.366931000206664e-05
2025-03-18,-0.0256161065223982,0.0032110660892479,-0.0002164583580194,-5.584889988698533e-05
2025-03-19,0.0470499888944414,0.0631156767605049,0.0003315623405673,0.0001333204074058
2025-03-20,-0.0181363938631956,-0.0371158763124263,-0.0001757024777948,-0.000124848511261
2025-03-21,-0.0151977015573366,-0.0084021760934522,-0.0007435150328349,0.0001004259866376
2025-03-22,-0.0002283297869252,0.0080412921418557,0.0003244779422157,2.540958365125181e-05
2025-03-23,0.0316798064034486,0.0130173043530639,0.0001815601064383,5.452001304295601e-05
2025-03-24,0.0090941788732045,0.0357018547020657,3.670664026940647e-05,0.0001142328811473
2025-03-25,0.0028228926867727,-0.004347246446125,-1.0285173940156495e-05,-1.5776204117957704e-05
2025-03-26,-0.0002133682404002,-0.0283965976699215,9.167461900663084e-05,-9.513495218168768e-05
2025-03-27,-0.0062411169098161,-0.0030661383080242,-0.0009684144315776,-4.182030981650092e-05
2025-03-28,-0.0315805777155539,-0.0545010086265513,0.0001493498972496,4.386456878995468e-05
2025-03-29,-0.0178988785939357,-0.0362936308181584,0.0006189448497236,-7.284291745987091e-05
2025-03-30,-0.0123759702144741,-0.0112750923246435,0.000328913844317,9.653129429047224e-05
2025-03-31,0.0018832711440443,0.0098512356311857,-5.419646291635589e-05,-0.0001166060353861
2025-04-01,0.0367648850359117,0.0443331915608628,6.292499887628364e-05,8.571710093215755e-05
2025-04-02,-0.0362212073372732,-0.0592204603549443,4.059929505482386e-05,3.072394142687333e-07
2025-04-03,0.0047257630609363,0.0115969620610713,-0.0004145547275564,-3.393491954385779e-05
2025-04-04,0.0157278677707264,0.0001736394625931,-0.0005489039197697,-5.434432043373228e-05
2025-04-05,-0.012026244802196,-0.0048304971568013,-4.596479191269868e-05,2.846300247412356e-05
2025-04-06,-0.0646880182404905,-0.1354078341215025,-0.000571783772968,-3.684149694224654e-05
2025-04-07,0.0141649575131035,-0.0133813476973029,-6.466137092711346e-05,0.00027855239017
2025-04-08,-0.0452861252436444,-0.0542928116221316,-0.0003460784882675,-0.0002013946764038
2025-04-09,0.0747427350749705,0.1249915976327799,0.0003178819621808,-1.0758192062713113e-05
2025-04-10,-0.0220273946815983,-0.0909432528528527,-0.0003449920742598,-4.378030829817612e-05
2025-04-11,0.0336560895360648,0.0292324621932633,9.751015279807831e-05,6.418067035279602e-06
2025-04-12,0.0290153886505721,0.0479269384918043,0.0002347115067182,1.6155199373372033e-05
2025-04-13,-0.0143738168775469,-0.0285754067119158,-0.0001194363935526,-6.876443863052819e-05
2025-04-14,0.0028398380164975,0.0165443892326846,3.38290655097455e-06,-0.000205626725319
2025-04-15,-0.0072674459967151,-0.0209209657998716,0.0001121375766211,9.704308859911524e-06
2025-04-16,0.0045603853156119,-0.0063085824862147,6.318778176429923e-05,1.2288540984016544e-05
2025-04-17,0.0062019124969145,0.0031514284215432,-5.439689574333053e-06,-5.406248931489626e-05
2025-04-18,-0.0032537012646417,0.0043610532848867,-9.805832828794684e-05,-0.0001407649130171
2025-04-19,0.0082139136078855,0.015330468802589,-2.6229658793433684e-05,4.727399621102046e-05
2025-04-20,-0.0018646541150365,-0.0155385332532552,2.4722488610137185e-05,5.312852932608044e-05
2025-04-21,0.0277054781383443,-0.0045726681706269,4.922576157591125e-05,-2.7694703344031823e-05
2025-04-22,0.0691516266694317,0.1068797532711822,0.0002382184117486,-0.0001169965860366
2025-04-23,0.0036484610320151,0.0221634407283024,-6.985435358536347e-05,3.3653409588341025e-07
2025-04-24,0.0039727589683125,-0.0143955880376262,0.0001976602813877,-7.210823476154795e-05
2025-04-25,0.0118226646855129,0.0097892441430047,0.0001372818930195,5.0782174259413325e-05
2025-04-26,-0.0060921647212946,0.0198758332955877,-0.0001685812244593,9.353600969841684e-05
2025-04-27,-0.0085361466739876,-0.0157146599816188,-0.0001602501751428,-2.3911225460690748e-05
2025-04-28,0.0156412631048198,0.003673669793162,3.3066553629086394e-05,9.440454504740162e-05
2025-04-29,-0.012161223846464,0.000520003875686,2.935497127707841e-05,6.328583953749812e-05
2025-04-30,-0.000951114605215,-0.0026660502407988,0.0006188670638466,0.0001039052197112
2025-05-01,0.027915194285315,0.0253598472748099,0.0004093117619149,-9.331213086611672e-05
2025-05-02,-0.0001037142217821,0.0022337383708099,0.0006322726904089,-2.9781754780663844e-05
2025-05-03,-0.0098286221599193,-0.0044842023811303,-6.760631071158288e-05,3.960725543914063e-05
2025-05-04,-0.0126185167443479,-0.0135221105090234,-1.43705888949788e-05,3.364702877833203e-05
2025-05-05,-0.0029550010162398,0.0064603914269436,-0.0001187243792577,-5.919454218350648e-05
2025-05-06,0.0215783796104618,-0.0021966073160301,0.0001046668032378,5.82330250274537e-05
2025-05-07,0.00782452110149,-0.0015795769503067,0.0002995579423487,-2.8400172751280307e-05
2025-05-08,0.0570506458866443,0.197540050374237,-0.0005342056157883,1.915049021344e-05
2025-05-09,0.0023569288247808,0.0614275201404106,0.000120838871629,5.4176261985706666e-05
2025-05-10,0.0189253448236202,0.0965662191903102,1.1850083666535615e-05,7.833925422198e-05
2025-05-11,-0.0065415040266895,-0.0280104794251939,7.502571761488822e-05,1.6510880509947272e-05
2025-05-12,-0.0150266301886865,-0.0051887249439969,0.0008409687296963,0.0001204368966723
2025-05-13,0.0153302068175823,0.0713563783688859,-7.855754106130593e-05,8.842044725352924e-05
2025-05-14,-0.0078970618547169,-0.026150730806835,-0.0001269005571921,-1.7256239363652812e-05
2025-05-15,-0.0008611334250487,-0.0241744369969688,-0.0001068903878622,-0.0001020690856529
2025-05-16,0.0015830378640454,-0.0038146539275915,0.0004653180000829,-5.024769454067284e-05
2025-05-17,-0.0064232000660701,-0.0238202401639108,2.242145176627181e-05,-3.4732478529491706e-05
2025-05-18,0.0289260653966039,0.0093787709003734,8.138309473374589e-06,-1.2596693862862084e-05
2025-05-19,-0.0023251897140252,0.0126459478699813,-0.0001348007597476,7.843609874720359e-06
2025-05-20,0.0072552570464747,-0.001636390490571,-8.969239533870735e-05,-6.208640340944807e-05
2025-05-21,0.0271992180703363,0.0114398587561061,0.0001789816220349,-4.2181642595804416e-05
2025-05-22,0.0213936294896102,0.043214271604034,-0.0001196476469996,-0.0005017975738595
2025-05-23,-0.0412255251474746,-0.0527357440345116,0.0002061773866492,-3.3465828748913346e-05
2025-05-24,0.0021734312675507,0.0020027411263139,0.0002035506065294,4.031451374855183e-05
2025-05-25,0.0131135734767328,0.008650137921913,-2.1199780882086276e-05,-1.039554724889746e-05
2025-05-26,-0.0002609785623043,0.0051776619340937,0.0001885837252845,-6.541522463162596e-05
2025-05-27,-0.001861672467825,0.0381969872078096,4.690452569443171e-05,-8.639307488991569e-05
2025-05-28,-0.0098288012180985,0.0075026198119469,0.000265057728634,-3.380126800076588e-05
2025-05-29,-0.025723180801782,-0.0183094110329397,-0.0014112599361302,-0.0002436733259062
2025-05-30,-0.0156429781076612,-0.0394557625251118,0.0003976130978146,-5.202198864403721e-05
2025-05-31,0.0060844161539608,1.5029033092635031e-06,0.0010751758118083,1.0503023266733449e-05
2025-06-01,0.005339669698317,0.0031745216191996,0.0004361443101108,-6.682271950790393e-05
2025-06-02,0.0042134345589108,0.0278844254228054,4.885424367425874e-05,9.791170576639864e-05
2025-06-03,-0.0023346060760651,-0.0049739234886373,0.0003920945477393,-0.0001240382222688
2025-06-04,-0.0111839668458468,0.0062465861754456,8.650575316335505e-05,-2.1400763154123275e-05
2025-06-05,-0.0301269328095163,-0.0762586976138478,4.5404018263094366e-05,0.0002450375219443
2025-06-06,0.0264744760671628,0.0252352844378813,0.0002290796585718,-2.8555070483987743e-05
2025-06-07,0.0097519815481249,0.0200502581005179,0.0001196057152595,-1.090217212129385e-05
2025-06-08,0.0020842716246235,-0.0059007911111727,-0.0001654396533225,6.914333069852859e-05
2025-06-09,0.0452771376696497,0.0661264064456215,-0.0001306607644361,9.31738103004192e-05
2025-06-10,-0.0014772165321545,0.0483927821515324,-0.0002083691734172,-5.12747907336109e-05
2025-06-11,-0.0154186315495789,-0.013974896888569,8.582791445842564e-05,-3.341618316678451e-06
2025-06-12,-0.0217717756497409,-0.0445438046475513,-0.0003171255198461,-0.0001147385094115
2025-06-13,-0.0056638195053305,-0.0273066577899002,-5.079220670903618e-05,-9.95781936436014e-05
2025-06-14,-0.0072298828026789,-0.0176705215613203,-0.0001336600485602,0.000142007352971
2025-06-15,0.0042317861676764,0.0056125682553502,-0.0001990710314181,-4.539449868229662e-05
2025-06-16,0.0079027550264443,-0.0021100380891009,1.9688817356102063e-05,0.0001223905145402
2025-06-17,-0.0216715447909351,-0.0114761633218255,-0.0002860813311655,5.900954664642569e-05
2025-06-18,0.0049268158445362,0.0057182998991931,0.0002569754464703,-1.3520732145429169e-05
2025-06-19,-0.0046968973038116,-0.0007095463437975,0.0003761438130882,5.51398190830614e-05
2025-06-20,-0.0163815627684854,-0.0460673436633919,0.0002487096051983,8.277899390204839e-05
2025-06-21,-0.0068953552332685,-0.0450429643554174,0.0002191744183142,-0.0001474192557757
2025-06-22,-0.0161339448994652,-0.0315846137857384,-0.000159674473245,7.12456738808771e-05
2025-06-23,0.0402754759461929,0.0836613757722826,0.0003749562197231,0.0005638752539045
2025-06-24,0.01161419454157,0.0110935740855564,-0.0001718549927973,-3.062485968386417e-05
2025-06-25,0.0095285065437481,-0.0114524671062607,-0.0003353231059088,-0.000460848413385
2025-06-26,-0.0034921231914451,-0.0009685032865737,-0.000454511889338,-4.8680913158641206e-05
2025-06-27,0.0030029682595461,0.0035301522792108,0.0002716102705596,-1.4743543518359393e-07
2025-06-28,-0.0001860763583862,0.0057884664521654,6.545538639517927e-05,-1.5655592507022126e-05
2025-06-29,0.0087008323710852,0.0262019750709201,0.0001908494755279,1.801694772925369e-05
2025-06-30,-0.0088599924507991,-0.0054728915367416,-7.42133562056284e-05,0.0001625741277105
2025-07-01,-0.0166780451159006,-0.032642312216372,1.5446441392055543e-05,-2.7195134901044423e-05
2025-07-02,0.0277069834553121,0.0668859166857147,3.976362553230864e-05,-3.504894548589264e-05
2025-07-03,0.0103432335972118,0.007961321537923,0.0001401490161411,9.895464478332236e-05
2025-07-04,-0.016826059937478,-0.0320144768898452,-0.0001383648804327,0.0001556202770643
2025-07-05,0.0017683489087299,0.0038266879940411,0.0002264180972006,1.5152857105800674e-05
2025-07-06,0.0095049895617452,0.0215479617258302,-0.0002559097369209,9.536764245086272e-05
2025-07-07,-0.0112103888257877,-0.0106972818553253,-1.3180943240859238e-05,1.185632238893303e-05
2025-07-08,0.006847835862231,0.0284478405438928,0.0008084703241604,3.124763425521228e-05
2025-07-09,0.022505186752962,0.0580104615410916,0.0004318136070809,0.0002606853857411
2025-07-10,0.0387215993406453,0.0646582574292169,3.398337033628379e-06,-0.0001131995730133
2025-07-11,0.0178210560010279,0.0013686203483673,-4.092867818363596e-05,-0.000468997914178
2025-07-12,0.0011629841497414,-0.0047354761557941,-0.0002386639359952,0.0001278145304448
2025-07-13,0.0115286345807187,0.01063280064585,0.0002429385969728,3.4984384692342925e-05
2025-07-14,0.0077731009589946,0.0137004272482516,-9.244535970365603e-05,-4.226337239305103e-05
2025-07-15,-0.016811559095581,0.0414749504939935,0.0002913014126541,4.98258588068257e-05
2025-07-16,0.0050422162606228,0.0715121084252545,-5.090175218340116e-05,7.465540715836127e-06
2025-07-17,0.0055639258502734,0.0310880608849737,0.0004994579253345,0.0001151316462242
2025-07-18,-0.0114347112590365,0.0209026193596366,0.0006765768701975,5.508076914014873e-06
2025-07-19,-0.002045257237498,0.0132896211727968,1.088396178420848e-05,7.60207762887887e-07
2025-07-20,-0.0052401038489933,0.0449982423425241,-0.0002063631323196,-9.730188134236452e-05
2025-07-21,-0.0007539899191701,0.0013768033791803,0.0002999279791714,-6.521908089125283e-05
2025-07-22,0.0213158598562821,-0.0034472514888134,-0.0001262769909697,-8.051590130014367e-05
2025-07-23,-0.0089074264375726,-0.032036966562366,0.0002807434489636,-2.461359799514345e-05
2025-07-24,-0.0053331810177381,0.0216831535117021,0.0002050425748202,0.0002026702912188
2025-07-25,-0.0057868752833787,0.0055210410255914,-0.000290468497815,-2.560989742685525e-05
2025-07-26,0.0008388689032156,0.0041235740089928,0.0001096944852316,0.0001180045884593
2025-07-27,0.0118593131996491,0.0354904792458847,0.0002384284680425,-0.0001416011324311
2025-07-28,-0.0115484725571877,-0.0225827327573339,-0.0002647726079735,-3.963907026029467e-05
2025-07-29,-0.0019501748388099,0.0019305817938872,-0.0001303223217117,-9.013876879129465e-05
2025-07-30,-0.0011812779100555,0.0042198900971006,0.0002796747066084,-2.8905764899792222e-06
2025-07-31,-0.0185470642107173,-0.029374455392004,-0.0001833457690943,0.0001490692024893
2025-08-01,-0.0230399069107343,-0.0576692205683394,-0.000307546442519,-0.0001239896018375
2025-08-02,-0.0089040492942155,-0.0274552236205246,0.0001814144525864,-3.657670972046104e-05
2025-08-03,0.0130419486026396,0.0307156495483107,0.0003072640700958,-4.411305006392038e-05
2025-08-04,0.0077996375089297,0.0617771864078251,0.000143882724384,-5.058079641095356e-05
2025-08-05,-0.0075412511064945,-0.0288772984490625,-3.0556527775048244e-06,8.473951109945242e-06
2025-08-06,0.0067441260671667,0.0200837799471071,0.0001740720950889,4.6782519887286935e-05
2025-08-07,0.0208950264914723,0.0610055447172681,0.0002255734272334,-2.9277954712943804e-05
2025-08-08,-0.0060726846591019,0.0244504034303234,-0.0002815099401291,-3.826221217916713e-05
2025-08-09,-0.0019977328295156,0.0617001007901156,0.0003510404144144,8.985444284603886e-05
2025-08-10,0.0235104199888374,-0.001862772433654,4.262016108795372e-05,3.937974283640161e-05
2025-08-11,-0.0049133489702073,-0.0060862543888601,-0.0001807513497785,0.0002044275573945
2025-08-12,0.0118368214655073,0.0829368068980416,-0.0002097105477273,-0.0001306811496708
2025-08-13,0.027851144558073,0.0357234845263662,0.0003414242337006,6.272334663292843e-06
2025-08-14,-0.0422532597542762,-0.0444008109067956,0.0005455394154083,-3.4637412250032546e-05
2025-08-15,-0.0104747070990755,-0.0237323513575626,0.0002494072245552,3.001118440246451e-05
2025-08-16,0.001955812784072,-0.0027749106026961,9.486969994105846e-05,4.614774357284966e-05
2025-08-17,-0.005726436566533,0.0109230545049336,0.0001329804942928,4.054511823194956e-05
2025-08-18,-0.0085627459198777,-0.036261114868875,0.0001735477944119,9.785242379748508e-06
2025-08-19,-0.0286985285751135,-0.0566851569904792,-0.0006658433251273,0.00029785347442
2025-08-20,0.0055323404622156,0.0624525926879291,0.0001169046277988,-0.00015189132441
2025-08-21,-0.0141937734611277,-0.0256708956667461,-0.0001890397440918,-0.0001727164994886
2025-08-22,0.0383888699031343,0.1348701427482035,-9.261067041775516e-05,-6.234226419090642e-05
2025-08-23,-0.0130079140599833,-0.0111633719184124,-0.0001183905621896,9.683668544380376e-05
2025-08-24,-0.0179814618002873,0.0010844883502884,0.0002530606345049,-0.0001259494793696
2025-08-25,-0.0280069044730637,-0.0885803227072391,0.0001751132838274,1.0073175108719974e-05
2025-08-26,0.0083447062940039,0.0510425788192152,0.0003891546988908,0.0001271188482172
2025-08-27,-0.004543326839073,-0.020977958060378,-5.429441633260008e-05,7.885118137441537e-05
2025-08-28,0.0134013070180842,0.001180037870293,0.0002675594909129,8.30676406608501e-05
2025-08-29,-0.0390453054927163,-0.0328240809882755,-0.0003573514847915,-1.2358054664188424e-05
2025-08-30,-0.0003289512539759,0.0035458514924451,5.763401190285819e-05,-9.679335729648747e-05
2025-08-31,-0.0023247444288366,0.0039605777507032,0.000125016386103,-0.0001042234397994
2025-09-01,0.0045021907515368,-0.0170190382805676,9.235623921679044e-05,2.2867456225401505e-05
2025-09-02,0.0187295133651888,0.0028621446815255,7.159505494195376e-05,-3.4798056532224575e-05
2025-09-03,0.0079453892600349,0.0288348342764821,0.0007528721844175,0.0001516046078553
2025-09-04,-0.0122571019692393,-0.0343286371910701,-0.0002350097991879,-3.48209719216108e-05
2025-09-05,-0.0006004438126506,0.0022560660166577,-0.0001019572731009,-5.182393181959414e-05
2025-09-06,-0.0025396133868906,-0.0072921908209694,0.0001864130526261,-4.11376619820463e-05
2025-09-07,0.0043139330452275,0.0075910575757072,-5.722231792270916e-05,0.0001822139996967
2025-09-08,0.0096370248927765,0.000972630058994,-0.0001180727431137,-0.0001277804205007
2025-09-09,-0.0032406643170964,0.0005649437568864,0.000442784364629,1.4161336194035978e-05
2025-09-10,0.0179934850775848,0.0096039997530483,-0.0001359862387126,-6.168732969152784e-05
2025-09-11,0.0159404842000842,0.025785758607222,0.0002019059356244,-0.000121405029487
2025-09-12,0.0063461659805757,0.0557158211470054,0.0004641732234398,-8.387812822684394e-05
2025-09-13,-0.0028207825860983,-0.0096919142080819,6.165427316700151e-05,-0.0002100802038388
2025-09-14,-0.0042770312162994,-0.0122886430892902,6.300383355052183e-05,0.0002173355527341
2025-09-15,-0.0001101433635732,-0.0177808144712569,1.172409266040093e-05,8.477848564991788e-05
2025-09-16,0.0100599692222909,-0.0048106041783048,0.0003066411131355,0.0002963602332618
2025-09-17,-0.0020885737362279,0.0199461617054674,-5.4975006163716206e-05,-4.750376332394494e-05
2025-09-18,0.0054878908331217,-0.0002730063626189,-0.00012229197711,-0.0001826422202482
2025-09-19,-0.0133726692472314,-0.025928846528645,0.0002981770682889,2.3295676426286785e-05
2025-09-20,-0.0010441434237943,0.0028750943693471,-0.0001744355944104,-0.0001680715796956
2025-09-21,-0.003184836269171,-0.0065859252054691,-0.0007055573078144,-4.272787740169978e-05
2025-09-22,-0.0247367715126211,-0.0570933431214621,0.0010312076796057,0.0001180475946812
2025-09-23,-0.0080816784341008,-0.0085921544516482,-0.000255547424433,-0.000205261717086
2025-09-24,0.0114668825027123,-0.0025533209794642,0.0001530380039207,-0.0001247116114372
2025-09-25,-0.040405227692724,-0.0707800395327657,-0.001305493611337,0.000186658851527
2025-09-26,0.003811106245023,0.0427424046599271,0.0005072379544706,-0.0001320220164277
2025-09-27,0.0013392533289505,-0.0039382830976341,3.0302832521259476e-05,1.619549591475077e-05
2025-09-28,0.0172314296746154,0.0304443024240723,0.0007112653207421,4.70018987903822e-05
2025-09-29,0.0238375452595392,0.0184926289233861,0.0005044978502879,-2.5813023842045456e-05
2025-09-30,-0.0008928041890321,-0.0167312686301707,-7.620082538292011e-05,-4.4791500751104473e-05
2025-10-01,0.0357307423797617,0.0486377339756633,0.0003007050049377,0.0001795089236672
2025-10-02,0.0218144455715839,0.0312986682541642,-2.816730194105628e-05,9.478514329844514e-05
2025-10-03,0.013730738669557,0.0063263190759969,-0.0007127864692685,-0.0002049140171478
2025-10-04,0.0007244207953186,-0.0053626374262451,0.0001416628849704,-2.983989077447058e-05
2025-10-05,0.0099155387615511,0.0061649214177561,-0.000775604121835,-4.222749242773015e-05
2025-10-06,0.010007155858702,0.0377984561334387,0.0001652488823305,-0.0002296905003277
2025-10-07,-0.0280204050305556,-0.0514544125146107,-8.144322701064997e-05,5.362944915276213e-05
2025-10-08,0.0147667436045297,0.017379668700048,0.0003773207847015,4.891918584200891e-05
2025-10-09,-0.0126915020567643,-0.0352955939939968,0.00023214220471,8.619260139379615e-06
2025-10-10,-0.0767505109677005,-0.1279714212175166,-0.0013544413103763,0.0002121217300456
2025-10-11,-0.0238849805765494,-0.0239966988268759,0.0008166662905559,-3.8327521788587e-05
2025-10-12,0.0359213186810803,0.1049999420085769,0.0005919609005005,0.0004604898096222
2025-10-13,-0.0021653628016594,0.0196131273634312,0.0001452496455101,0.0001238657697749
2025-10-14,-0.0147015080033235,-0.0283461004090598,-0.0003321781837449,0.0001491847349
2025-10-15,-0.0207798647227771,-0.0336716284752613,-1.7887380314272493e-05,-4.896095853312884e-05
2025-10-16,-0.031918962348222,-0.0231836965685145,-0.0005795504831438,8.946285997339042e-05
2025-10-17,-0.0147656489858598,-0.0157579495710679,-0.0001640188567812,-8.348651429776982e-05
2025-10-18,0.0068830047863615,0.015305452054308,-0.0001176603165968,4.12662966734224e-05
2025-10-19,0.0077272037464553,0.0242912315179031,5.026619110031751e-05,2.417014208727035e-05
2025-10-20,0.0213148985633605,-0.0006365864603489,-0.0002150850937001,0.0001103887565909
2025-10-21,-0.0161371274191779,-0.0261320061221878,0.0001781477038068,-0.0001137993527605
2025-10-22,-0.0143158349984042,-0.0175246023723173,-0.0002687021027005,5.497711277648689e-05
2025-10-23,0.0242450642110531,0.0128409650451872,0.0001194686437132,0.0001666762272454
2025-10-24,0.0104962947861185,0.0205037074635716,-0.0001765629336935,0.0001286074961026
2025-10-25,0.0011496826730434,0.0051329660627421,-0.0002550880219943,-9.55255986494815e-05
2025-10-26,0.0292442767557529,0.0507776792052394,-1.948855713456297e-05,-0.0001890545683008
2025-10-27,-0.0016204792862624,-0.0088088271325902,-0.000178725476218,-5.7681650692687576e-05
2025-10-28,-0.0152676670891407,-0.0336926916217842,0.0001437524900186,3.620710690549471e-05
2025-10-29,-0.0223740864393018,-0.0196741913304895,0.000153437436705,-1.3078521002114209e-05
2025-10-30,-0.0192640533888015,-0.0253441627609377,-0.0001399154770959,0.0001676148615839
2025-10-31,0.0056862272990264,0.0115027054702083,-0.0003211307269136,-0.0002442344499797
2025-11-01,0.0087384509863014,0.0073615738493015,-0.0002111520360374,0.0001253527170152
2025-11-02,0.0044567664804461,0.0098131612096083,0.0005121977277704,-0.0001434102508669
2025-11-03,-0.0405286448440125,-0.0818944958931632,-0.0002370221006779,6.096729875609282e-06
2025-11-04,-0.0476273451281333,-0.089565022973595,-9.45391777322522e-05,-0.0003009016542561
2025-11-05,0.0182073147329363,0.0398216559721491,9.893745701022992e-05,-2.050972266162161e-05
2025-11-06,-0.0282523465987586,-0.0331813765077787,-0.0002452370415917,-0.0001427074751867
2025-11-07,0.0200613250857501,0.0368144683218927,-0.0002516747527541,0.0002476415088566
2025-11-08,-0.0069631793048758,-0.0098785625792691,-1.9644378870515232e-05,-9.073986370162484e-05
2025-11-09,0.0164333281824363,0.0525487300719153,0.0001802727516788,0.0002749806217001
2025-11-10,0.0171770834832523,-0.0036206433700984,-6.362768395756647e-05,-0.0001071769654864
2025-11-11,-0.0272386075908949,-0.0435339992478544,-0.0001851906533774,-7.17888428150192e-05
2025-11-12,-0.0195929377146645,-0.0003008645447374,7.289117988458263e-05,7.224435843530609e-05
2025-11-13,-0.0176105451900559,-0.0539439356477712,-8.746145474059148e-05,-3.617718058996657e-05
2025-11-14,-0.0571839776955708,-0.0403728290215249,-0.0004556333353572,-9.14998651941023e-05
2025-11-15,0.00465495773203,0.0203858015487214,-2.259229987817564e-05,7.804278198408176e-05
2025-11-16,-0.0110968129142071,-0.023236210154364,-0.0003801485663477,-0.0001055034559624
2025-11-17,-0.0262703032731055,-0.0219935489065667,-0.0003102083351682,3.042719095954233e-05
2025-11-18,0.0070260488045326,0.0323687192682731,0.0004270258570946,-8.663197489236239e-05
2025-11-19,-0.0141519572364475,-0.0321742318387469,-0.0004180330852029,9.775704786481145e-05
2025-11-20,-0.0586224042817913,-0.0650285116646315,-0.0002575780797666,0.0004482792927418
2025-11-21,-0.0210995339635912,-0.0232711652237133,0.0001709879784134,-0.0001475458608619
2025-11-22,-0.0061436199017345,0.0010297024894849,0.0001640452946367,-0.0001727772675164
2025-11-23,0.0201253794210686,0.0125746054223651,0.0002946577338363,-6.975160364244116e-05
2025-11-24,0.0204734303370492,0.0528467056264687,5.3196293571587176e-05,-0.0001527291524458
2025-11-25,-0.0087838934052714,0.0021072723344477,-0.0001146573942644,-0.0002520211414314
2025-11-26,0.0318681244650321,0.0236884152571705,0.0003967749241485,0.0001628253960296
2025-11-27,0.0125689237733212,-0.0040522732646356,0.0001822462685929,-3.291801393880214e-05
2025-11-28,-0.0042189048414689,0.0062148700752897,6.675830141530407e-05,-4.393272405517725e-05
2025-11-29,-0.001973215794907,-0.0131460106431601,8.608364917208381e-05,1.662399565432836e-05
2025-11-30,-0.0046640013728117,0.0004827881406776,-3.794445115997695e-05,-6.930076629190434e-05
2025-12-01,-0.0477420358842942,-0.0659527864814288,-0.000145988452589,-4.761495378769223e-05
2025-12-02,0.0525543846026512,0.0685783699710016,0.0001527021042033,0.0001957043878915
2025-12-03,0.0280321721605136,0.0629282176254546,-2.916266091158836e-05,-2.047785431506219e-05
2025-12-04,-0.0166353957056971,-0.0177624303832219,-7.381314496679286e-05,-7.957079747439208e-06
2025-12-05,-0.0280190615216224,-0.0353475208660702,0.0001135802697486,9.530513813500862e-05
2025-12-06,-0.0041475498387299,0.0055422535109881,0.0001009526239784,0.0001622249077852
2025-12-07,0.0079728666526201,0.0072543673186282,0.0001547507318438,0.000160527099487
2025-12-08,0.0057878224782742,0.0209973911658207,-0.0003066324277082,3.998025875195795e-05
2025-12-09,0.022924001747493,0.0611429135844951,-0.0001272892152598,5.089330066744922e-05
2025-12-10,-0.0092824470218652,0.0016264217595975,0.0001733059727749,-0.0001549940938492
2025-12-11,0.0063635608492974,-0.0265824663264099,-0.0001333922346593,4.621176892158712e-05
2025-12-12,-0.0229185550121451,-0.0480411381065907,-1.5954145924965006e-05,-4.660852065676397e-05
2025-12-13,-0.0060169565784587,0.010829810109765,0.0001507387978721,9.945675405882034e-05
2025-12-14,-0.0217334591202444,-0.0178240064390708,4.284270873997591e-06,3.968695937401952e-05
2025-12-15,-0.0220310916033946,-0.0316677830038047,-0.000237215665066,-2.10986263019264e-05
2025-12-16,0.0117407471609321,0.0003392458899076,-4.153615428801062e-05,-8.093715304102067e-05
2025-12-17,-0.0175048264468829,-0.0454882056866818,-0.0002313945560901,-1.7453063916380242e-05
2025-12-18,-0.0096645560887305,-0.0011920423332877,-0.0002992011159025,-1.7592079426232356e-05
2025-12-19,0.0285156928321948,0.0523415652234679,-0.0001827874187627,-3.706695194568153e-05
2025-12-20,0.0042135886255671,0.0002096269487477,4.01553387539588e-05,9.53267827687884e-06
2025-12-21,0.0032124929976171,0.0083783181470013,4.403069589545066e-05,-8.446163012650997e-05
2025-12-22,-0.0009040733014795,0.0018247387430549,-0.0003549258521095,-0.0001059111977841
2025-12-23,-0.0140755844181757,-0.0139663396780981,-0.000183540288967,-0.0001132316917294
2025-12-24,0.0012720506932114,-0.0056791725933839,-0.0001103908717485,-0.0001449457799014
2025-12-25,-0.0039857370844014,-0.0140250278947454,-5.432821826962057e-05,-5.346974582459574e-05
2025-12-26,-0.001682074100411,0.0079450260700679,-0.0001673719066878,-0.0001689636807018
2025-12-27,0.0062138805366436,0.0079170257263407,-1.6919797072863636e-05,-0.0001297825884118
2025-12-28,0.0006202220588629,0.0005332603930605,-4.717749406174092e-05,-3.442627386030551e-05
2025-12-29,-0.0097872270786849,-0.0044295378780986,-0.0004382822911944,-0.0001387836189293
2025-12-30,0.0147280239439295,0.0128287029754632,-1.619840048095345e-05,-5.684976348897058e-05
2025-12-31,-0.0097773541440638,-0.0011348582874221,-0.000260618587026,-0.0001345422657972
2026-01-01,0.0109455507501872,0.0115196830587478,9.430840777393664e-05,2.1232834736910347e-05
2026-01-02,0.0160734681101112,0.040845778585641,0.0008835129355832,0.0002147542107509
2026-01-03,0.0067916079623156,0.0008183205181368,0.0004308459909733,0.0001273055955781
2026-01-04,0.0083162381851959,0.0050611853546464,-8.582024445167767e-06,6.954273497232182e-05
2026-01-05,0.0286609512088068,0.027174346622109,0.0002530548064269,-9.523579687278882e-05
2026-01-06,-0.0013654122008665,0.0217500599276101,-5.824959662896344e-05,-0.0001314310173141
2026-01-07,-0.0273798449408906,-0.0396179705839935,-0.0001148229918436,2.696480185135908e-05
2026-01-08,-0.002886821499891,-0.0195806745160639,8.256098227633035e-05,5.083825284519096e-05
2026-01-09,-0.0083715382305258,-0.0065564253570597,-0.0002948358801304,-5.3225642137515706e-05
2026-01-10,-0.0039387218991992,0.0001287702107147,-0.000210969746247,-5.834927457693728e-05
2026-01-11,0.0075080368946019,0.0121084193537954,-0.0002857665817851,6.248747290606633e-05
2026-01-12,0.0019116900507233,-0.008212362078119,0.0004660814504917,0.0002356424029503
2026-01-13,0.0426887420525921,0.0720124350128814,0.0005654968605582,-0.0002566588806447
2026-01-14,0.0226167420119455,0.0101133421974901,0.0003383067631298,5.711157059783378e-06
2026-01-15,-0.0156683672719208,-0.0109378093696329,-0.0001453728460169,-2.047846950725934e-05
2026-01-16,-0.0013453719796267,-0.0061988240807037,-4.425953164835549e-05,-1.3994723168598858e-05
2026-01-17,-0.0028882135870153,0.004392499707581,0.0002000607746543,-3.487938121828225e-05
2026-01-18,-0.0195021539540221,-0.0080686968559772,-6.137473838400356e-05,0.000155478283962
2026-01-19,-0.0122555117305176,-0.0288951976317443,-0.0002262939099248,3.942721956079683e-05
2026-01-20,-0.0464408598780612,-0.0817073422469409,-0.0005956174436288,-0.0002122434643029
2026-01-21,0.004783239913876,0.0149806612592937,5.981000406605341e-05,6.925954046241496e-07
2026-01-22,0.0025329293542847,-0.0095336368892545,-4.6523759306944e-06,-8.132822732340864e-05
2026-01-23,-1.8705640436000827e-05,0.0015675375808503,-0.0005958167118124,-9.165088179898098e-05
2026-01-24,-0.0056384076369125,-0.0011902155226498,-0.0005418593850411,-1.8795772167611775e-05
2026-01-25,-0.0290196488906276,-0.0457554597488877,0.0002372370826451,6.596464866775338e-05
2026-01-26,0.0167770472389778,0.038849715533632,2.7831218645198123e-05,-0.0002542311549568
2026-01-27,0.0095469903791179,0.0325361622054287,-5.880234387929777e-05,-4.110475605600172e-05
2026-01-28,0.0005038405808093,-0.0048363341451197,-0.0002887562359981,0.0002419251164149
2026-01-29,-0.0517946493043213,-0.0643623792703015,-0.0003037399422557,1.299883348859768e-05
2026-01-30,-0.0104732230421879,-0.041638880806195,-0.0001895293009041,3.0312970506752047e-05
2026-01-31,-0.0691430048458586,-0.099708452217195,0.0002389821114637,1.2020282235237156e-05
2026-02-01,-0.02718436699076,-0.0748597950408235,0.000288110883454,9.20960443497795e-05
2026-02-02,0.0212350669683211,0.0334681338150672,8.009129823218453e-05,-8.731003753868339e-05
2026-02-03,-0.0417464363361485,-0.0507647499134603,-0.0005839690320409,0.0001377717053685
2026-02-04,-0.0376159825104718,-0.0381243638465794,-0.0006703878220385,0.000114870372087
2026-02-05,-0.1522291992988333,-0.1623410991952864,-0.0006107838190246,0.0001352451127192
2026-02-06,0.101220211524771,0.1249279195958539,0.0007797176182337,0.0001221499901234
2026-02-07,-0.0086573320896655,0.0134180600227036,0.0004708020769167,5.6256805807501845e-05
2026-02-08,0.0090486030557213,-0.0005148793578443,-3.485054947525743e-05,-1.963504613402699e-05
2026-02-09,0.0046697131650965,0.0074027646826368,-3.607140242564995e-05,5.6913652386973696e-05
2026-02-10,-0.0236558572533933,-0.040446099439179,4.039684095073479e-05,0.0002740210014851
2026-02-11,-0.0300538393907413,-0.039500500435815,-0.0001261022816741,1.6212075104155493e-05
2026-02-12,-0.0087891286844808,0.0035910434716084,-0.000152296106237,1.912269134581025e-05
2026-02-13,0.0334950597644273,0.0512018978892123,0.0003051321367993,0.0001200472617444
2026-02-14,0.0135197478770538,0.0184718591400707,5.13589929781245e-05,0.0001331383468412
2026-02-15,-0.0086745137294114,-0.0588901735013413,-0.0001286756056015,0.000171429358097
2026-02-16,-0.0024760323536801,0.0164226102545039,-4.500622593259757e-05,9.120210818181106e-05
2026-02-17,-0.0228044052465712,-0.0025288007367551,0.0003496609293054,-5.3222885330680986e-06
2026-02-18,-0.0144093613610424,-0.0190314159771648,8.489506792030059e-05,-6.13267102181832e-05
2026-02-19,0.0054003001621987,-0.0026189140907925,-2.4118768559563507e-05,0.0001595894305091
2026-02-20,0.0124130703165485,0.010970723826867,-0.0001138197681691,0.0001214040463531
2026-02-21,0.0037675526628602,0.0027316349263945,-3.325392365926796e-05,7.81508040413367e-05
2026-02-22,-0.0055639096277981,-0.0077643938631021,-0.0002456663181107,-0.0001074101445163
2026-02-23,-0.0494182974319713,-0.0533287098054319,2.229962819789972e-05,0.0001391207262348
2026-02-24,-0.0097886582279268,-0.0010262496013348,0.0003164888914558,0.0001649961759712
2026-02-25,0.0577322903209863,0.1036452847181299,0.0001545619012967,-2.9365702439212022e-05
2026-02-26,-0.0079100787423593,-0.0133002434902317,6.85325912927518e-05,-4.631173875650332e-06
2026-02-27,-0.0214151854239193,-0.0481998964227436,-0.0001255295208665,-1.4253076765864962e-05
2026-02-28,0.0175896597245137,0.0179432895780144,0.0001295026786248,2.293537130105021e-05
2026-03-01,-0.0244923270821753,-0.0129712271995973,-4.9652911835693396e-09,8.175766197912123e-05
2026-03-02,0.0453882389519098,0.0448227659847286,-0.0001530478241199,-0.0001389308450473
2026-03-03,0.0002103178511921,-0.0218552282288878,0.0002389982830773,0.0001053341977807
2026-03-04,0.0542040989440035,0.0703256359698112,-2.139847310931152e-05,-8.656828313615179e-05
2026-03-05,-0.0173921107391213,-0.0258160789050531,-0.0002153275617819,-0.0001552987680064
2026-03-06,-0.0395343313028366,-0.0455179591506881,-5.824729446049909e-05,3.417018031025591e-07
2026-03-07,-0.0197004526512527,-0.0043688816142763,-7.149744415877445e-05,-5.86602331163476e-05
2026-03-08,-0.020020458261958,-0.0164807892958373,0.000117828646379,5.738006943358525e-05
2026-03-09,0.035249436514907,0.0290137317656664,0.0001491484301746,4.8955655517589165e-05
2026-03-10,0.0218046267981187,0.0222672216402004,0.0003988131449338,5.566512889694622e-05
2026-03-11,0.0053274957598894,0.0074096382314487,0.0001106863294994,0.0002037207904461
2026-03-12,0.0069777047313504,0.0107956009998086,0.0001391934667996,-0.0001239862402962
2026-03-13,0.0039457673579254,0.0096672974846201,0.0003921246271027,1.697962368065958e-05
2026-03-14,0.0030148214515869,0.0024992104664487,6.763146128963263e-05,-0.0001041933111846
2026-03-15,0.0244553543928275,0.0379574597369749,-6.932034389954928e-06,-5.443178606503127e-05
2026-03-16,0.0268957105073811,0.0770890724026276,-0.0001060928328205,-9.64246438946111e-06
2026-03-17,-0.0117301757481885,-0.0138478415848305,0.0001955913950691,-0.0001069391184343
2026-03-18,-0.0350111092333325,-0.0502629310294865,-0.0005539886143808,-6.206372749665332e-05
2026-03-19,-0.0235883217046673,-0.0301836199865636,4.881995736022982e-05,9.898686182757774e-05
2026-03-20,0.0048312231444022,0.0045759457475076,0.000336504052125,0.0002051745081015
2026-03-21,-0.023947364673148,-0.0327220048440316,5.490964596127911e-06,5.288150438011132e-05
2026-03-22,-0.015974582327357,-0.0111095809324492,-0.0003040275547191,2.569751258569712e-06
2026-03-23,0.0422507294542134,0.047479785497759,-0.0001731671910445,0.0001382637809085
2026-03-24,-0.0025773664003467,0.0019920178206811,-0.0001261590557013,-7.506052849765355e-06
2026-03-25,0.0095951168451243,0.0060374677494674,6.427817301548525e-05,-0.000137532488526
2026-03-26,-0.0337166996524287,-0.0509737194550742,-0.0002793297884843,0.0001203793783599
2026-03-27,-0.0410510972447944,-0.0333876827303766,-3.662226815312335e-05,-6.93958635464995e-05
2026-03-28,-0.0030950597854654,0.0010541535404884,-0.0001968488105242,-0.0002432429853431
2026-03-29,-0.0060849121104682,-0.0047590122776643,-0.0001021805366211,5.741255292609476e-05
2026-03-30,0.0084337190549255,0.020787248555625,7.890234628293307e-05,-0.0002848690000805
2026-03-31,0.0248108132178449,0.0396808019259286,-7.77377287123534e-05,-0.0002100909892124
2026-04-01,-0.0014769962332282,0.0163786234789042,0.0002604143376191,-9.023874899484116e-07
2026-04-02,-0.0193542958309616,-0.0386985883138894,0.0002187493539447,1.7231283999854034e-05
2026-04-03,0.0009975313485807,-0.0013471590096793,7.274492971906941e-05,1.9221630719398663e-05
2026-04-04,0.0037108508253438,0.0061506727175772,0.0001190971539642,2.860803216641777e-05
2026-04-05,0.0230318018298293,0.0212513448463356,-5.518139955739393e-05,-9.740566655686338e-05
2026-04-06,0.0021230117880237,-0.0002453588140733,0.0001959686922763,-0.0004175732627716
2026-04-07,0.0421238854102391,0.0619955921324055,4.4393206504655423e-05,-6.22149472569968e-05
2026-04-08,-0.009421925841299,-0.0228873843649541,0.0002787515620166,-2.8204996354199967e-05
2026-04-09,0.0088322000069489,-0.0002040986278057,-0.0001329143627442,-7.022675217132918e-07
2026-04-10,0.0180231524751793,0.025601114597644,2.580075792647363e-07,-2.7181898347053792e-06
2026-04-11,-0.0010756903799416,0.0181049882007433,-2.700576338240353e-05,-3.99519577380294e-05
2026-04-12,-0.030653117064543,-0.0412906204150439,-0.0002165202021059,-6.88650702099941e-05
2026-04-13,0.050039083179358,0.0786253783007626,0.0006206992124742,-0.0001007015430796
2026-04-14,-0.0038835651572968,-0.0198592566082604,-2.388939186059687e-05,-0.0001329671021596
2026-04-15,0.0074523227185479,0.0157707356510916,3.62345048268948e-05,-8.532942431136248e-05
2026-04-16,0.0095723880846729,-0.0042444746282647,-0.0001754675302049,-9.304228546961986e-06
2026-04-17,0.0208427851952981,0.0307117380546519,0.0002531357884019,-0.0001295703619277
2026-04-18,-0.0165882656665054,-0.0289867851993862,-0.0002458272010477,-5.895611923212932e-05
2026-04-19,-0.022629725148723,-0.0370054555785321,-0.0001079692438001,-8.170036071210876e-05
2026-04-20,0.0211980193204682,0.0223033107413168,0.0001312652642172,-1.9491002508026007e-05
2026-04-21,0.0064210102627656,0.0058353937092128,-0.0002585148714055,2.3141067671844637e-05
2026-04-22,0.0271691478823789,0.0207986413821161,-7.025843088230986e-05,1.8590561431987302e-05
2026-04-23,0.0010097037629621,-0.0185977014621291,0.0001085672205335,0.0002563384411711
2026-04-24,-0.0129802418343636,-0.0064700393729896,-7.634487231668457e-05,4.021022211648994e-05
2026-04-25,0.0045913763079364,0.0016945684254749,-0.0001123656448379,-3.699965907765355e-05
2026-04-26,0.0112481549045762,0.0220532307548049,0.0002154734043111,0.0001845356233615
2026-04-27,-0.0185208645797376,-0.028195222077029,-0.0001985701886321,1.775876922533912e-06
2026-04-28,-0.0109916782371381,-0.0056020382502783,-0.0001929044550531,0.0001666457987345
2026-04-29,-0.0100235274997285,-0.0155111967565134,-6.70519542130644e-06,-5.452092614552156e-05
2026-04-30,0.0024970432668233,0.0015974855970186,-0.0001832072143968,-4.2923237583953984e-05
2026-05-01,0.0279377055387605,0.0174089953826983,7.507210962148833e-05,3.673893310990316e-05
